value_center_k1,value_center_k2,value_center_k3,value_center_k4,value_center_k5,value_center_k6,value_center_k7,value_center_k8,value_center_k9,value_center_k10,value_center_k11,value_center_k12
8.778608976007,6.111908695097459,8.698998468042003,9.002947581146046,11.082712292078222,10.24720564427454,8.724852037918817,9.264672741010925,8.93360521165319,8.115349628110206,10.199579177832524,9.092333338716545
8.901689484291131,6.589256062196271,7.765874505660722,9.479185995287368,11.558205855933005,9.226979565366758,8.530672234334352,10.003868482843822,8.655228105939797,8.98751892152167,9.507047356405572,9.711885530832562
8.44773605397512,6.716480507658636,7.69855569816514,9.976514770886581,12.083042300143129,10.112254229834505,8.200507013248346,11.079823792604305,8.649489387414647,9.209849267181616,8.994586671839395,10.014200116977406
8.316705257291643,6.6420740794617155,7.9026015495775,10.108514962255368,11.709045465000152,9.929704105953128,8.11896886608321,11.045117398829786,8.85350335978044,9.40763098927892,9.043004341222517,10.055429982365482
9.620468023054734,6.494118591353837,8.05364651997645,9.002003626425525,10.402678183518448,9.615625858456873,8.665623548290023,9.702871519927898,7.99589405051846,10.521969454682646,9.796613786045855,9.704426214963444
8.301970708701688,6.576974329108759,8.288846906601897,9.786782240792554,12.189974943446458,10.156062323898727,8.962083957608558,10.949138223208505,8.828112772501997,9.189690446476627,9.215248522358081,10.148518056949086
8.660550066732824,6.679235850275845,7.749933965815083,9.981660850721305,12.240754589465842,10.298450901939702,8.33020174605988,10.832663081752361,8.75065892922322,9.218412655745745,9.65153533915804,9.953589031671784
11.025567454762667,6.977924076768406,8.086229345531109,9.62129356939213,11.477505574767083,9.655713865371334,9.168344803896181,11.122086333660393,8.537288230051537,9.089764001419505,10.537501286396989,10.420634592897756
11.434054372050788,7.830360926896618,7.649254204654379,8.773184047658834,11.830534858080863,9.657193499431344,10.218101645598455,11.763101968071236,9.05497783016159,9.069354750871078,10.03542281151863,10.604065636977715
11.130152236145344,8.11971900587633,9.966666962828356,9.672577621731175,12.222682283337255,10.491784419506647,10.20551237437857,11.412170791771054,9.029824735371605,9.521243989704207,11.109423699851554,10.813348823019403
10.155108661751798,7.228592102899009,7.889994589135393,9.623362587471824,10.694494655930018,9.936502831764926,9.159874700281,9.650488606254827,8.390025137927084,9.75970858948997,10.262728530015904,9.919342432474345
10.10368757703213,7.4252097542376925,7.730879839688353,9.320104595066601,10.816057813754966,10.196200352709292,8.653090982162155,9.813761132883792,8.171747650134064,9.380337363473288,9.738731748025534,9.701068560688645
9.782780062764536,7.579346099648903,7.739706694967882,9.412870316577205,11.003921044406027,9.913044167872814,9.010938196303915,9.92627707839871,8.48833868250861,9.617729640363189,9.713660706308618,10.016854942047198
9.239262393393059,7.28072966618893,9.672957505252226,10.13077598011941,12.440808986718624,11.112247957791975,9.502282526531804,11.007450145180858,8.69107390291641,8.758217992006761,10.114818426434484,9.96755209935496
8.404243608398536,6.3765587896560385,7.639025539454086,9.505142504709994,12.387815351400729,10.169225430664662,7.9684432890898655,10.74869607746384,8.365447690496659,8.954051984041694,8.724462451657116,10.077712969821718
8.310318127614426,6.541029353736388,7.721246121957647,9.742968442815487,12.359057099869743,10.152650915491513,7.8157153892284414,11.161278055860159,8.597650855343405,9.117472464458507,8.684885623448627,10.051872175668683
8.83319722267044,6.2070954035582355,7.73248311584802,9.428093635976195,12.364430431059219,10.02368762113302,8.418457866564829,10.024180794736766,8.144771604282136,8.728273784771995,9.171793883992072,9.671072250242021
8.243993929531879,6.173988561921384,7.784780705347877,9.804238029382109,12.354463167081628,10.02099837778993,7.79090181177989,11.006182345206502,8.46331807677313,9.077784648636902,8.756286372617819,10.02331214190649
8.553056831463309,6.1466923879590984,7.763073279224824,9.648096053502337,12.154948908647617,9.890834630809087,8.203280462614124,10.175207196525292,8.278295636392595,8.914450319597133,8.903716483809863,9.814885886591373
8.110508741835593,6.201308532936313,7.66602648899912,9.949312894712735,12.350147524199448,9.943704967561695,7.619017806758163,10.904274554088142,8.493748930095892,9.191142128020907,8.717371331270252,10.075870938352743
8.453084491335233,6.095595672274443,7.867985220838486,9.568438031573281,12.182229890343951,9.90880016645861,8.283506699912307,10.015770935636741,8.098498926817792,8.444868680519242,8.893060555014092,9.669879232126622
8.496176259117837,6.192970765269819,7.709970844086235,9.653046717023786,12.220620760764039,10.109003875978647,7.928749576407601,10.62979611425716,8.426503880203246,8.941479932025846,8.955694548756389,9.999659693468267
8.06215600767883,6.423032221564974,7.734035649984562,9.817208819237486,12.114172468842474,9.987992258060707,7.881599796844074,10.730171098704174,8.805242151692674,9.225810821435958,9.186098333282889,10.022458976695138
11.392271930928949,8.701259279405072,10.265160895923254,12.827238294076533,12.251447738194761,13.678464000851347,11.424406176105185,11.912227694895957,10.052004937463975,9.424048234908339,12.010446176696718,11.485605430177372
9.179881570882255,7.498842624415376,9.571545005117866,10.295622348733646,12.68250406059773,10.610599515665356,10.316638741579501,11.123348994753051,9.170317147603976,9.733939137725972,10.870699488815216,10.858867585447253
8.385330593504653,6.516375948775028,7.649391917885597,9.86859004904505,12.39001210819404,10.232896476425717,7.8216513890107855,11.128081003724747,8.588050577673226,8.996373539375304,8.726748499370919,10.145953789406509
8.412670573196984,6.109754447723101,7.829559678057713,9.609048996368209,12.144019048295496,10.055499905741714,8.161510783754839,10.300574869637613,8.29246878350645,8.690341811441876,8.725391395478484,9.921032365205274
8.092165082461262,6.316048207691283,7.711996138551112,9.74198637859329,12.393378967524121,10.052325192946325,7.623789883368971,11.083030980440768,8.635704783358713,9.269225797967279,8.735569374156242,10.008580943865988
8.260752119043369,6.266323892779369,7.699627481282936,9.67979752930563,12.350926360698422,10.088308192932509,7.771682151475143,10.834409948875733,8.542012161694187,9.176514706030272,8.666579578132401,10.083791802221675
8.936526009372098,6.629095469537176,8.367864916572186,9.77511704957372,12.139318619125385,10.197580010775033,8.580477862966196,11.834301422490293,8.646699761595425,8.917876955193755,9.016612398621424,10.442547292326356
8.281610987677398,6.146269645907924,7.813224084702404,9.718764568082946,12.298501162041081,10.07806716154639,7.755753284667238,10.68760197735371,8.507384571289137,8.884435064154564,8.757417886676695,10.018952567574692
8.752454673124406,6.270665247164443,7.654618093760926,9.359997450858678,12.000117713054852,9.96877388656016,8.017703010106997,10.378645473953963,8.123618401999511,8.793411822423455,8.872609549460515,9.743641340774012
8.344189987874064,6.227878463585065,7.65174259371543,9.562221464792032,12.272812715865264,10.0814833080391,7.790964756703784,10.777952003874068,8.572149909146493,8.971417652196331,8.655308537152727,10.059824145938144
8.223381791263952,6.183937220637341,7.881766049291608,9.410397955416686,11.967620223524461,9.936961352762955,8.364329995759,10.495494711457514,8.726808496967273,8.905820133347923,8.792630267384608,9.894858042078182
8.172690147218162,6.369831764592373,7.860049811148324,9.67930507949315,12.226999468874126,10.031366572658857,7.758082614505608,10.811116956997747,8.619454323882842,9.256808741879649,8.62972981758366,10.067030816532533
8.1036171873273,5.9557337353684305,7.885589854682192,9.4183505830189,11.862100104987224,9.781245438034288,7.913761384283092,10.496532999950006,8.346883540266843,9.003424319260743,9.355866747548946,9.851615284101594
8.274594944767681,6.215927023829497,7.607378540281695,9.756687504034273,12.109477204177178,9.962853135972237,7.986288790999703,10.944834866332682,8.642048893121094,9.09863389931188,8.894073264630093,10.082915942831859
8.829964101167565,6.076951770464294,7.681786967909652,8.303999521971978,11.342242220425009,8.965945946003654,8.064983977997572,9.22841098863107,8.58096086134592,8.934077409356115,10.474119936567796,9.728361026392625
8.216359758600872,6.854493910591197,9.012257850797345,9.706503195964878,12.265532521606724,10.15329079005212,8.826604272420937,11.088828874455826,9.090451857558874,9.426398196385193,9.564109190314468,10.234376786380382
8.637822100330498,6.01674434070311,9.010936905100126,9.268789641914507,11.88305514322124,9.42292409544883,8.12166624041089,8.934090127941118,8.589962926366471,8.575223708174999,9.993090227807903,9.930379870296798
12.703383739329851,8.580869740895317,10.805239829140858,10.170418871344129,12.088013629249268,12.412515253812327,10.062930948282599,11.217740388245856,10.135722804093625,10.648316981360235,12.49167192492423,12.338368832630042
8.289685897989743,6.736788954601302,7.7857460486531425,10.160175635388406,12.168746423344531,10.05619893230462,8.212957059591952,11.343278798069955,8.700251027301755,9.449165824517078,9.204791587237953,10.049490617242986
11.880734090966424,9.235674521528582,9.918703781374692,9.76669417005897,11.880323906410746,10.767472442267097,10.566521444751812,11.56054392421949,10.638993332412216,9.397409325934264,12.493587932394393,10.78117620132951
9.0873110695651,7.469404216369624,8.456372662875255,10.23632304916796,12.84314955967973,10.752167725792322,9.571146596780684,11.430427161583069,8.751756794026747,9.073150011992562,9.979434399734922,10.003839669908647
10.3007076004079,7.103622681987233,8.426643765592766,10.016271227748625,11.583749011657035,10.461899887354706,8.74108884478992,10.794039487122923,8.499672910745286,9.434889441480113,10.48183343195034,10.089414465864028
8.209368069383316,6.323339174029677,7.675063901825743,9.898749345233945,12.096984904904039,9.981551579936454,8.14866969392444,10.690935724335194,8.77193256770203,9.472076935142553,9.366506653974266,10.183902142992649
8.401822978649198,6.074986502165268,9.773541290702694,9.474278449655333,12.342525070670977,10.36697809457063,9.182319913363276,9.473572051915294,8.70556321449878,8.380492350938873,9.198922932743539,10.119755607524958
9.862947013899786,8.531074495115552,9.232509012294255,10.43014084267458,12.50931431291273,11.013803886693005,10.801498467441627,11.900308363673684,8.90591132933904,9.039663113141247,9.966531887364862,10.572952786884615
8.566155648300342,6.812503697811639,8.021718719847922,10.064176665766071,12.452340751319248,10.341401786068532,8.365207381481051,11.45382739901909,8.670835430125356,9.172381844548376,9.216933268491346,9.99617023379544
8.593516120638954,6.882480386910533,8.483976070613288,9.979436429429995,12.316082691248043,10.499729130517427,8.505330538881134,11.112368991079377,8.619025738288277,9.273621915755587,9.691320352313266,9.904259804962988
8.571421257970002,6.785487943078284,7.845071808889708,10.080538545908675,12.102406708051904,10.029787242098855,8.297572418888034,11.438188701333031,8.732595960274606,9.194478596474639,9.357921457180982,9.994218987515364
10.527933554278253,8.80463226137365,10.86313309142997,10.406327847056088,12.842024859798983,11.798073345506536,10.842375566512688,12.117734645109941,9.907683611487803,9.481306744597024,14.124774918002883,10.309728569565586
8.728333292082711,7.087244217980437,7.647200221115483,10.077341311512088,12.373914665865007,10.365733524312665,9.226583266971534,11.257614157269767,9.023435772311649,9.064186227315377,9.284246224688111,10.136983548076763
9.273372061285972,7.723147754332064,8.835347248878149,10.080697655689137,12.942741481829946,11.176548511580222,9.618314205958704,11.852956978818462,8.916684161984943,9.222178548791568,10.213609272046343,10.472767683797775
10.726669444688067,8.118241519934001,11.268215470802625,10.315997789590062,12.95474819894679,11.025497426478944,10.37123539738922,10.949514509230983,9.131298031513728,8.861553140378444,11.001141817691906,10.313955503021328
8.468824731331967,6.784586987988816,7.879337829622741,10.434299312847743,12.361355048521103,10.145092522279386,8.133478952121756,11.58213957721066,8.674538170548246,9.367501098365878,8.908068742931675,10.037465358758283
9.039010487142892,6.909443811821047,7.660779030960433,9.883124699235175,12.157050336858289,10.282316483131476,8.487309130568615,11.110085849990243,8.614352716710982,9.00329792090376,9.349048145149004,10.102566834024612
8.331041652353841,6.612065768200746,7.89784051559875,10.18073070936267,12.304256794809906,10.18497792804918,8.257260388473675,11.553988717862678,8.614980946878028,9.324891334592035,9.151324569759266,10.075036128478319
9.879944691334813,6.731446170537699,7.949639197136287,9.511816642686647,11.33978953246417,10.10015476733041,8.60010379031965,10.17442166571742,8.197240891211589,8.861690103228794,10.179144280359333,9.823494122157244
8.402141119126798,6.75420746953914,7.7447338649832895,10.476056731553703,12.437034908609496,10.219418183291683,8.044417981783345,11.54949235481271,8.770736883729285,9.317602588054747,8.948763602522336,10.118342053736201
12.425020280837053,9.723410323040138,10.999155244244623,10.227258230622217,12.690145441584326,11.154284655760067,11.588405239062125,11.27542582457445,10.813941185662294,9.354800868367033,13.602085380297861,11.293042483868481
12.186719310603802,8.222138635189367,8.46630486637454,8.727084668324986,10.69991354402715,9.192907458582916,9.283045250391716,9.84887159711452,8.564533942619612,9.579144806924758,11.64248847461415,11.182474841052715
8.960816605907935,6.869428970648974,9.02790916998341,9.667500411128906,11.96205374558994,10.6348501035178,9.00481382643107,11.744464362330183,9.055110029174118,8.935159338337387,9.971069330895158,10.370584819589086
12.290199982011753,8.868365414592388,11.077399743874203,10.06352360551074,12.10524660345967,10.866703891720523,10.54550268617473,11.234557085291636,11.331694183913418,10.23671568155187,13.77741750294599,13.645103635495808
12.692337166409422,10.787179871296123,12.20649819809672,10.19209078460383,12.956305139137543,13.406798388954343,12.087056920099613,13.674918755297504,12.433780051504064,10.240639382753931,15.099872251391568,14.036694133141973
8.672997009212864,6.93371157312214,8.82811982923968,10.192548340689088,12.167646947206284,10.45056401754877,8.844681820996781,11.525366953874189,8.617990781482268,9.674622306054138,9.750107292325415,9.899088096986121
8.333333694197705,6.257464971226364,7.915101832639491,9.383282135189964,10.852718753037859,9.657994521009044,8.508325012451177,10.45198280196417,8.480791430879984,9.875625992535456,9.813151444536592,9.81615094458827
9.107174379521693,7.1580882645826875,9.532873788374962,10.435967046147729,12.54518173447591,11.252986075794402,9.314770303032258,12.755866046181563,8.998754157236412,9.044036399619522,10.458055787725483,9.966675699945093
11.044174548577335,7.366985564316131,7.7801168036862824,9.293048054558259,10.924562191458909,9.612345465609058,8.64398024910831,10.005502161774091,8.112029538686976,9.194998499545607,10.27238689092244,10.012814616075907
8.330820553233876,6.2335576058466415,7.764612304105818,9.978866690019817,12.338201206683037,10.24490586471542,7.978525595263777,11.081822580622221,8.51002519963852,9.028434295365651,8.788834309841745,10.029030057288871
8.237075821301696,6.148303676793561,7.731838664924327,9.886288576976359,12.339023575054775,10.142014126185508,8.181872361293065,11.113521684287019,8.656606018361225,8.985442907959978,9.106846280241014,10.005167030528359
8.846085862976034,7.213260279189495,7.7262978996305005,9.635023305770254,12.029522227297601,10.353910424427454,10.355401851700336,11.96925818880527,9.257507330661635,8.84902026948543,8.91681432883897,10.69833173849292
10.136070473021539,7.30246067128784,8.975937073579365,10.282442903338323,11.547522362712003,11.609322085565756,9.360468820746082,11.987381526510713,8.973909738486004,9.651419859491321,10.663426926881165,10.892568424476142
10.064804941764352,7.34907314808437,8.471111415415981,9.865434242167817,10.956851788407617,10.028252520995336,8.850237283330708,10.341274402884121,8.69350710843027,9.835575690061457,10.304405976628853,11.028774154444347
10.721429574841558,7.522000217038659,8.81078917709607,9.92864813098576,11.358464660822305,10.510766231577882,9.68286213666502,10.908198380795595,8.80436837460427,9.909640599753832,10.32383694344842,11.508276214543027
9.438225157176554,6.492711316665345,8.703531442172805,10.128900626306306,11.987167537804789,10.289612562419125,8.915445781582513,10.975855596391614,8.737204396965458,9.671557012061708,10.31081769351107,11.928396429510327
10.788529979411269,7.260340119491384,7.872863515196497,8.328041375350598,10.03178314289115,9.386165305869154,9.152011522026601,9.953268185324015,8.320612726347878,9.392067839691864,9.42062730524127,9.799724255109718
9.053042829227515,6.546732852871494,7.810821764634584,8.637100543290089,10.770567700788725,9.368816471665356,8.806419614776043,10.111361022774028,8.626095999392778,8.435221654667073,9.346465345398256,9.747362461921467
11.139748575142827,9.053425525928127,9.412041964872795,8.395246231658396,11.065545669722146,10.831322893940456,12.658104761858393,13.771591107012245,9.96034838122013,8.842911780004698,10.293394618130755,11.43620404989517
9.270383153320074,7.263280276370341,8.658364398298188,9.890963590109703,11.786908103423094,9.84689601317603,9.137400049855836,10.776279272830298,8.731704848558648,9.34380779771009,10.11670376253927,10.23909143450919
10.399812377415481,9.167934663508706,9.15613335348573,9.746037385170068,11.833465925347289,10.906556963525185,11.81527579447699,12.323224617719863,9.999283140129455,8.698077985655184,10.17916141329152,11.554687025304087
8.250500206259769,6.091286058508818,7.9941376663656065,9.670031360132896,11.692624418889,9.946544526696663,8.404361279594143,10.068049125758465,8.452511194756752,8.592247603860255,9.078909458165741,9.549020815644958
8.931217799099189,7.197891767210432,7.841927316001014,9.628816997125726,12.251242127904538,10.729043668576141,9.619174976672232,10.861651349659036,9.116132332276766,8.807591905798471,9.363166315695794,10.612387197211442
11.457136385409889,7.252483490380239,9.379098013323791,9.345394122666981,11.317135877780673,10.03899474712471,10.866829160132637,9.611508076340671,9.045004476306845,8.026905333896648,11.213141466990226,10.090334320073941
9.951844564795852,7.301190067603996,8.513456416821507,9.45182275569528,10.966877803701337,10.846955008266235,9.500293154672269,11.041279058211094,8.718896164423933,9.220230150521363,10.51224454193889,10.803840032921107
10.768815159187454,8.398365396227925,9.35505536549646,10.575396212200504,11.69264952898731,11.90789686214697,10.643039388045302,12.674805863931562,9.83945292104662,10.654107931444235,10.86181972761846,11.508158272580603
9.35809416485827,6.17793307091792,7.604342430103129,9.393269272171512,12.138409222978474,9.664101215861423,8.161112181937298,10.127429980418132,8.20472338805499,9.209570446326667,9.60674712342586,9.97236321001972
8.271952709501697,6.2642729595028666,7.835066704271404,9.807107839182313,11.870506222421081,9.927215473944239,8.485526909110703,10.840799109541672,8.76136386213025,9.38508088192954,9.48632770193546,10.13600199512429
8.765149760222199,6.275901607647899,7.980215627101203,9.883325660279747,12.554397574548664,10.433833526840136,8.488830061309212,10.824290347871752,8.796330844057854,8.916912130329804,9.014633440163973,9.689675871430174
8.10840815109873,5.8340498932781,8.09553292124213,9.393199750371211,11.612847869558658,9.97991453116468,8.080485819117436,9.99596634442534,8.596670840443423,8.788385614239536,8.851522309380226,9.561796375738043
8.30402497898854,5.997158486143353,8.245023630432822,9.164354083564143,11.953449171125671,10.004721545886433,8.093800856894436,10.178513474119312,8.646180355181611,8.5411146660138,8.907304262535634,9.683649835101146
8.380719166296235,6.755585291341574,7.902517696775038,10.100685949428698,12.393432461561519,10.24652036020636,8.387579550423366,11.54147561130253,8.752122914502763,9.047185832304637,9.07805202209982,9.963558780372782
8.597880255822789,6.687215685099603,7.756926827372513,9.76999851216963,12.086203863639334,10.266556024600565,8.707583801282146,11.279507704131177,9.002384620927513,8.744778902494765,9.085562710191379,9.935470609651789
9.253784851686094,7.176094101646718,7.9557566722125,9.341034338470335,11.695315904753901,10.34700653914415,9.704677762937925,10.89664398579521,8.9580157615818,8.272649685347524,9.262714867014148,10.169285526830643
8.622819068022489,6.718043999044459,7.710582664089277,9.992229738825404,12.431156832283266,10.292033662040113,8.361495787766945,11.337223726284964,8.9528112178847,9.174102491730935,8.84573496463634,9.892639598319404
11.43387419929854,8.492897695442434,8.572972952178212,8.672811601505293,11.491636631068975,10.21464868554926,11.293088889185904,11.93399768955459,9.896543848919583,8.619558967034669,10.549486749276344,13.994156940712465
10.0285018144775,8.684425815011945,8.331669413596764,9.613868043481556,11.682577193320625,10.250733779161305,11.065270269763632,11.50845131438751,9.47322172464469,9.101664655675945,9.34834121923456,10.852656282583322
8.563730304514557,6.866996406270927,7.610805908372456,9.694398178155614,12.499951698168472,10.698819546504199,9.665545597257148,11.132403734203987,8.953356888861174,8.709948870683407,8.865302048830635,10.157112509572931
8.351375651867444,6.108047871338742,7.969279361866237,9.43683729722187,12.015455693351823,9.731199500455299,8.150498861735716,10.025058120203775,8.556530587195969,8.55985554680887,9.085650559366515,9.656237288076914
8.023810783684764,6.252274764275922,7.91469490849557,9.483166864419571,11.913176192669852,9.63025561784431,7.733200618335044,10.679209136080862,8.683462206310207,8.924804898415385,8.828756363271868,9.951570826029599
10.227041118390355,7.469195462145252,7.783120803772269,8.216729834659553,9.853480694901254,9.828606877824729,11.015724176991947,11.434144727320053,8.906470846616454,8.161107164067387,9.787433389670193,10.60084357937769
10.019429737669336,7.6527239523858706,8.164502811458801,8.051950941284673,10.224270009882273,10.179002320015629,11.533994230158283,13.113241398565712,9.240051253591773,8.10047312833879,10.034522910765066,10.690129196514722
8.979140513130767,7.162402423644693,8.367970157420205,9.771555635175018,11.602686712821026,10.147496011668562,9.316760432045445,10.778687778440677,8.874201009459874,9.02989243734587,10.38399124707321,10.59731374254077
10.274564865274096,6.987255878687875,8.406160398116345,10.115575732541588,11.750313262422313,10.447964399166903,9.578754568373817,11.020865365064243,9.065145092093498,10.490803145003113,10.909233846742882,12.830984434949128
8.482867337209276,6.362338872538393,8.299770796468204,9.800334171884595,11.6329668917069,10.248932551291313,8.589840500723556,10.923673693084192,8.730898334738892,8.328017844341106,10.06949208913685,10.131843696104298
9.093117344527585,6.622131071224923,7.969810666090657,9.658525109085168,11.210386474781535,10.258553096825928,8.744290000769103,10.758375222968981,8.555137376903891,8.967416275592498,9.411433670636924,9.82501669333535
11.193464766752436,8.615212998387584,8.659238141913047,10.334962918613183,11.368211256487847,11.76566142949896,11.612993242196985,12.785589771768782,9.388790880326827,10.226580264873837,11.923025427797683,13.869693434423258
11.30256974263544,11.529710396826701,12.32437331274712,11.116311448298442,13.321990569291021,13.770860138507324,15.073444277740906,15.242307499711682,10.755957271909228,12.81642025575226,13.929044370543211,13.845943484532679
10.935595595887058,8.952129378034966,9.47831318633724,10.744120230745462,11.589400491367577,12.10650178393392,11.480832007908653,12.723547228451372,9.9185716223072,11.156882964627716,11.473849659157493,11.871293059745375
11.214853294552942,7.59023919468163,9.889627705727598,9.9747310245243,13.023237500698299,11.269635464774282,11.323636000008063,10.158182319292951,9.522273937432418,9.06509955013761,11.291258026544018,12.385893122361718
9.689533288558955,7.930895395008338,8.963186865526447,9.873576216736952,11.8100278753081,11.080749322224948,10.041907088335615,11.693751746137224,9.179288815221815,9.13199755132339,10.571461540754118,10.666415440021664
8.530769535091803,6.032286730801678,8.009945602224244,9.192174467135082,11.328507942911012,9.288618166267051,8.257295085501,10.069857050790066,8.680141834084273,8.203107850221336,9.010662673508328,9.046194630973938
8.20133692959747,6.032349401523677,8.044346355283777,9.494273791093258,11.757481844213189,9.724895757380077,8.131294667754007,10.608246418176746,8.508320207696606,8.621915704162465,9.05058776191719,9.68896418244725
8.281922327714234,5.954750775652648,7.9732237957336975,9.229416563646774,11.56663608614362,9.526516502303929,8.403107524494756,10.260475320893335,8.619361639151569,8.521472685623024,9.035739064830928,9.614687504896578
8.330677352425154,6.598347496859114,7.743748084167867,9.274651172372572,11.751381969074702,9.701516711624194,9.808603756911316,11.764423222780614,9.155333257309504,8.64890609749006,8.874753268890503,10.573708630445713
8.216148301917105,7.443974996350611,8.113283023267154,9.617888646390702,12.081586422942706,10.18722303287934,8.656776679847251,11.58066865788541,8.794071199819804,9.207672046667525,8.954779543248875,10.157461502524086
9.434732463115571,7.489935499536496,8.276378118730559,9.779281699499812,11.50759255324473,10.164838667593715,9.464806193937882,11.568111512884245,9.07613032387472,9.525742837194104,9.804439788356667,10.981542712580566
11.812232119229803,8.954199536600767,9.889783174259948,9.617461585004932,11.19813761130346,10.896511280442773,11.959628798999635,11.437469384239588,9.706759743290611,8.554677742107598,11.055250835942438,11.061277685402047
9.945599498618162,9.258985748251613,9.067560227407956,7.935922402785069,12.225597651360237,10.850365500117165,14.589948958098809,14.533695755596806,11.014299283462806,8.135117333805807,9.151966936423692,16.689632526595275
8.820589968000236,6.693281449175387,8.17700070432535,10.176205408230208,12.34417584361895,10.259528218307109,8.568859392093286,10.855581438155577,8.764361298851263,8.817695517321294,9.09257375797296,9.941246805150023
10.130765783738024,6.873916380477837,8.064010496763283,9.848598985940328,12.08158708786969,10.109767165011204,8.996125912137474,11.434605258703186,8.644944542097194,8.240973693729549,9.69892420406433,9.825643240677552
12.907667545019073,9.565968636790483,8.396270977997112,9.297722277222611,11.037260961685707,10.367429309859284,11.271698576397354,12.245715097656364,9.707411721111026,8.444398533752649,9.385456053671467,12.159272456335993
8.78438732801398,6.89511631301397,7.89299874158238,9.516609745412918,10.603210181195134,9.779495641196581,8.613815488137897,10.4934312114048,8.332545274790634,9.552165970441914,9.318023968247541,9.961986826859698
10.341529027886464,8.196432383152818,7.6601944909153845,9.527883579996816,11.478858552223162,10.710250190379023,9.929370271912251,11.996145458469034,9.14196933990628,8.707674622264081,9.071780235912014,10.04631430977152
9.40596137498382,8.052146195780368,8.421541102784916,9.594166121249616,12.234531561292295,11.169313189433284,11.01678207894382,10.801466452552717,9.797037355471153,8.420785659406052,9.479239291514864,11.21140147547664
8.501202016706497,6.464963890689919,8.879662924809244,9.229897536650691,11.408035114173385,10.453600139706339,10.72228244608525,11.668526985252317,9.042690704079787,7.926369760129746,9.717027767269938,10.037355973666012
11.344095031343345,9.568753394683634,9.724510716943774,10.364250925644832,11.515736745966136,12.207019614973914,12.081515797366308,13.771886995176216,10.244464449249714,9.602014786614317,11.010243722905262,12.680753954069184
11.90147089454381,8.495982315681458,11.009136911134759,9.682207436187877,12.836914253056703,10.332784089467763,10.699018518893375,11.837404895227404,10.925602652212563,9.353538994891373,13.436428041919296,13.6405329030081
11.069254344012636,9.26487326378071,8.779455466826429,10.449547521546355,11.034474090593914,11.924550001324235,12.069449347848705,12.358673371890339,9.408086872710617,10.452308444087146,10.979244714361899,12.214781714874212
10.252849909216684,7.84233917780657,8.756373763500505,9.907062401343325,11.080685867375022,10.480830717624201,10.049024906790065,10.463347629090714,8.715273189644309,9.809969113568252,11.221881458069277,10.860628124727782
11.110256729156152,7.823288901944091,9.4739726540331,9.97879961757165,12.597942993784075,10.67337967837463,10.835820431166422,11.165542118605787,9.583818054606224,9.27714497965604,11.369418029709811,12.255743028253873
11.320671597123118,8.383525714419976,9.543760663957556,10.053440556432825,12.451311924519116,11.226547464583506,11.377262782202767,11.191445807075153,9.661721390949191,9.436616483667462,11.378591995681491,12.326853155630312
11.701924866862933,7.657795605906073,10.728516490195103,10.19681060145968,13.003131009305411,10.913059771263628,11.908648153449304,10.19731594857313,9.33322678650445,8.929224440054266,11.250728961419362,11.922767937818984
10.929605338022913,9.06961471791135,9.236670931138505,10.58507600007485,12.243713010877686,11.436076896932848,11.434399775999005,12.720755932930272,9.456996106442451,9.336163688503405,9.809822300512728,10.885264823203482
10.256616975676078,8.324390856552851,8.388772017805216,9.68856144529141,10.943694120061014,10.348544676973901,10.518130008310418,10.52248514494558,8.846567424856518,9.071515051313414,11.269786986916973,10.783301653043596
10.753911104280721,7.803923118090648,9.924518061297844,10.250067673014634,12.832862475415343,11.24753639220767,10.809857647267217,11.829793412633643,10.03893810652863,9.522204253695204,13.588082600464816,13.186727821411315
11.111359420550276,8.303415330534,8.38470849163756,9.823183894002696,10.637116592659886,10.468923658171935,10.152862914301462,11.695716759225853,9.081781888466235,10.321357213048776,12.194754825170648,12.75115908471391
11.179298248414405,9.649833389289565,9.745802473199351,10.504382985332883,11.531113138586623,12.10613204691943,12.19510975299824,13.303780459545738,9.811704040633817,9.345190782400266,11.081014826501505,12.354897380541042
10.200829733843479,7.425514275956565,9.975729470525033,10.419300764133538,12.796447961149346,11.34487936397927,10.517503679707463,11.196014441366072,8.75389879386562,8.97404755052337,10.556655995147858,10.79710316192131
8.385338883297973,6.226990757787957,8.034665510959961,9.430612036699758,12.389288923926442,10.462253432757675,8.77428079874772,10.881549080506266,8.784832796867336,8.606146447976618,9.237361091250397,9.639121481021714
8.473285839859086,6.535800052718398,7.8493786744646465,9.790676162884143,12.515827574097083,10.265299200201229,8.452278317139454,11.113102053425742,8.97698945461361,8.999156488621562,9.020715653191994,9.739269170092252
8.321927977350322,6.045596924543555,7.97035349497069,9.653467850397083,12.45212230795882,10.252187330536264,8.421158749313806,11.002724207531697,8.602260024516962,8.769282499812515,9.1168084547337,9.75171135691961
9.068363267379013,6.6909087156181455,7.780669973855126,9.155896746796197,11.550190124955572,10.391090740208035,8.712242306795487,10.635245442362246,8.715792285143154,8.245134183860324,9.097463337862521,9.81191825075139
9.974089563145599,7.6781682016656605,7.714183355205602,8.873340119331752,10.886978783745889,10.249318316396385,10.328990307499497,10.749597567759396,8.994761610690313,8.036906600445523,9.25772099071073,9.859723386471224
8.238337532412828,6.1274610110497205,7.94839923773969,9.420463088068432,11.680536951658116,10.043763700499706,8.306544721236692,10.540790855220713,8.611724599064539,8.700344488218928,9.401962365435766,9.837321415799108
8.219012543537788,6.088149591233353,7.892585045100347,9.55557871035186,12.44206230478446,10.17794542417777,8.153911469804788,10.875344146566848,8.462653639138978,8.74365245825421,9.066790912231482,9.987154057972377
8.540328235270929,6.301407741244042,7.846902047415352,9.64859191222856,11.83389828699263,10.228264384417185,7.973667833341444,10.826455409821618,8.531108717192208,8.964525724850809,8.832421616260813,9.997117043144229
10.306035304668365,7.801540788412866,7.888951783225672,8.710120770559165,10.363836304913946,9.939147427771315,10.23088650663924,9.916045728236256,8.983887584284307,8.523682769989472,9.22573534351085,9.59442796580312
8.153485895676283,6.067352198312412,7.991903912534148,9.670691084765524,11.815780709812264,9.82280617542818,7.898519412942741,10.958775485387141,8.55782315785947,8.670097342858675,8.93763978177745,9.91433751882786
8.159459078046625,6.376180964347766,7.650209959540399,9.484636668958457,12.103890056168316,9.732345490544075,8.68640480155895,11.09575746115681,8.820593947661632,8.89069617324494,8.814010266324976,10.476626850301091
8.915352654631251,6.0481277851839135,8.107637163241742,8.94915132821972,11.493483733178266,9.32793646300627,8.375492886137778,9.670382718865598,8.458783345675656,8.298663502034282,9.031020707666972,9.30828929831256
8.26104998918418,6.116199677340835,8.00472238694697,9.297751229460175,11.699993607330752,9.886160659211594,7.958024009726093,10.277250023931026,8.689814827891178,8.701544758111206,8.807984851276975,9.64010313035677
8.57732453731886,6.466931364201506,8.129661194071359,8.173852448960272,10.92433369113382,10.078063716816805,9.6487662333808,10.296961145620317,8.744926824186411,8.2362213396128,9.850187322713543,9.86029152626611
8.584115508249905,6.434881761489778,8.087199191380138,9.142419664887983,10.979761671080388,9.542722214911347,8.5620076737673,11.23646248790984,9.030455008531113,8.989237802555673,9.381125328840843,10.13695701974715
9.662121631445256,7.343395323544653,9.16074105364873,9.737684564048683,12.05449861304909,10.658765714778497,10.212686924029866,10.470277826798142,8.83870008096369,8.474637718171492,10.237174175223123,10.107061553568972
8.173888860612406,7.486302906739282,8.071552236591556,9.62328686254291,11.807670678253945,10.200032321320124,9.157183264496062,11.767334037758095,8.884150795343414,8.982108690048221,8.792641764121862,10.235240925842108
10.773972596525146,7.573654689257759,9.270480410134656,9.031788483787663,11.272267187970261,10.728192797901086,13.063478933725921,10.400805486619879,9.535422527753658,8.013682759108008,10.655499896010305,12.33679994514456
11.002845867539769,8.538420630364891,9.315253839691465,9.806788026537438,11.300816565715085,11.462600083142984,10.44209576261975,12.582149328460808,9.40628482813393,9.192033748054568,10.380284163334512,11.353869344327526
10.392414765884823,8.11342242884489,9.04365174774388,9.86013362849098,11.56140020741599,10.83180790655819,10.80948843279209,11.243723060234263,8.880383975402934,8.879601197676577,10.883090894748586,11.836723645452922
9.21445283584951,6.794676127746009,8.604798425420773,10.065686237143307,11.875380861534891,9.938199592678995,8.830009141719357,10.67754954303458,8.523492064340807,9.397210110346887,10.151448105423954,10.01137969944974
10.306524433426906,7.059634135688043,8.568382643813136,9.387675538431482,11.238104067218888,10.02108606499041,10.274325591576604,10.259313402025134,8.735836996671397,8.475411392145357,10.316562194525277,9.787369700601936
9.094362336933312,7.074595222919876,8.652252228543956,9.770002110149271,11.833072001388498,10.55296281269117,9.578090879325151,11.234514605080776,8.98904222805486,8.222373837476875,9.939377474466829,9.946912663129398
10.757330516170663,7.938240595732941,8.629969861365872,9.698586832333504,10.910948876184271,10.989576877473587,9.361197483526352,11.342562527796407,9.061112219584173,9.396148891519395,10.613750609898462,11.472714589132256
9.020832186119273,7.262810607785221,8.681693285863298,9.792817783382164,11.927672362695759,10.790495767777049,9.23154523675501,12.010061065003834,9.140415332050788,8.758984466436745,9.706882215533287,10.379660245270484
9.757329442595882,7.306256149452372,8.741852561777414,9.840865574744265,11.279450121482258,10.853083888694805,9.086629130736386,11.09558874706445,8.88600965090253,8.785979320004868,10.182764278947253,10.565265041899496
9.135097978841992,7.563261177916437,8.215485310427157,9.479229740981467,12.457336030186353,10.299866011076583,11.021879814322142,12.318395297118544,10.009261745451676,8.560488140492978,9.094485373387693,13.064001093358492
10.774533124479573,8.04680815266406,8.246397510221936,8.493048674155272,11.642330342289778,10.310193645943421,12.75663294140273,13.051712357188272,9.950742265338121,8.093543129059015,9.149679641960585,13.60901648867812
10.763768764669342,6.995466777342697,9.63906525700341,9.008862412390311,10.658188983958992,10.2451594810861,12.519242460579745,12.742784236600658,9.256721383017998,8.220272977301146,10.249264235061409,12.366921106613812
8.61057955146508,6.198418480654368,8.931408733182222,9.963057042707218,12.32650842676547,10.381241379456416,8.950655053572177,11.614992852430573,8.599939612608713,8.643611315735122,9.474887396697095,9.666666385830887
10.99972388330856,7.667439490252615,8.811678654752804,9.317179086679966,11.148232089483676,10.215786588252307,11.804210457116517,10.929841142101054,8.816210628915776,8.04830652157201,10.160437160797706,11.1332092704689
10.040800810812755,8.15827002644564,7.950655639444987,8.876952764478242,11.378552422751346,10.340020103038677,12.246655789314305,12.935544992069373,9.67273124820857,8.556046545998626,9.583823787465441,11.440834981456586
8.842396043740147,6.9265759398971,7.830887314850802,9.615158615083287,11.431421474020233,10.361167352292322,8.828929722303238,11.086374189729717,8.892256351822951,8.6664622521402,9.086573037745392,9.946695717472718
8.950616263081983,7.121556609762135,8.001660756886313,9.502879598864,10.820321480924191,9.996190776437087,8.632254862760306,10.735922588221689,8.303279428333662,9.177172198278774,9.32607119556812,9.937893943058985
10.416596648770406,7.3294837231782735,7.835211397669653,9.708921587245918,12.323781325144822,10.423553315559756,9.077625239796294,11.405627677850525,8.562417826270462,8.427891784066578,9.3620527737118,10.220639776477782
8.63924552080057,6.456230716940204,8.02186486891254,9.934758849759273,12.293248379302216,10.617600752941282,8.443719956829822,11.124861686223111,8.667250807660992,8.805254028386443,9.299106784361145,9.80694564636617
8.499446164643524,6.697020428150439,7.675355010257339,9.838666397778262,12.25643288472409,10.860457157976933,8.435508404893687,11.397986217431061,8.894723436338538,8.87646633663621,8.976941829638843,10.628163578003095
9.938861382247678,6.663644887177425,8.581945957088069,9.298113923878212,11.21284504189311,9.92544039865972,9.194429184005484,10.327833532104101,8.216127460489417,8.364759155828754,10.129633035282644,9.724264137436986
9.321809790747329,6.7645666111866305,8.520103731509653,9.62803366562261,12.141074556784876,10.13323857040139,9.301374014733534,10.44276752499472,8.8165307564197,8.642543252773223,9.27846938725438,9.952156507978081
9.661885256978383,8.346175282053531,7.703297168514126,9.048722441847298,12.173156655063359,10.44851904308798,9.964819937394303,10.788063681466586,9.031588332652296,8.575684533305553,9.05098972448039,10.581680629619834
8.117323377905262,6.248498934300078,7.771900017051357,9.62594763340276,12.31515211490888,10.13489732916116,8.08172838401476,11.111435892320683,8.771598372318682,9.027387945897763,9.055973788135544,9.968798861320595
8.675319141944499,6.671728138218648,8.153471800760485,9.37579500985618,11.252715428667397,9.939561469056676,9.042444168118028,10.712635634288905,8.671863566476508,8.580550561204015,9.413615381779971,9.944947025989215
8.23609936267318,6.352590619845466,7.707664149002325,9.753421076597373,12.441335554519076,10.24244068528817,7.842001743752459,11.178189042104872,8.507026005778146,9.021345343611708,8.863787567399601,10.09902884866155
8.276944329698319,6.386847753271393,7.809693037529181,10.17306681122464,12.500921537976012,10.132260856804967,8.110643326707287,11.327947820539832,8.592539696218614,8.99758612288047,8.901961453991888,10.056198922258158
8.342778309313617,6.987931653938131,8.526855181198469,8.985858107327228,11.25704153571137,10.339068411891803,9.305812268623958,11.052547242577752,9.113490193089623,9.053290095667416,9.28860331434054,10.562763964921897
10.786065241340847,8.992344483973993,11.151170012009551,11.015745154411338,13.55733901473946,11.549431214474602,12.48272415889142,12.539075472876963,9.627907573652458,8.520590441562955,11.217231070215012,11.191993119445756
11.396118188302552,8.4632848290057,11.312670166154597,11.652957582847616,12.875221843650818,11.68802560004884,12.338373787667246,12.690477368044386,9.651945885737995,8.680862775066219,11.288280613405231,10.786456175972809
9.80013029735938,7.550477879265712,9.007428753081472,10.023150855395349,12.235515738825617,10.558389349813384,9.465805879653432,10.85617389191298,8.86476494661627,9.253976227405094,10.248084557856728,9.92428854319661
12.374777542579615,10.058352210941559,8.933099389416265,8.989251976085404,11.321601477702266,11.287751814329159,12.577093199100714,13.692368042143256,10.240343208749215,8.369281618230714,9.707528622062963,13.736115285990097
9.527038786736467,8.223726714504101,8.774333178103653,10.2721449538547,11.913702579431883,10.626848501431118,10.886305389453582,11.139342943486778,9.01766751250115,9.088155210527203,10.489687284712677,10.406920250498336
8.347625845660962,6.887131745570156,8.345236218488653,8.922827271319916,11.164698694955762,10.008276156696592,9.259231423946794,10.767938866139284,8.904714605336595,9.018069378573658,9.199326647919978,10.381224153810365
9.123772425478563,6.542295438408601,8.085446081681562,9.090521595321272,10.97040420436092,9.955190621728303,8.885556728744225,10.347508666580774,8.841933823833493,8.624430799497098,9.23022591138114,9.220598871041613
9.07963239736725,7.970260024218002,8.42105030883437,10.12597504180719,11.85330041946795,10.333355804397424,8.86423179029913,11.646871909650242,9.063291239594557,9.35778994035663,9.476785076590916,10.130469827968849
8.378226386713104,6.361216649739667,7.68552662955824,9.520211277923528,12.2471155543435,10.110747421936795,8.394463423312692,10.852634034572754,8.580991686087454,8.806167019008148,9.003248067362232,10.125843992752394
10.97888715835486,8.967475266955432,10.580251507706784,11.093498314080419,12.933212639311037,12.45426314827428,11.95514811435704,13.153073302193581,10.111621213712953,8.904942385307544,10.879736456167604,10.262191674375831
8.874805010133157,6.76330605235859,7.610937285843652,9.208039383537413,11.862980650490655,9.172656862977087,8.348558533988843,10.245301460990502,8.5946720449852,9.133119172854594,9.220635253704222,9.902117058803846
10.913380924801281,9.274620832292758,9.30803337586575,10.577384189584686,11.435432857157867,12.237548643032964,13.061932078162164,13.560984829111833,9.69674728669002,9.108948064680135,10.809300170750731,12.662808708067736
11.18382744441922,7.9976309587924215,8.73016979258848,9.344751404347205,11.054277887270613,10.209473725643607,9.405356116617499,11.151546006199105,9.103557187466002,9.531737051621747,10.002719133479832,11.57678700894278
10.036432877476123,8.065880820352197,9.252692935095343,10.065620344412926,12.278145426461908,10.774299182387871,10.201876152759612,11.115952033780928,8.909105874146041,9.198023761429553,10.290981576787242,10.180943868716394
10.82727669614931,8.248704630190126,11.149051675656745,11.108207191715456,13.002016319563303,11.480337975552962,11.891038624575259,12.998472210270338,9.599379181095323,9.021761944205377,11.126564330563882,10.788887088207913
13.408733500017286,8.599805259971344,10.66056613867584,8.65531275398954,10.587860628104645,10.72691516815015,11.609252145097892,12.691268616537606,11.810339853815012,9.451377958801595,14.050681835398967,12.4659650991371
9.921600109846027,8.96653425755583,9.088889719006602,10.22331789151341,11.760834764796973,11.38610122237048,11.757135709770234,12.241139471776195,9.385231452281719,9.197935035201848,10.733421709697216,11.074729566707104
12.807983319138808,8.477203506604368,10.862210087184392,9.637665259415964,11.7982780107268,10.429557555216862,11.53423933312583,12.1426081563412,11.738952530484012,9.065539063228528,14.572158299615191,12.637685810762594
9.77402349393156,7.243002728900635,8.138893892678068,10.603321211355453,12.849093843010388,10.594407817458086,9.529778390562457,11.90574949978429,8.805466589216092,8.43908172131632,9.848359420976212,10.032272019091138
9.504631557117893,7.9238023035359095,9.406758104130317,10.026566900644344,11.889687065002194,11.72098730537252,10.832058556913642,12.561973260438819,9.869400785626384,9.100716952576198,10.241949372560933,11.786178023081908
8.759150293463836,6.574091701049767,8.167222325120042,10.02720101309561,12.35832612240726,10.254513043490363,9.055286946612929,11.516134394513925,8.269807920637115,8.495255432847065,9.536002239218861,9.862820218069269
8.402441717145667,6.4514051540904465,8.7084665080944,10.047942882421806,12.40409264621005,10.589906044399894,8.637563011325552,11.597988378473993,8.90002561043322,8.743136881948907,9.54575699900596,10.07042480388933
8.708474906329297,6.15058905253506,8.3069483701574,10.06088661167805,12.17883159118238,10.053346998028564,8.597888871543358,10.58028482301999,8.53068411917571,8.704055280839212,9.380192753918529,9.709140803258103
8.181246202138922,6.464187219151687,7.81021187639807,10.034888412149893,12.405271747960814,10.23747744071393,8.358878363473305,11.38501541502599,8.625115541295852,9.111994320660221,9.184197977239856,9.983474027960991
8.961561525326896,7.202458337266048,7.642206091960009,10.039345471206866,12.470871784934644,10.767531169337223,8.3469732289279,11.55819835643006,8.637577637304457,8.838254579951405,8.81519285551789,10.03149829248863
11.595561249275539,7.47117904981662,11.20921537463648,10.147450100490595,12.685362834989844,10.846485649210445,10.900375462223309,10.36009555750723,9.25812939811366,8.923514779723241,11.2152906353877,10.772140268213109
8.692126334036386,7.049659768481068,7.778774826164198,9.081958747553163,12.443433352255267,10.249441089917452,12.332417672011797,12.83121231710301,10.037567340916869,8.082141991098348,9.013609716543764,12.149946211201902
10.825462215767079,10.924649645111673,9.254707138875965,9.940170829673416,12.260499074293003,11.732564013528986,14.361650004958607,12.801579404063633,9.81600236716809,11.422351799397058,12.085942532386174,12.476909158281327
8.601368906101092,6.9513852861913135,8.25668476189135,10.029896702469847,11.884466887329408,9.919724408829472,8.491268988728008,10.646377812690883,8.417811254226882,9.414207507898224,9.574619616742556,9.998026001533098
8.8798253923794,6.510114161224053,8.333240331096393,10.010168488953044,12.583304325917672,10.068331981142517,8.440608989038658,11.674426892345949,8.475867873187699,8.819554826483074,9.6188591432562,10.186504001768425
8.660475881452838,6.469254994307207,8.012884252010089,9.189477627720771,11.176130150493407,9.82073148822822,8.155662939858216,10.829435943947606,8.459415581693225,8.72652210591753,9.508089020522448,9.623936730733016
8.330700539300768,6.166353182890021,8.034118555056908,9.19518551147627,11.017033659920026,9.483941430472703,8.287498185398572,10.475364247292106,8.497010306143794,8.543131078438828,9.445686865905648,9.64918456755047
9.063848691519096,6.028953872846873,7.891901921535665,8.852699626409603,11.242497225086606,9.806805320600091,8.469456612395039,9.831514420559369,8.399443411775518,8.47966364020993,9.184062545765023,9.366800949981398
10.037821894250671,7.141349868604734,8.660392561016408,10.077230665620402,12.227530044665734,11.051999882482502,9.975367445094571,11.505264084204137,8.487451149152553,8.581827849822238,9.744349398925035,10.61924340923203
8.189780417389562,6.225663929609712,7.6599942373980925,9.514721727255322,12.179220682006623,9.884145432118776,7.8128394928779015,11.025106479812038,8.419708652782994,9.021919425179533,8.746008591671584,10.0146174965983
8.108234118390962,6.170237834371077,7.611056033398264,9.516387150571047,11.988082753868607,9.892143581042587,7.709420246577902,10.950001530652758,8.708796077745973,9.297211403747749,8.783621839791254,9.996214819324956
9.832232837883009,8.410121536511102,9.219906733989259,10.528494970435869,12.448489661586034,10.521903709338233,11.08649684318851,11.610338865905465,8.869530452757182,9.024656614340875,10.37811974472653,10.570690621265545
9.35737847977545,7.2359816323831625,8.494585229785741,10.373735281571225,12.500402130138996,10.426364082843447,9.21922686803574,11.978833713454542,8.984900548782152,8.888345705794396,9.812873788815196,10.244703025843611
8.614949127432164,6.47388808861792,7.8766231243979306,9.639227221733714,12.365669616952788,10.187494524898922,8.379190527372394,11.256948410698985,8.5441044180818,9.079152919268349,9.582930869140133,10.239874874231996
8.094931785869397,6.842956331649578,9.373198424518783,9.920040380789535,11.545750927458677,10.388928910469536,10.102128586361125,11.731555625488362,9.326546538021477,8.959165382537327,9.506764116287304,10.467936494850294
8.197820296998001,6.154873663490943,7.753003322824652,9.567938988485094,11.69638930719882,9.639109658625024,7.6960715542163065,10.792879928015202,8.521474063217003,9.082877828257335,8.654319118587663,10.007903722267713
8.503087289362435,6.132622036040497,7.910646634232475,9.452935767384757,12.296567649653117,10.352148758672316,8.688158291794066,10.225994411523253,8.648117423774307,8.189058017111622,9.276546071686953,9.69847123980017
9.677436100992542,7.1922896672465475,7.8081432398492305,9.170923315408618,9.941091479128973,9.865593516308376,8.472905535957487,10.138071824883943,8.23954114605033,10.129153635311722,10.113462313928915,10.03751895351739
11.210442151210042,8.233428953952249,10.5707868893873,9.536923755813664,11.986287215123195,10.222296134505878,9.98031816496788,11.426902037088572,11.806751590712452,9.199811333676971,14.964208606260193,11.596117891752963
10.868765716831188,10.343784102865616,9.731154035570336,9.930619415122065,11.744877599460144,12.118696532412923,13.585765675830666,13.52327187325849,10.565500938405005,10.166765245934073,10.675720730260956,12.90281391013219
10.928418460676282,8.469282487590393,9.090936873084365,10.35547148464942,11.229974232298817,11.987560312167874,10.631684714631241,12.704323293535914,9.373923253826923,9.246372149374098,10.787181049465936,12.163006556852899
8.600468241917975,6.41409306966,8.531584596946747,9.80730683735099,12.307579417952015,10.315349660689149,8.78524523158198,11.389648005172122,8.709157031489442,8.90006600317391,9.50356162381394,10.644289977004565
8.85708503562784,6.0983781457403,8.057969691285589,9.397153521018781,11.089390904284423,10.230121521902083,8.76164590515967,10.316868393712337,8.453226724849593,8.609066235352604,9.300891886916649,9.7511281278252
8.796912493626,6.468215263898139,8.769472831489445,10.07244424862708,12.080562866799601,10.24657011193967,8.641443685647594,11.353617164552515,8.604743453459648,8.57084529411432,9.334595726297602,9.878122218428054
8.390222707039818,6.00946902441301,8.088983190672847,9.50076279894179,11.044234479770916,9.882494607910331,8.390451187694993,10.200095774406375,8.489373456803035,8.4817736998254,9.496466294840424,9.376270648174893
9.439955045305673,6.800752379618795,8.144609487003551,10.044468887130167,12.367164640578933,10.215837320768777,9.364384782734838,11.771366597403796,8.54157082694141,8.713354651201453,9.494294666300329,10.219032188123718
8.235616253543256,6.078604434871855,8.265228998159111,9.658336248054384,11.794580676491066,9.877086457885632,8.261486218356453,9.964721842062096,8.592342753787726,8.561061297025821,9.063680187804229,9.751827749847047
8.7097727514044,6.528869566346566,7.7235453857428515,9.79509047610762,12.151599281988227,10.284169248887043,9.139298034870587,10.766889038617217,8.801460719564846,8.695426487957796,8.829925628923425,10.354298610531924
9.122695369309088,7.646673816068217,7.814003801039402,8.573609400181258,11.772274328652177,10.365782885431873,11.959497839529948,12.613006293345956,9.681783958785694,8.002788351065503,9.131262237897962,11.294308404643848
9.578869402477036,6.484658618947288,8.08812267454203,9.26898663174037,10.764082240713197,9.906611438788389,8.882724232829814,10.063075030781027,8.442625151547782,8.512466353509996,9.442123997440328,9.738732864826947
8.256077644388677,6.309353296014522,7.738706274347634,9.500129264265023,12.26452479016367,10.1770529198794,8.164792709353177,10.877941884468619,8.519855234253136,8.697149851107202,9.006642695450015,10.16807630503163
8.233298244764278,6.356070588474497,7.607825984629529,9.53208970042361,12.43751296307865,10.039342857066623,7.95621659272491,10.963342131042609,8.579355751554177,8.870528151662102,8.83719749455469,10.149786076367516
8.332460075425526,6.438774262965518,7.7084428765864095,9.668612482407168,12.137699111326565,9.849299182122872,7.98592588935038,10.849559707611572,8.408809398103276,8.868041116819452,8.732518100454245,10.09924722516393
8.314504321729096,5.927545115758791,8.101451737832281,9.482889936847847,12.141286133086826,9.943135272382394,8.03695667830998,9.969774283982446,8.50350468772848,8.601342442700302,8.977879868143347,9.88257940494506
8.694333509571317,6.524260910912954,7.741993908964658,8.844033755163208,11.90880298579529,9.974238265183466,10.343923357693322,11.75768084739107,9.219784572291013,8.752893177219963,8.99407766079495,10.636796384832104
8.711842338746521,6.569181157409072,7.829808370508866,9.224274790339955,11.968040161294486,10.011706079024627,8.984520407191123,10.45121674863769,8.618149466179679,8.537350869488142,8.752095494989879,10.053947052536241
8.982099935963085,7.086775848872732,7.9684536122137795,9.49944522387971,12.138565584094792,10.105379937982159,9.169404699361461,11.567983642509917,8.712898877318601,8.508805676966576,9.177134095450041,10.322318315711565
8.809174457085607,6.0355581243335035,8.071409210445617,8.703035403335019,10.853796640846772,10.027339673710912,9.007649987850465,10.992634488560611,8.766141715407649,8.48390421285917,9.001652771195944,9.529428291620837
11.608957090973693,7.700175083884442,11.181928947625508,9.726626062430292,12.594596141814282,12.649678443209709,11.849190669518588,13.366156671498839,9.983236414483171,8.839667195440644,11.422305985560453,12.941041980256164
11.848396456019167,11.137160768958164,12.212195144459447,11.103729124571908,13.448988577676941,13.85622110678028,13.547099777652507,12.601150831611108,10.032758355374641,11.11589505309543,12.66228989451862,12.855073652646064
10.953352211511225,6.982760960692672,10.25657814232399,9.591360451587452,10.752425949198361,10.118014162322048,11.249420357852332,10.356431747599984,8.986765021052014,7.995736757336585,10.661445167909074,10.503473356089097
9.47550032135632,6.8982584928401804,8.892641955706448,9.794622481346218,11.83340814940952,10.812453214675829,9.169372954706693,11.113755432475404,8.89788527605122,8.445271419693267,10.256872402291716,9.71828237125584
10.086635217394365,8.995660627199912,8.796480011359586,8.905684930279492,11.54330231876475,10.169614767765964,11.399323777437637,12.428296089535339,9.854765610376942,8.237606982874693,9.81314157810308,12.884386203596241
10.846443285173859,8.418754141255565,10.561928830719367,10.229405245814968,12.595495179621377,11.01306378351349,11.820780533171058,10.08987660515752,9.241375519216582,8.880039274864146,11.106547666053348,11.186401764911574
8.956596575510462,6.529659649944246,8.757898790865527,9.877194384797134,12.122363077355077,10.893044611663493,8.92715475862539,11.515860977354965,8.964077203279642,9.358336310915792,10.025256779585398,11.518591808460185
9.499500099439485,7.332141580773254,8.412048370017821,9.929939208713225,11.705985210772187,10.540371096814361,10.342534879373597,10.938966130719878,9.068755116106004,9.74475961815512,10.482358526302642,11.77546890508912
9.870707521315914,7.6190887734641155,9.371648411234814,10.686312448646047,12.134112054909483,12.615223980935028,11.513647818061118,13.114849939328364,9.624159604995826,9.939393800617903,10.319577991997692,11.08851380443673
9.388346764616745,9.048305048770272,9.51648781256013,9.888405129838002,12.28693148805304,11.723568762077045,12.655508984746866,12.85647210652022,10.044625849132387,9.566076319981914,9.999522044186989,12.145731246360233
10.3980324938532,7.8009953195220865,9.742668515368662,10.374889357161202,11.82255385898159,11.920505723810178,11.092992581841234,13.25063339819011,9.803098510585178,11.033980125887181,11.143358659737153,12.73902814992726
10.649051957494775,8.309940656311902,8.842115269013576,9.602185503771194,10.978189439094898,9.54255617469279,9.305768838469,10.683781324321426,8.691541784869449,9.318370267852412,11.690722526435827,11.343339330601024
9.441898363208136,7.264458684022026,8.523745818007605,10.059487799421893,12.298579727767539,9.953935966491374,9.09734668298655,10.882424496470295,8.90282400762966,9.386333192068435,10.43123355973836,10.154083852205085
9.35252350928524,7.985437696710695,8.41940867017507,9.474031871038944,11.60054236304423,10.122097691003432,9.17955420427101,11.197437439285961,9.08180709541213,8.524230050890722,10.27668225699223,10.449185911549653
9.046376421029995,7.212466902539568,9.069751426293124,10.147320769205974,12.071488710792533,10.59770735684914,9.35757735861771,12.288611225682743,8.913226168712924,9.452755905177552,9.809467556311748,10.176573567382581
10.62072191469247,7.4897602818795095,9.29660657537777,9.9717631870594,11.741636979460475,10.851420319726415,9.894412881607792,10.971080517525213,8.565162211617642,9.105002409974079,10.59158983607028,10.692697565466956
9.690634259219951,7.902544903016953,8.869529467641696,10.126247480667617,12.383040069290532,10.48857581713454,9.358246952346072,11.769341342449115,8.888183058285465,8.815478094312045,9.882129900725658,10.380952899736835
8.67083800067408,6.358996440855836,8.01200907859343,9.938610695039293,12.183109004198593,10.153483489608908,8.273483615533651,10.585171862494043,8.783023944629575,9.074700447533045,9.451722934099973,9.527036421310802
9.255066891723905,6.283036155193576,8.167628143683594,9.71215770298517,11.992037889020216,10.202324838213917,8.673263747178728,10.260719233576161,8.357423022870412,8.442903756436934,9.523017679747477,9.530746475197388
8.520228097362667,6.522365735696477,7.821242102471922,10.03744347478463,12.380501951397589,10.296482468249641,8.095102267424513,11.398201379781955,8.446744902463292,9.069261898444262,8.82320783802051,10.162941198009102
8.219887240422397,6.17616433078273,7.842166011917875,9.706018054794272,12.287358111427864,10.08572575315871,8.045572337727574,11.103444900956168,8.429448160478891,8.766570420845055,8.879976528137481,10.017307657398405
8.470845972270896,6.611433939929238,7.837272962560884,9.911335573994585,12.122227952562985,10.107053130181542,8.123528958221986,11.65804697050843,8.439341381324104,9.039191228446212,9.12670492934947,10.196594404946303
8.698644142876919,6.682216188396437,8.383895807467457,8.949098826763697,11.283469958340316,10.15797528457439,10.765405745724632,11.061774450332909,9.282194314084558,8.370932900818115,9.08022745024981,10.396136162790288
8.739213270904413,6.674553897818192,8.888759771581276,10.203767337065312,12.03005089388538,10.405347733242685,8.582405843799739,11.256561692677593,8.609188013335535,9.432595815641285,9.732525178093674,9.915385868063243
8.735126127957287,6.366254635468065,7.883520545698554,9.336358851799062,11.861528030333309,9.996816630882677,9.676424316643502,11.67162955322547,9.119613977578297,8.899965395989536,9.249642027177686,10.084561081256828
8.957580731600189,6.686604130927941,8.363706915336689,9.599675518237817,11.260512037883045,10.107686300491563,8.914600227626172,11.317779210248286,8.796278022399964,9.355396385721521,9.716891471769472,10.532248579595892
9.441669293978505,6.96728690265161,8.987315507619337,9.997224833743255,12.093488646277521,11.221072972531534,9.193972861235192,11.840785592185133,9.094380370473159,9.40852282922917,10.171347197633454,11.629793540136294
9.171823953680747,6.845794115903802,8.83448650072698,9.807918340499159,11.713616300909928,10.841766952228078,9.004672958847996,10.791023322942328,8.965518569357597,8.472306039141001,10.489441189916903,9.926502418613493
9.226880361342522,7.304121837509773,8.64232859492559,10.016658599507007,12.301319355777045,10.547867837481233,9.135744178612573,11.89716129713095,9.097463568087957,8.773305137132951,9.499352414505598,10.512019227152232
9.000264408991159,6.574029802516094,8.823916037562809,10.109356245532213,12.101027170598044,11.64194488958942,9.081862637463002,11.103083712783102,9.007411598237761,9.286800595365827,10.136069425694053,9.997319078090745
10.42672456254726,8.20583557297478,10.335973005156813,9.64286725124608,12.029072143817721,10.402075994222292,10.112031132615831,11.9538784206249,10.973540624741563,9.088433105032053,14.146513848095665,11.090397274405122
8.463403213183767,6.524911853088593,7.874558795641238,9.950874413207979,12.221203540248252,10.26530176133677,8.545858708127431,11.418626233629965,8.943516518939765,8.9021202056359,8.989954042636201,9.788521231149671
8.401107912013805,6.0789493783351904,7.7742844718183175,10.110373292526214,12.45410619984557,10.261154729938388,8.12082724182303,11.217754702462479,8.611561779109852,8.759490395170065,8.81433922936232,9.981619135495857
9.487946446902805,6.426044329683893,8.037067190206,9.50790081377038,11.82918087668997,10.081988387212624,8.835987893422903,10.458087620469174,8.166383908724981,8.742215843471328,9.65200388143103,10.025761743758169
8.773975723007913,6.450215304052565,7.866121116117807,9.368541506263165,11.405027407666472,10.133519399131151,8.43784585731625,11.610316108462563,8.388323616863437,8.957470900413227,8.987679642407642,10.127361480138148
9.816781444827779,7.4716229818854725,7.722470631350566,8.191079663816451,10.827884782119646,9.685638221238353,11.284888286685277,11.546172849058932,9.205385157046567,8.646480321145372,9.444042716357801,11.33997502610448
10.124931292874948,6.604097816657689,9.682146237992708,8.734777278802794,10.72190239612496,10.250875668142072,10.133316732301507,9.912390190024317,8.772266331715652,8.299108240893169,10.202999116526845,9.940216307424878
11.32536533658157,8.285121807529999,9.759230499822772,9.301102583977814,11.662776866358664,10.252891949359311,12.676719425572722,13.344385299068113,10.552687671374402,8.698064767691047,10.472341668093282,12.362762866663939
9.001301822105102,6.657879705460838,8.733947499480992,9.753013191844074,12.289955623802697,10.408821281205666,9.614077828981403,12.122619616138685,8.988026560477648,8.584946089414334,9.227290900090168,10.098846524199358
9.127882298495694,6.608260628852452,8.802181383407065,9.935931210145254,12.12348847704012,10.735077649573299,8.88936294561015,12.062646890147267,8.900019562333823,8.997482825296547,9.249193869468497,10.12617772922352
10.23838807608192,7.291048120966988,9.510518739628884,9.2018566154399,12.083001449653572,10.31458187934727,10.482423496583802,10.657392474957144,8.745829346191782,8.353042717191741,10.186106537946216,10.94295904126803
9.609949129342976,7.688374373882663,9.38009281747036,10.25981056151235,12.118515915229962,10.86199049231663,10.307144581294773,12.595749743274867,9.260892200056285,9.244170366093398,9.97626222139279,10.630429246528452
10.586961712447192,7.0330002665271465,10.552675431077406,9.868480060901256,12.526282196313629,10.730857886177319,10.238638943938188,9.679572526793706,8.923120687422893,8.438051227415935,11.074680885225318,10.106067895008328
8.805192406355761,6.674888451869232,9.202217384622365,9.917024070448248,12.102034049897206,11.32315454901817,9.422763041859634,12.414715051140433,9.158553352531126,9.793794176513297,10.047453808747571,11.633655587358414
11.917871277462398,8.133511240636352,8.151251691217215,9.74972416009679,10.493738855568507,10.066463813152534,9.59901667655833,10.729081647601463,8.75438293917754,9.960479859315777,11.358836324592765,11.928649494222721
11.031538312873913,9.226475728761873,8.98953969816378,9.563805384948001,11.592247487817419,10.724599641160024,11.181578503168106,12.145356989362732,9.319355075958642,8.752200817028685,10.558412030497301,10.902820964702205
11.685427822922229,8.00527588267657,11.293818746939108,10.28946885949657,12.822345143967881,11.440270412595009,11.607506928640982,11.452791687182893,9.41566504161759,9.31997076264822,11.643507233424064,12.54462472799469
9.380220187494073,7.931078641089777,9.120012969590553,10.213424047149442,12.016913478749881,11.09738271806917,10.800613219636068,12.22242575059046,9.355520207238301,9.106679780344244,10.53037221011278,10.57603085178988
11.46427691381969,11.230076517775553,11.089747003316445,11.58289255668336,14.006764741589784,14.72713776483218,14.54423704685566,11.534143618441378,9.6081654522527,10.865720245597771,12.225400026237548,12.541807017361124
10.520912106723868,8.341404189050824,8.765289444297578,9.354188290916976,10.746490560293584,10.711980639948065,9.651478210217896,11.056909449243312,8.879366336062473,11.377778194759365,11.356339349635737,11.261159497653717
10.73922767668289,8.207363260074368,9.237391233349292,10.500640848535268,11.452156662843903,12.281543923979992,11.06778242150433,13.036593698744223,9.505007375868832,9.963934046211943,10.710049645687628,12.212584558932926
10.602874789385748,8.41007929369527,8.772898446249277,10.37012074352151,11.941104281998427,11.9058381380108,11.558860990814278,12.31590874206066,9.231238610305061,9.77978761006985,10.787426232514509,12.354533555994069
10.386673091515089,7.99580290690326,9.393416618520213,10.093160584670041,11.747936582131638,12.014860107749884,10.922797954502226,12.993408718641751,9.774932447853299,9.498193856773376,10.420399887579466,11.966287994652003
10.97989648703262,9.4390575952655,9.52971063815578,10.906818567603452,11.978469620612378,12.201364375011929,12.832403944049835,13.169672290233976,9.87134832991438,11.306105680126167,11.562086631507318,12.840729018442072
10.779909807701328,8.083055366542196,9.614186765630182,9.96190870239155,11.471732867634453,11.434074873184914,11.188061793503179,12.733692895563793,9.85459525729675,9.475221119940123,10.796463068428766,12.010610512672796
11.237781143316065,8.22486313651516,10.327988786538343,9.996351695206142,12.768422434852578,11.342619410575896,12.097802091617243,12.966379990033746,9.938151991948262,10.05891345213307,12.945020384049972,13.108590958452899
11.03414701208961,8.31784892006977,9.007035786060664,10.073088682325741,11.032847732308447,11.33850577790217,10.797104773617603,12.765156595890783,9.379042331515283,9.529026585067315,11.607152832503038,12.343364038515016
9.50539738239102,7.287383786294746,9.021789499452941,10.113457676162394,12.105644722970721,11.293426173489184,10.081860685093348,11.942738189492163,8.944988679749224,9.528293125519198,10.358855837656916,10.207906061566863
11.015696622986578,8.55479503863745,10.26848234481028,10.383335821891302,12.877378921927649,11.842080714041503,11.890627325216188,11.68994038944179,9.289389749706423,9.00428413506312,11.057345957590433,11.16949335943751
11.952648796531214,8.19724989093177,8.657223839888688,8.473789884796934,9.997328879634535,9.42778635485984,9.171988149939212,10.054743371726461,8.640354599003942,9.344462310985811,11.448484951343389,11.068241084093
8.260911702083636,6.272263905847242,7.640431200596824,9.77947046742407,12.450887682369135,10.329229366121584,7.902673350769344,11.200904067098696,8.731882315788352,9.133878309407653,8.933397247959405,10.03720436191232
8.852768234739317,6.294288799013514,7.84193380419485,8.95077419799337,11.86516901800674,10.058820727754673,8.76281964370392,10.808716710270817,8.833815402153258,8.346614736366291,9.145150307773111,9.64650860626131
8.391793503906294,6.324910247242952,7.732130788949353,9.767792917281238,12.299137744943069,10.20885364160552,8.108792457248558,10.957887889212031,8.80691998037163,8.942883956674201,8.951996304972463,10.018733364475302
10.712618764439336,8.054855564045578,7.6727645909930695,8.686313773204835,11.284101770622277,9.675925198915325,9.590817555119747,10.819178701248054,8.779610827077496,8.640797592562116,9.385154717988389,10.045123964900785
10.839866888352926,7.788169114818191,7.658057458997443,8.624367266841771,10.651891118417506,9.452232184126084,10.442249373521253,10.691533634136416,9.012618181109753,8.539304554981703,9.546721302091209,10.489745128787842
10.52772037515609,7.357584340768687,7.706974486288129,8.972834870835088,11.266472491104194,9.878254749429832,8.264594591298692,10.274476140750728,8.56952399293253,8.533367249597246,9.305392482852172,9.957987246977865
9.774279758699493,7.2687449241516635,9.214171602242402,9.952118809547846,11.6726798081044,11.268113392357202,10.490678374231921,12.246261317454076,9.316778844864494,8.76679111695409,10.488112045947972,10.241855373035007
8.376995984747255,6.548183527551684,7.679261869413964,9.93832215173909,12.345297904542186,10.483558883764879,7.674110190575287,11.146871691153923,8.523104380910182,9.129932359617078,9.459888644723017,10.179059663454126
8.719473534091629,6.571880195383148,8.139879367092565,9.777040141666525,12.200681498669757,10.529720593948092,8.476132415187504,11.143385602818217,8.936126632432904,8.816726175166629,9.301359407125656,9.754569437291982
11.701460626359795,8.795069624571454,10.968543008936031,9.721841862840133,12.707988094609979,10.754689243882568,10.856089753051657,13.2234316818114,10.747568466589009,9.36037848736324,13.752529791073748,11.96911458879421
10.028827933370529,7.767313770686751,9.070939483219384,10.225722408270963,11.41420418555591,11.502284222908692,10.073269772183043,12.024645289464438,9.349726203617983,8.9451826222743,10.606520727321406,10.342307271991075
10.713111513914468,7.902558468160346,8.86344039832769,9.941908851520461,10.994667342129128,11.40531583487589,10.03331272883585,11.940482131654042,9.244861901819316,9.677375074209651,10.799617862675857,11.925675052069927
10.066031278102729,7.111302841838684,10.094381326174942,10.164056270416605,12.792341344768655,11.149433323352634,10.45000224054203,11.187564802318834,9.403403335604322,9.143340873496456,11.100307240269444,12.221636167605448
9.286349099779763,7.89706052211744,8.900793735598189,10.019317468859782,11.700010108837596,11.256835729799482,9.86575359944055,11.792462512601928,9.382287506675636,8.435206046507991,10.040938613787858,11.18250065764492
9.67499124316578,7.784137401332302,9.243043988895568,10.208660972882218,12.182372197409423,11.017839547859898,10.256115377640102,12.007508713101018,9.31082778507668,9.40080610811716,10.076470798789089,10.342989463187115
11.584300886747656,8.055679131194855,9.371721077362908,8.671360906405363,10.200171627619186,9.414364687824113,9.659810903165015,10.07016444137064,8.664168227615052,8.06350303861435,11.188307835456007,10.009030693225784
9.19902638967503,6.366441214700612,8.650641182960833,9.442020094658286,11.476076476845684,10.28261564549291,9.275047142006226,10.939284159326094,8.99894018053116,8.122443625731746,9.413612748959412,9.93486652927607
10.966648600351148,7.392082769816013,8.824971625821581,9.932336543724414,12.607481660186394,10.562717470309089,12.377375913432065,11.755556578222329,8.908463016390881,8.271816698358526,10.024487318516394,12.004615349760888
8.7574400203302,6.460027597005827,8.791183030080607,10.02109468182686,12.396381397692455,10.266933014913217,8.791562771913318,10.898941986096826,8.594690495491774,9.04066815792741,9.318672626837369,9.72863010192268
9.212995996985242,6.654067067983676,8.596271871651885,10.179759669415738,12.04746949828454,10.443180812512932,8.810694087272791,11.53541116104563,8.800380657704526,9.090758089085654,9.660635881657903,9.754063102417929
11.087933478559203,7.984963107441168,10.75382381935112,10.19459530560618,12.500991676207775,11.178914364329355,11.185811879719022,12.008708573780938,10.423150459564722,9.474595429674832,13.910889380919262,10.577650121507155
8.329011168364254,6.670551280651574,7.903990201014409,10.156001068289543,12.297395229342245,10.41272383191918,8.290472285057058,11.48113241065026,8.658095337985197,9.20755707914201,9.172632844072336,10.00702399456853
9.821534547093252,7.751477138733943,8.348169359186842,9.786236559502091,12.349650861427538,10.294954795033263,9.511450751874138,11.943170348271119,8.711114688479562,8.75401157815199,9.514091551303187,10.530631401597242
9.586666890138474,6.2335851191179446,9.548661731827318,9.04619553874797,11.544601196921352,10.406228961846994,9.682042640507007,9.940772048404515,8.62094767516397,8.06964661667433,10.47432154891395,10.26949572673148
12.120363884521456,7.302056055888176,9.582581057304443,9.700891164059993,11.911807098718585,10.413271045373687,9.891333385029231,9.91736002682314,8.947176804351702,8.52249813481975,11.442043308306449,10.832177943475616
9.422557182527713,7.706480593902934,8.566078194927409,9.416592403242602,11.20220741084591,10.102202685902848,9.554423023821398,11.275998548532762,9.042828593642577,9.086934480425432,10.198134049429532,11.010411279004261
10.452429871413534,7.929655164398993,9.405051239040603,10.066442604773345,11.743980613856204,11.934773037087087,11.148906349869575,13.179893073589529,9.906196886414058,9.993878973740243,11.27674468785126,13.850473120392529
10.744007610994897,8.423827603040456,8.393246998914046,9.297229721043378,10.974955945021387,9.907444031399052,9.576988508949,10.702917420513545,8.93837060159074,9.496594343512283,10.129998336043744,11.662584604816175
12.88897626467709,10.24133800001705,11.043196617146739,10.006789463392003,12.363390843993631,11.16138059740642,12.401836966346242,12.244450978351468,10.165085925064368,8.996223471692314,11.679320771139716,13.520740379206096
8.471629048797091,6.130002435040457,8.483565059439702,9.924128812997141,12.299233513639274,10.456023126450113,8.674941644674846,10.240659235759217,8.677706660608301,8.925419684893402,9.289806377378044,9.45303698709398
8.315079271741013,6.074801830829504,7.785367615648749,9.910750402236763,12.383086748642755,10.237813715367722,8.503489040138973,10.558225221099786,8.49717581028796,8.80122498845674,9.196199509073194,9.941892650770987
8.764876934682828,7.552035279886004,7.666328161799916,9.744334730470948,12.346950115569346,10.096916959282964,8.377956241568132,11.793841522634585,8.689937669329426,8.7550125411483,8.796257020149033,10.395937349115485
8.47550385045366,6.92861272065529,7.705132429052565,9.765198621553063,12.370471116889647,10.811265296971223,8.51264691195151,10.911268294710117,8.671077296216376,9.093175115062241,9.161768996584046,10.092309864414853
8.143487081523787,6.100325906703079,7.718825879038292,9.561591376426477,12.30852119448361,10.173144543776957,8.203603233762513,10.917145743019935,8.734234760061304,8.952042903806197,8.932041116511666,10.193252608330742
8.656858385381122,6.6487891527995036,7.721134803963432,9.632669204559038,12.321491540260045,10.738356916574753,9.402380605836093,10.849560918690134,8.91951528838322,8.71461492145059,9.315055362911917,10.336965976609628
8.437466075632358,6.124596956467992,8.192952905986962,9.622633135100939,11.998711570208997,9.730399759750874,8.4970397978255,9.789386653306044,8.609890304718755,8.433073237742873,9.085192921578372,9.662470914236685
11.347165912851297,7.536234172362907,11.138221606808905,10.143794891920043,12.55769366004633,10.863250821381568,11.150031120851466,10.78931191072428,9.496056415400876,9.277165802891089,11.45558422446407,12.294067251439778
10.131551196104494,8.139300710824164,8.808205567782702,9.649644728860467,11.294629976097243,10.79554631314205,10.0932931751738,11.430255601867774,9.371927916537457,9.088676075929254,9.95543275935687,10.809460833163406
8.932209570258992,6.198225403203542,8.474647072935916,10.13342762099774,11.867161424663985,10.118740516447474,8.449907018799045,10.965815371473287,8.923600644999519,8.876684321599678,9.839517668878898,9.714444654255477
9.213336794420973,7.50607648480066,9.706410465452475,10.424477671773714,12.240799600639162,11.929255188017128,11.330558444265309,12.626998583215874,9.937158967553227,8.89456940045408,10.15089206423843,10.976990312543663
9.299016739204944,7.366754732709547,8.899260921496209,9.803719929427825,11.876180951740539,10.391577811720879,9.302031625303474,11.286238949733992,9.155166117805454,9.299361660587847,9.713903400039307,10.346348891821492
9.507851600412753,6.418775514789002,9.508049438597046,9.591951337868613,10.945040118454106,10.143810241083191,9.694243901525237,10.083868158065192,8.697768022088962,8.417663764090847,10.40495018784568,9.211203630602059
8.974736533149946,7.283606731197324,8.665101624846674,10.048570731801576,12.045051879417606,10.435968656620668,9.16718773031466,10.99701005543604,8.981905637708385,8.934136848191486,9.802575392025219,10.45602308300079
9.406926736714976,6.8376504209854545,9.371564890638323,9.621595786582741,11.628120608688185,10.382089246886792,9.788054778062618,9.671449808338856,8.856342489200536,8.305126320455322,10.784262720585744,9.287318100256227
11.09756252962526,7.123894569874677,8.837797591162326,9.172763473014065,10.246788346984143,9.546943621096979,9.052085964862844,10.26565515158567,7.995010282891952,10.41761352946941,11.22103856034736,10.237314390475337
12.528924197071396,10.811989754671886,9.118925213408644,8.659156694681535,12.220310944706052,11.27309038764285,14.015316425216326,15.298158755261648,10.433064580408997,8.916049504535408,10.5777801940587,15.057119318981261
11.171593198235533,7.4891490412786865,11.110024550829316,10.251899379307092,12.716018753371646,10.749295992316055,11.482109880114097,10.347475932045375,9.42442655284083,9.140560527562721,11.154586594151498,11.980837765744793
11.66099551442751,8.628978401438795,11.06020501057792,11.402541162436526,13.168808022584649,12.431685495496385,12.249820498868617,13.48972792515956,10.063822245390604,9.127914494698201,11.182161249237415,12.409989372175671
9.006273223173658,6.649900407910906,8.130073915196274,9.66670504839248,11.353146272290957,10.211457743160391,8.828622364138496,10.803047250209763,8.787199704836661,8.684172117585122,9.459887989406043,9.78980339301562
8.644066273942332,6.863444701818674,8.293389614889112,9.977937952199191,12.707507261995772,10.453245337515995,8.827974681572172,11.17420126615786,8.556878872376279,8.892524937730611,9.455383471220397,9.931334032004555
9.0984879544852,7.551104155272263,8.578135122661221,9.91324588978386,12.011790641380058,10.129898541674525,9.092158080496745,11.39966969004066,9.088885617306788,8.821173033783621,9.979116081459466,10.530866981370972
9.24317896119257,7.029501706412813,8.840379343756043,10.23196288691045,12.460788239529672,10.913775332525342,9.692786777423214,10.114247437010397,8.651605764210354,8.521032194059282,10.032468378395476,9.692675440535849
10.309330848171244,7.642698142456176,11.426130024545422,10.205741865886006,13.135679161025903,11.010707905412417,11.365319116118918,11.044360741902038,9.58752245370636,9.537574809384271,11.277485642053412,12.30057612317682
8.907549761592128,7.093027877726202,8.731575456971235,10.169568249522364,12.212952524274701,10.307403348642724,8.737356342415728,11.184615534642758,8.688312659803088,9.118476671159327,9.309232401004838,9.820487074869888
10.117452959481394,7.054959151236326,9.316028428944696,10.221065810244095,12.71221847079131,10.784714978291529,10.270197874985891,11.557558710490163,9.495562124304099,8.593541093480104,9.83731175917515,10.196794405621931
9.05243926648896,7.274226379581693,7.810932036983713,8.888702193160078,11.514934166634891,10.04933757552061,10.485435172648256,11.223597626745795,9.473697298106918,8.436537595405953,9.380548624141358,10.574275220392792
8.435544709388967,6.689541443238436,8.408516987908772,10.067722666476392,12.16723535217043,10.335251260191116,8.601611526347302,11.735967720832381,9.046131516864092,8.893813988769002,9.331435067361735,9.99421069239391
11.176701100687394,9.345643487594987,9.933085441214782,11.265788007312617,11.614438273367938,13.035811531974081,12.170316050829936,14.141546197323954,9.808358373276935,9.993425907016075,11.2904884161154,12.406142592994257
12.085439834269923,8.13657120884384,11.803761489021527,10.108501959089928,12.82471589057852,11.262382245730075,11.8539065282013,12.39797386673549,10.90269046745094,9.642704820948142,12.96137930263195,12.951583050631859
11.671662862367157,10.75932184216374,9.591214945462639,9.99033936221435,12.676505057122053,12.514339584280851,12.776292930434959,12.958783307577631,11.831178916941395,12.570886999816356,14.657166283619956,13.960297512348477
11.243046923482195,8.232546307487334,10.969837128643723,10.160789813824152,13.00199026533817,11.366684361840534,11.646193046426875,11.789781752055939,10.309308429084117,9.810478560379325,13.546453831350311,13.046720164228738
9.859713725442848,9.574890190909219,9.569865487128983,8.950854571921376,11.911768598075101,11.809731629879044,14.409290552279257,14.291879677761308,10.627552286761851,8.631282967401393,10.26402736969297,14.826160381639387
12.013499965524563,10.73531217808443,11.897146231863262,10.583376754018213,13.361805847959328,13.121553762125506,12.988097370976762,13.335500813624872,10.054331082881866,9.414855755497243,12.414791064651356,12.59579804957178
11.010080104707749,9.013670765846488,9.29091611068896,10.398544183404816,11.319609623312715,12.072835360513533,11.888539487957999,12.67237043132625,9.45826320475938,11.87233353391439,11.790480983618446,13.115506800917526
10.0373634133587,8.524285184460227,9.576125884707672,10.317896833974585,12.279159560276675,11.97399622190132,11.49902574223675,13.210771065779769,9.939755328002759,10.269208309498921,11.131587097719004,12.636809099723308
11.188036595956753,8.96631267517918,9.399042399759582,10.405046236824347,10.954750687863152,12.145639009591527,11.561068136701634,13.887755027141472,9.943318024862673,9.787179293755017,11.418157605276432,13.235696144677423
12.00519482796348,10.645540432851895,9.869815450458677,8.811812847799766,11.54514600836691,11.446900906106915,13.355920553965834,12.695437870457088,10.598091520155183,9.69600524872316,11.47470629058053,11.91045294132354
10.545804371522843,9.458012989880864,9.242618291039642,10.221754060086784,11.783988391123156,11.912588544522345,11.849211400164508,12.6193772948263,9.740295647075595,9.11424267650071,10.63465364077794,11.36758468323936
11.121471526437084,7.686713678860246,10.95712392197816,10.080779374386966,12.998094408534877,11.212977993542205,11.27759028088629,11.891314575327245,10.10471495210193,9.707928944976985,13.112021663962903,12.719972005180118
9.863567934169328,8.960906921859207,8.563058997573505,10.609446819039633,11.165540640376854,11.352519651639883,10.938302068366772,11.606221029194598,9.244407167471023,8.767026470553306,11.120419617456646,11.077807906996084
11.603468726672615,8.457098536280814,10.667568251773037,10.545523066212803,12.524326593113711,11.609252868712108,11.433778335582147,12.229522235107622,9.807690608738843,8.782493812785509,11.344759801352973,11.432683312565045
10.12288355092711,8.324059339458096,8.797572764610173,10.128591358196594,10.944235935150108,10.916764382224885,11.351591918900644,10.763548146814198,9.1038535594786,11.35815529375587,11.229127989555916,11.197262870439012
12.816237842995989,8.46539656286651,10.928989844540405,9.791132128704682,11.405139367637869,10.586889025409958,9.840266905250695,10.902580026319102,9.477503498002033,10.233048994694887,12.236763492108862,11.963478370221216
11.064050875762378,8.640995109385171,8.367207968996976,9.579644695008152,10.938741218955574,10.40494476538617,10.22000531982945,11.867514899546116,9.16233773336057,9.705683883563829,10.892521884324553,12.421495852143252
11.735896285832528,8.442790886700342,8.68743315760515,9.263543479447854,10.800919388432261,9.737815718122592,10.3052647139446,11.606539305992271,9.295332082152687,8.854858144998074,11.663350237388602,11.065500405562114
9.7089839159387,9.665736150491488,8.992057146814469,9.957732628535396,11.469985472080648,10.479095043227101,11.399431549882603,10.44024491479562,8.983345380273343,10.553749975387289,11.51939110611358,11.745067880258519
11.084907141920276,9.768475186128507,9.783637973440902,10.11637494199622,11.672042551006172,11.914274617721041,11.592696080900351,13.065622935257817,9.826176739985483,8.93608940559068,10.546274031708252,11.874340182730164
10.790568173243086,10.085570155282792,9.594904966310585,10.689011651811368,11.714015362111393,12.145000348576902,12.547969084396383,12.182230902093725,9.260377798656613,8.822262096141387,11.083344973874906,10.847047921389828
11.063042642099399,8.891689001804052,9.738495101310736,10.347269656623212,11.743247200884728,12.19035849610368,12.36042999750394,13.440823948021698,9.97649264132548,11.563645934819942,12.08286465017435,13.7986145883448
10.105203130946428,7.936180966721448,8.711698016610937,9.960061595378917,11.404939985442757,10.596439491927734,10.071831111830011,10.949951348693643,9.026870277998936,9.112527845128163,10.97036447035469,11.795614559732478
11.185550040544037,8.76306989215508,9.236236165284536,10.284516142221703,11.033362973989293,12.06198308331509,11.083988996946939,12.989843168341535,9.987631919830235,10.025605104733751,12.17478940776921,13.258699541443656
10.848422972140142,8.66125118570074,9.530310992905171,10.313614343563788,11.519443645836112,12.042798265282642,11.043114026720984,12.750663295020594,9.738543332943104,9.538422825610823,11.122130463188524,12.00993492380162
12.667503709112172,9.972024004907796,11.404707046758926,9.934417151207853,12.556963150358111,11.940351293825248,10.69526658380359,12.13575847865661,10.651715713081453,10.18437947026061,13.968125198483364,13.287615493673947
11.963510364911425,8.305004339829802,10.325194574960548,10.247524363181368,12.921373493466573,10.805237649938865,10.328887287685031,10.717763716389667,10.055692720441,9.258355249448591,12.365590619997624,13.161577015862933
10.854865565880907,10.045486473456265,10.097473578489861,9.765945495871817,11.725414465550084,11.571448770947057,12.858847497205524,12.630738569086747,9.851450968712125,8.88615039121571,11.00588330819949,11.763134658361075
9.194373436839813,7.371793808086463,8.41670214794541,10.203478337835401,11.905317417356375,10.569146811934466,8.657472887456192,11.553292426548854,9.009117914313604,9.301665425058461,9.432695802411605,10.093304882327018
10.261481240766564,8.715540615677547,8.979634793629257,9.849570428306553,12.036499384995663,10.342870009356876,11.109564174039214,10.818074291671467,9.042843376226356,9.656510414673711,11.639143960122658,11.2419815419797
11.430466522940481,7.5952394204885785,8.49016040747058,9.195627884890461,11.292778870889178,9.996886265593973,9.351264821307321,9.772915054386788,8.643326264178613,8.721907001055408,10.252158084928995,11.405584661942415
8.613568864744538,6.86279514045836,7.733124648853708,10.343820092740106,12.550198192679508,10.338154134072175,8.274563083682432,11.620188558719835,8.88590136848733,9.26278784319381,9.057172074749818,10.033590832740353
10.484439843776105,7.1283190454339245,9.386016576482124,9.966495642009852,12.380981557340434,10.830410355804522,10.33899561773693,9.662333829238609,8.702669733580152,8.298212842287034,10.293480100450887,9.358997879689895
8.243672302514454,6.828501504762396,7.724644157923171,10.132213035610967,12.426387037753448,10.275657624066117,8.232784979570999,11.505926425915435,8.695605681977357,9.159559559061403,8.959868774473717,10.083900481100851
8.338065978499055,6.3747359329461455,7.820739881953219,9.916019419539767,12.230279410536625,10.265734030913164,8.599283874992604,10.961799615870492,8.701318342603416,8.909955371708106,9.161884194140555,9.799061165044662
9.071682135258408,7.28512039827155,8.0789539738438,9.857075451641029,12.234587587419323,10.224514096616177,9.17200528102487,11.811093111514168,8.881006959040095,8.687942738709278,9.627458937448711,10.256425489649203
8.273321705812187,6.068628979252036,7.740348674583751,9.674781131737626,12.418588028658405,10.400115316323214,8.092111262827958,10.894793412314725,8.523938215289126,9.002004845375671,8.946036451145414,10.030353389788127
8.210134024232463,6.399807849740789,7.631124952876015,9.89271850004355,12.493225542067352,10.252063347662185,7.9128830120419265,11.324154043086429,8.686128775420206,9.094108664916519,8.807598414549785,10.08750525670557
8.251704463697722,6.404663596593573,7.751177502107725,9.665705336065542,12.485127103260057,10.20133338573578,7.948748052493887,11.146571347630186,8.4091356363398,8.912224805112958,8.833234888873609,10.121600649842398
8.439279186889655,6.7899005073318515,7.667606887749966,9.565959965048256,12.365577977175043,10.023759652605058,8.486370552437089,10.611343740114107,8.648948437504988,8.865904723825592,8.820878321104988,10.199618812287703
10.687055916153238,9.87608335105078,9.096414079126863,9.853741515304636,12.024381854089732,11.767173000048377,13.150441317105296,13.710719427692753,9.964311881478643,8.339600316496446,9.805852453694515,13.06808751595939
8.123383633426942,6.088152507416504,7.828747861998396,9.846771247896578,12.186073153934766,10.181049801378874,8.25451462141894,10.72212737468296,8.565363911320343,8.759076376317582,9.160612045003125,9.974915572722567
8.916118388326723,7.820461213170165,7.627523540159734,9.511314558941633,12.374576400093801,10.413173126005985,9.76541293585565,11.315934005334519,8.783322945208623,8.91768009237286,8.90426231307138,10.292419156201635
8.237529392334595,6.387377807037416,7.5151823264137,9.546460446778848,12.425536260223906,10.110271955536575,7.979458055301189,11.098617457308032,8.528296185360292,8.998900526644432,8.67689922499935,10.205837260062296
10.953020234037854,7.936228249460566,8.938880326091146,10.271523555278296,11.45756651417694,11.879427261204409,10.734315383653064,13.390283136039228,9.464550370696763,9.804292894933969,11.277352743443984,13.269836524608179
10.193652039456946,7.63315001130523,8.142146585885326,8.73409791850976,11.354842808975512,9.952416260909176,9.507264505285582,11.222975800641137,9.050870077847408,8.045510708408221,9.180497333770843,10.002012866152644
8.982676702333999,6.112100817699968,7.8356197402870995,9.48244398592592,11.224204927485648,10.285371674017478,8.732675905325166,9.9821349464056,8.615314801575193,8.190652889210723,9.300252483543689,9.69040029971991
10.232807104530758,6.918805892082249,8.97889870291114,9.45583504667351,11.31843138384176,10.037887680230577,9.569651152024374,10.977952731539082,8.62704769932591,8.21097947513986,10.877991070500698,9.558135739858304
8.663074837831166,6.8408547561815585,7.792903858882678,9.618425682473932,12.209623656818971,10.235292708993187,8.49087798639714,11.139997524825091,8.51755356677438,8.872213569936097,9.047848388223407,10.304001732456742
10.760329203892102,9.49955464088298,8.167709420208492,9.792958340297512,12.58492742099779,11.027186439898996,10.912692809120632,11.984466641099111,9.461395988537435,8.378832176150906,9.28911022254434,11.408028529679774
9.287639360017591,8.493970424323054,8.428438920039019,9.732484859453853,12.819496223430686,11.567185086773337,12.371080843232951,13.899084807314809,9.41585944198365,8.552919772558782,9.320958206512422,11.663277902520871
12.139164718676698,7.78127408759142,8.235983598860713,9.369140681471851,9.847767236512063,10.74171567053391,9.214595801816943,10.025310743956721,8.504001611496424,9.79974374785954,10.65676029109926,11.472813089728161
9.681427724838912,6.57726109011095,8.020067357286226,8.130337761936525,10.38208851628739,9.468263450859752,9.235480721994238,9.920984954629517,8.887305335493593,8.474831887667019,9.411090442853933,9.448865792321547
9.636521684138852,7.081078749246725,8.774931429694385,9.858848767476163,11.294625878172242,10.978170298692595,9.149774192696944,11.069740739518071,8.718620681014736,8.9621249001982,10.239657056157684,10.656598493378985
8.587380007210609,6.97626869567847,8.056010403471761,10.277551141238687,12.443259315583306,10.510371438505645,8.342139632836536,11.396211812960312,8.800524470630775,9.348758888374107,9.168759971844139,10.052363336625142
8.996008454288498,7.115885346619099,7.969188189756671,9.906810855691223,11.432348536447714,10.209474848542705,8.445044726461214,10.965465760512393,8.493309945283421,9.610640628257142,9.301962896679571,10.172375867753123
8.37658379807932,6.228648966891912,8.262550520024845,9.920423564550063,12.224873772761045,9.957417422160118,8.288233907192833,10.683902220271198,8.334689252234535,9.235088768327707,9.012592899426691,9.837018850084469
8.517588245968998,6.787677160335155,7.87108096579933,9.983677881594756,12.079608283393306,10.195115926312285,8.165003082075188,11.40882658597149,8.884913909583057,9.39015554265434,9.103331179296513,9.95073410657916
11.150117940756653,8.373656215992172,9.760219292511037,10.919496645921882,12.735874342033345,13.43038261978943,11.2259132026087,11.881599416159835,9.427346695020969,8.601165140253567,10.869524364512166,10.049565076947701
10.672573718783642,8.618453497778747,8.452570330508985,8.464980380862274,11.721855646203688,10.247740330926481,13.398166028499439,13.571980135370747,10.129528897381414,8.39292221757307,9.718376367912477,13.303319200859356
10.695140901746207,7.1313204397808825,8.303143534302736,9.389734407445653,10.49300503219106,9.779328029283661,9.246809048327883,9.629778423035745,8.331224325042136,9.407922982639567,10.811976834782048,10.445948588763235
11.393590991828965,9.562284269935132,8.623307268524284,8.323080425119496,11.688044232872913,10.264561019529177,14.149890079932636,13.819092188990544,10.41653935878669,8.481346396263707,9.564560009621092,15.214845611410771
9.304065702010881,7.321429550350005,8.602813410290818,9.47439813348926,11.38542788043812,10.211975866200735,9.902049086069526,10.934508390969832,8.919512926760845,8.691808717104157,10.013972727204331,10.114697129719275
10.178521529197903,7.83756888058657,8.465470173200782,9.194470916697242,10.95615357316701,10.134887124249364,9.598420442925274,10.307501368578118,8.542288866508095,9.415684737226705,10.112631512227177,10.142569269679331
9.87265200589522,8.444393091434536,9.183354741198384,10.567014579042716,11.118657925150297,12.389701935063524,11.456283775971341,13.318330307710777,9.643053836351378,9.15617506598845,9.805943824029484,11.08151686641831
9.389025100604918,6.153582932988847,8.58788520572136,9.490450820946265,11.403582876842298,10.192835536184894,9.52278829666072,10.805150383167643,8.569868109226972,8.865755003912035,10.035511431530509,10.676442231846714
9.352012783779655,6.702530840470352,8.41406804391036,9.329118990935442,10.753075432641674,10.469230267526987,9.075592774297002,10.564275593329393,8.746091286575904,8.965730163317998,9.979124380474083,10.179968875901766
10.706759495699481,7.168014558156321,8.878245622480877,10.47427972961118,12.326946229673968,10.687470711060506,9.829802259800921,11.86000751990806,8.952870373872331,8.00637237834269,10.167395472347483,9.681139350617379
8.221330471974243,6.0989550040268465,8.150297836326958,9.717199674731763,11.867905743443615,10.144550792333542,8.428308164281518,10.559395689916009,8.554724725370022,8.703348944339059,9.173299768558694,10.09513656282802
11.69637931256326,9.11202868031187,8.72043749515044,7.37511183576734,11.494763043397167,10.255959146985322,13.548381865893996,13.42938339202272,9.89536476930112,8.119946728809813,9.623068930292085,14.288204655966839
11.805084733818509,9.362478291918755,9.32801293893649,10.329946183143432,11.601974156834418,11.550451046562907,10.730177801068182,12.428687668296861,9.373252132694105,8.550018530153377,10.588447432803846,11.237354162027822
11.78735677961485,8.905466941088998,9.709086818481529,10.093083443216297,11.715362852670845,12.286897149313784,10.476128048596491,13.332921918209763,9.236078601919665,9.27738927940854,11.152113862161498,11.581779981101294
10.28762220728261,6.842090742241333,9.269309333947696,10.165154041755981,12.492145797065417,11.498454805498067,9.667582402294638,11.585320205736608,8.574303775372629,8.65754878636983,10.341117543240523,9.698137230690877
9.929614176157068,7.084860784091315,8.220973810892717,9.452104876612536,11.26391086191485,10.022974595572917,9.3455284728314,10.566556227186533,8.591223435728594,8.883761202386548,9.784523955044719,10.66370281814955
11.494101051018715,7.877426930406147,9.286853795037324,10.254207701290163,12.048650962163189,11.400696139096118,10.774626944264464,11.911187225626303,8.586475445302577,8.914052062728963,10.768343215649923,10.749128180954859
11.425447077868819,7.831614573948967,8.703927911759607,10.941491430386264,13.079276172360661,10.443521153926506,12.87863379382592,11.589529460797575,8.997697737405394,8.581193138725252,10.480820073909157,10.452451559775067
9.17646799780575,6.1415770538995655,8.245996444867265,9.824610107597026,12.25704833924905,10.513994313051745,9.196233876409876,11.084957462702441,8.592882191720179,8.56329446297787,9.751885586708635,9.900619795701099
9.69448720839762,7.6433808262065694,7.714772161307562,8.657039035076997,11.824558204982578,10.23334405893984,12.048781269353707,12.617426324495439,9.512036981848121,8.07355318313901,9.116623091348789,11.110541676880253
9.182027233293933,6.2607381516568426,7.784348102225258,9.200411011658746,11.092522089277471,10.151909194854683,8.622750207966527,10.159184819208628,8.453468938467086,8.559715506717986,9.310484839394466,9.777635346081013
8.668231371181342,6.5256904748119595,7.694782399877196,9.612470181966305,12.196559947563092,10.209427425612422,8.411495899569674,10.398788309340643,8.709902518688953,8.702099440741717,8.951185186585317,9.948226601812442
8.958003427044634,6.379982258101464,7.832798453985906,9.31932494339974,11.824558398919859,10.174971564748486,8.923103824066713,10.356199943715309,8.59667137288424,8.59165503011552,9.26133555733362,9.709336960596628
9.938563655946558,6.593861515132705,8.00450188045502,9.110844691880702,10.899031615687532,10.061746748135125,9.03054597521287,9.320882021326064,8.491329316156932,8.618831867811316,9.210368803026444,9.500750743820396
8.765214203899633,6.739737536034083,8.927473155310656,10.338133925521255,12.243360782629829,10.476732221227348,8.84067396472019,11.363195699633808,8.572187485104294,9.269771334459712,9.903227891469237,9.641543494762422
9.281001293216875,6.818537149571957,8.4871054808611,9.690744841806232,11.98778543706557,10.151311930646543,8.996543855517938,10.52989298707921,8.551232718711905,9.2933894000423,9.611897827398243,9.75974134516566
9.232439092491493,6.010153666641138,8.9518536797565,9.522108132338307,11.500724550013814,10.309456736166593,9.204970955068875,10.22659080254254,8.645324495395654,9.070308252291774,10.23389195172258,9.65444891252212
8.728031991183054,6.404607742738612,8.488707160487042,10.314710745214672,12.264170656111169,10.29538897794138,8.578681813576521,11.70854192329472,8.887451494856457,9.47377398024774,10.477632309612828,12.174813327809018
8.977244231981523,7.783837601369649,9.563998848668126,10.588603189463505,12.504504936382036,12.231070677566608,10.223900618128342,13.31578074061518,9.353608630807434,9.305445924408904,10.663592543400979,12.390157741928181
9.36273957871265,6.713924684390488,8.725235074281837,9.749546838813263,11.35616815177106,10.1903597229319,9.265081568011603,10.30456437624587,8.804824739703632,9.449338647729283,10.560603328379717,11.260787049497537
9.274928875685553,6.557186540459311,8.538598470395987,9.380383533073477,11.592391752082648,9.386678631802047,8.870561372862008,10.297853090706804,8.853557315269386,8.954385592692168,9.824566076911015,9.65518008718859
10.183364971960945,7.663572118347082,8.738848415080092,9.049643016074878,11.81322890880901,10.324841801544956,10.071401508723449,10.144046785178991,9.03943480402216,9.190106391993913,10.377505869100714,11.035621059119666
12.113297369279524,8.493982381945095,10.344159724541424,9.522102116328522,11.56816197712518,10.449662605695066,9.968526473145161,10.383674807375124,10.522601572409892,9.313186863018005,13.338565014824646,10.9971927701691
9.32791929247308,6.333506507341165,8.815886182283954,9.9699583095483,12.18665403738723,10.211303731672807,8.984531220675283,10.71564197955069,8.756906241328192,9.066554696435436,10.384184114855751,11.741637020422102
9.607989104604199,6.86193361285897,8.863582939091518,9.288448984870213,11.1172209546901,10.0224277186951,9.191771727131027,9.977281779902542,8.559656796744092,8.971191609031791,10.413729532336506,9.656921225405773
8.976240182986794,6.524950294187526,8.47955422500927,9.887411950383369,12.014300643836846,10.299183776561023,8.59685793793292,10.82073081500999,8.850424806355063,9.00563013077178,9.642692796097347,9.813952419083085
12.514684564098117,9.906229571102436,8.941018133018417,9.171998147847233,11.112866755180027,10.803323519593905,12.280815998589413,13.289661597272872,9.912960464227634,8.9367629975597,10.860773762905247,12.139658144697622
10.909001210935815,9.442512045739038,9.224610551128126,10.674973493216857,12.139511951986933,13.733070249703536,11.909348662229915,10.939329474104774,8.784882216465917,8.915152537706176,10.785917492205355,10.62514498621401
11.863738928117355,9.561166551745817,9.049821714900695,9.568338161398106,10.73546683239239,11.128024577578955,12.400224354509628,12.124467054564214,9.235661566892071,10.845690962006875,11.540282483694948,11.791975948325154
11.03882380834359,7.790418314673787,9.280952409751322,9.237540216693844,11.978037697710963,10.210370929046082,10.716100566458548,9.64399312673256,9.022158803714966,8.613404451069451,10.98146649616176,10.02265171433824
8.242314524367833,6.115729261718206,7.925366727396462,9.280592542354338,12.00720401707372,9.635240271571362,8.001248215872653,10.175924083113745,8.596386192932478,8.640411363922905,8.723942031133125,9.673412862155661
10.871754768317698,8.221118407160557,8.766689037291979,9.075019654826777,10.68833442962235,10.216923423403712,10.04457041304701,11.462204928944061,8.979880587124782,9.07467935821186,10.941909843040659,11.190801558566276
8.770360125447525,6.9723304315165535,8.070470754522582,9.667483032997911,11.223423692138624,10.112234402979178,9.122388000616551,10.689062510152741,8.678318800310102,9.989918289408143,9.40827549188976,10.655222811557532
8.489803535604896,6.756440255628378,7.701983812019177,8.900519310957787,11.70158233459422,10.11202435686696,9.93287475146098,11.419518475069054,9.044428840890186,8.613436340834602,8.867284548180464,10.425436996834216
8.921695065276651,7.0997173406530445,8.132532329772202,8.63363242674249,11.456582453019502,10.452641729949196,11.247108990685646,12.231027618546566,9.252100572701204,8.680726958414423,9.02484656240283,11.279823775761809
10.00428775809525,7.016689497925716,9.058772663550371,9.928433067123148,11.790971497272784,10.564337845154988,9.862837743181815,11.297097707977903,8.584968001931724,7.890604644879024,9.966304306496054,9.812832329006428
9.869268054406797,7.039676847897479,8.400677973809431,10.001670620731215,11.835411065829314,10.45433574356701,10.154101077872843,11.139040619700143,8.832703368355386,9.031789638810453,9.742151422499038,10.800371030741843
8.181783348327478,6.627679171578814,7.658569921213115,9.982922352362158,12.347345606529963,10.225770238719369,9.175536442438124,11.278141393869276,8.957541930677058,8.7144237758034,8.817691517203514,10.062726252811718
8.370779004867389,6.529451547813889,7.606525572921857,10.172047487489055,12.498582607924636,10.262939422408163,7.995384748223327,11.409683465462951,8.82377283253478,8.894280606041399,8.723548960623752,10.085066648658852
9.162459791058078,6.006097582779876,8.617199208518786,9.702192146222679,11.868285490580364,10.190022511831655,8.860218261532607,10.059650550840972,8.466300110881319,8.622107671498124,10.203297832902859,9.391235806489835
9.67902017084029,8.00014685935159,8.29737794816334,8.974188198883711,11.971522745670132,10.273631224415245,11.12337815289249,12.35824608481641,9.883816640950789,8.564171023274143,9.256575088344277,12.92631467278127
9.23657612270198,7.175269307349254,8.631147634229869,9.638782331239561,11.17399599969202,10.340892445443258,9.247465418784113,11.113620708194842,8.993196268808534,9.168341646301847,9.732579922352192,10.480785685337215
8.621904863497594,6.350698876208805,8.791408965599915,10.180153828516046,12.213982672742524,10.350253772588767,8.941087945982547,11.465011063786985,8.835615148649904,9.096159853419591,10.165611995894142,11.427918174622498
9.210331143479513,6.686448976982797,8.68831456190154,9.563998145768004,11.626146708519336,10.06035667247663,8.889970155489225,10.608303362109094,8.594562841203752,8.701002009458177,9.910895091735329,9.868283646584082
11.221043354454986,7.468042489631864,8.042921003255982,9.039135220648198,9.371081050758702,8.857370728681616,8.985032171345333,9.343568432700197,8.06334679720866,10.90289560138717,11.28943551513965,10.826199847834692
11.615184192968592,9.076168939609628,10.697323957007727,10.425192908075973,12.574707729752458,12.184956367335644,11.139991761950311,11.012169216436536,9.147782341723888,8.385049105647505,11.522490022631324,10.620050546595564
11.679382323912163,9.905391868931071,10.597603541349946,10.499920474594322,13.364857032648208,11.188798697427229,13.592087911045017,11.348345120021373,9.599068302835972,9.033055673996978,11.540378534025447,12.128106646173164
9.572457099263948,7.858290180451769,8.452185514916069,9.456619946601279,11.80868780139614,10.329884039321247,10.592917521841695,11.476968730338104,9.593298736119813,8.704894438782679,9.523909349302652,12.615190871061309
9.019286371992047,6.341906761242659,8.794716991992857,9.437831363882573,11.91385708970209,10.864159079090088,9.366103065480797,11.456073848253956,8.9979010098234,8.268603913130569,9.854354463859242,10.82698894131253
9.285087982081356,6.339853651537712,9.173100374299072,9.693993960449749,12.154739665329858,11.101281970916757,9.52644127562574,11.689271014110519,8.807778532746399,8.308493934632944,10.208200444596127,10.1046667956248
9.965754756648137,8.235055392349672,8.395463561688924,9.40126688327266,12.034476982377459,10.238752785038587,13.105763151524842,13.264766999871222,9.9213162244073,9.758383695340756,9.865272255461674,12.119422780407477
9.381880828590303,7.494114641318235,8.596593845982825,9.95681135179698,12.22519777293511,10.382002743977505,10.589870483006088,11.196721498814135,9.482737398032114,8.712923605651259,9.481727463898524,11.92803726961305
8.830374711021989,6.144882525231675,9.239784237166875,9.96401542965217,11.973379164762935,10.53034998873209,9.024217110853396,10.095457077197475,8.714958518780957,8.76686324549976,10.141059467778561,9.604851844939507
8.582776328260193,6.751941611200437,8.311251071298766,10.052699203067862,12.323823134573109,10.31146609097842,8.795601974921787,11.331624994777702,8.89296262972238,8.783695650913796,9.349860533386446,9.806736929072315
8.561598613910384,6.7335899238385375,8.147518265236382,10.263209620751308,12.268680578195136,10.24515554455217,8.646590632349596,11.500095326310985,8.901668218429988,9.357946130017503,9.287056790486464,9.907080978716726
9.476890823788723,6.696209632583541,7.967165384322949,9.429945409709994,11.386380655476763,10.108594334519195,9.160745837850538,10.286191208007862,8.595793680658964,8.77434477514434,9.33746178859167,9.67909497865664
8.561841393139208,6.554781259369596,8.317815263072005,10.223300249302383,12.357830472055824,10.217549595632624,8.51021606232277,10.798275323721594,8.744196723847397,9.057854259719816,9.561774740658493,9.657094858955643
8.987526414791747,6.717968489567236,7.866201455569042,9.59746722373133,11.809869532874735,10.312262327892217,8.91975783223723,10.709502917983443,8.766989542796116,8.338732843565124,9.249252728128042,9.856797969667294
8.699359052243631,6.0463674616401475,8.513097498240258,9.491351409965871,11.752390891909224,10.158189636279804,8.880905890561072,9.34145531962204,8.262262292157706,8.189460651347101,9.735896340870678,9.406405715346276
9.59259132802509,7.6070138459545555,8.82355280233008,9.484002337031159,11.394141826862649,11.076295559548749,9.855033884270691,11.611513183273734,9.380269667122406,8.929073200407972,10.354237164014299,10.832198099182204
9.871844107685089,6.806292222392922,9.02571965276852,9.747247830769657,11.151586358565739,10.563233232191225,8.93560332205384,11.285686583773128,8.769285374084687,8.744535430981792,9.949172860998535,10.35805908016608
10.255278766067118,8.233189486399407,9.194687817234483,10.353822108013627,11.312846015011603,11.863105797834184,11.331875604033304,12.930949427658609,9.437803727717535,9.029670343032137,10.437219835328845,10.380071335332744
10.213949498597,8.293965846838006,9.28501311558909,10.15103136435682,11.562239226784914,11.51266032729157,11.073919878675506,12.848072331608414,9.48119996141351,8.79585614042667,10.579973002137178,10.544703701650132
9.791791921181304,7.575367487663986,8.925178536724498,9.401885252495685,11.333821243013613,10.875903709507492,9.731472289883804,11.32919727255826,9.224476407204282,8.662030130486222,10.26625417478857,10.357298397836493
9.17506792180904,6.461544081157344,9.053849102099694,10.076287996473098,12.273972912472466,10.842884555846348,9.247096164513277,11.238423113059428,8.759393636387033,9.571236007093626,10.458283146449888,12.031367129052143
12.716118085598325,10.360950668961541,9.303407972022216,9.241167571312156,11.165927984511146,12.249036960039804,13.756215934207233,13.643806906574763,10.018033440253596,8.671038008588411,10.761457467323732,13.019308984389324
11.422794296993805,8.129150171446511,11.000223029679292,9.68214817050996,12.626673502994539,10.295010658373739,11.319140822758042,13.522131027456913,9.916945164410754,9.021552877530196,13.597906602222967,13.522930448303285
11.340834818102119,9.16703493958984,10.488382801113703,10.750535386164907,12.68895617400014,13.417094682674419,12.34589398998416,12.07384540275352,9.56971650884105,8.693356118954153,11.458237673785112,12.29911623702501
9.60130733329953,6.516385331264917,9.138697876174326,9.637270181979398,11.550744401617466,10.363404440285514,9.51184816520165,10.04163915716961,8.856999145062805,9.272346210457664,10.17968015060219,9.647366183916317
9.259926784444476,6.677256469976205,8.665107163624313,9.76396523566886,11.493044798444306,10.159424085985345,8.776127354989118,10.823374253647312,8.651067582383003,8.945621592661125,9.794072681167933,10.343688416001148
11.617573328452893,8.328618500629615,8.215765717306388,9.351960839992692,9.691748832215804,9.615172658026768,9.822614011663191,10.43349029023117,8.476286622667672,11.130293133061771,11.511067502273141,11.116366318729456
10.064293687613585,6.711908922751714,8.961596231763851,9.651087182245234,11.816482050871073,10.251908129844994,9.856481907635152,10.005007380969728,8.801113975038474,8.567721305387757,10.41771102924595,10.093997422910109
9.431836654911335,6.5651963698832265,8.648688625302713,9.281602916164246,10.925711306597035,9.865742222096381,8.877725053450932,9.978576171285333,8.519800459631789,9.055974154296806,10.276722931517769,9.694425597474465
10.431348978547305,7.5384531210070875,8.851187603003615,9.659905042146779,11.022873527825968,11.101123204625672,9.568357666586381,10.301551607438212,8.527851571450128,9.820697758323062,10.728180973560844,10.564937028617955
9.804938390699828,7.013342017595225,8.675930110564366,9.884168030165405,11.278753725108237,10.83658928337863,10.795066823154233,10.537581976790594,8.933299188052434,9.856722998107106,10.33960088051561,11.167929150823547
11.954610342564264,8.62092350857005,10.917659216887792,10.047654071185645,11.895104123273248,10.489464813437886,12.071874816919474,12.883777305754498,10.700243273743625,9.612369648103494,14.13275310658748,11.825231592933521
11.944617118616746,10.747390955633003,11.295623749479132,11.154481514699771,13.538394282521363,13.14467862949242,12.741741064231645,11.233834648561723,9.766314476746162,10.260416433326755,12.737723412901625,13.177859311560965
9.573579839680106,6.611485907089416,8.82266332685697,9.668441136252437,11.009538324371661,10.373378448555695,9.388840953301688,9.773775277152744,8.538918168431561,8.949541218386374,10.19515650785565,9.47137731078969
9.259352320119774,6.631062987285017,8.67101853986937,9.92024455505952,11.579389317720448,10.023369840329607,8.82769804143291,10.108429850390916,8.558197878415692,9.328752460303544,10.289704693524257,9.991679801433866
9.799848351453756,6.791071441360665,8.942816261322406,9.746438558032366,11.320643048418447,10.647432955363364,9.724751827689527,10.536687276418762,8.564332522920514,9.103368784175105,10.064152205324712,9.846954932394695
8.4969690387669,6.751147909657449,9.254456224460686,9.529156217151963,12.497435888542633,10.878490219652697,9.734078033757088,13.028411913352835,9.412366730905442,9.309862571441844,9.647745134917974,12.196081087455745
11.888633036749152,10.014880579149754,10.475502285906238,10.649600930399803,12.857472677793709,12.767564531463643,11.725055311038277,11.135435197656681,9.787919269365046,8.682235214826223,11.633144967930193,10.501229495304623
11.37823866837961,9.106085194338242,10.33941784081424,10.691888835348028,12.614042291671876,12.361017823027996,12.270432412754754,12.608703311688291,9.607660013971243,8.456191033133862,11.098180847411077,10.765747354563803
12.04068221954351,10.270174114939673,9.735665525275376,8.331941892705471,11.830652630528029,11.590724691507134,14.572332407016114,13.832013691731266,10.635253433059761,8.393805050981012,10.328026110113914,15.114207389924347
9.83245592117659,7.869959032055123,9.064088802951682,9.70203966629777,11.913545892332712,10.436946258720177,10.793957502822913,11.414875703405412,9.259716871886258,8.356469911741607,10.10862760065148,11.67742990976543
10.878957300606976,8.021421684985635,8.809762623017475,9.99673822865175,11.30407616212163,12.135144455540036,10.52027178637432,11.358550479675513,8.965823734466342,9.385207421418556,10.953142922265213,11.271201451443117
11.125876859117529,8.406034126141996,9.007057998023281,10.22674415911365,12.409838829083716,11.300025178201095,11.198415089151407,11.60621294405673,9.343814712365258,8.37892463189407,11.08307827973487,10.718258763826581
11.481255563860435,10.455814400090347,9.476767176386499,8.91083155339776,11.75267730344691,11.634523555480262,13.962022870837833,13.372188568775062,10.62832894599343,8.408321090612148,10.400660502811874,14.15389744975311
11.655868805778173,9.920515902657199,9.259047904786483,8.205936337389717,11.727467441412484,10.747431750582741,14.217124325343123,14.079049597625605,10.501419255710584,8.417216199555865,9.950012029493704,14.93168677451371
11.731919575375889,11.01616356850203,11.34474622463947,11.01322968440664,13.746429514858212,13.892236554522324,14.762826875063737,16.094847903117046,10.107849237615659,9.269539618875005,12.121224786395958,13.426837074423824
8.650698134474702,6.616232646269618,7.814000978933197,9.759683242744224,11.99075276291586,10.017951395448707,8.069358560424375,11.081635362952815,8.795456453492191,9.114889180105633,9.094178075270117,9.99139744078853
8.698802793152618,6.533328190200814,8.117485550138372,9.943321655143434,11.76720792590977,9.80563726605343,8.436965074818657,11.248582239448048,8.691847723218313,9.21066516070416,9.219379152226713,9.733031737539397
8.276400892790411,5.911751353207898,8.653803271937067,7.898927221119017,11.320887806726144,9.776809751137712,8.530134935092203,8.202232859233812,8.507525230662617,8.153915874563038,10.97950501210487,9.09466939109496
8.488334310201548,6.4995646506861195,8.169589222633268,8.883505295507113,11.287781864994445,9.669182184395058,8.151776026828447,10.124637866619357,8.816412574381271,8.875677518554648,10.167114253559316,9.99029376688418
9.602327582308638,7.1587596842838925,8.932648201747446,10.193160876726692,9.965535605158694,11.076986632388257,9.038478834016303,10.26904022639986,9.282432985110795,9.346773097043762,10.708955413191706,9.674472620584181
9.164776199983052,6.052965367390142,8.004997576475695,7.948627639653525,9.596618065684524,8.913752701910605,8.69127388283357,9.017096478411188,8.354475965287449,7.979228999663841,9.418403166817892,8.769606827617082
9.129273489993851,6.492302906437902,8.131887241749386,7.7914519064258885,10.061894091862515,9.212570944310098,9.21462017425078,9.145232376512826,8.549267821613599,7.8401265893684196,9.752864250130164,8.993651209831988
9.540675368441006,6.145851755238021,8.03563540121277,7.860565690837079,9.876897838483725,8.6765009036621,8.83015906503057,8.923575385627254,8.437608836635667,7.962079765366043,9.81185414834653,8.905230338716338
10.614683353885948,6.657449104362832,8.132245090085384,7.772538231520596,9.228960960432266,8.247433002534127,8.827269925064876,9.262029479111495,7.952804152147305,7.995215599055397,10.361276398159427,8.716675679011468
10.606954590441092,6.443476155527866,8.325496895347422,7.426354646205444,9.55002434355595,8.28215093861992,8.842054949710475,8.328262857117306,7.948524798414557,7.755005226981872,10.504282492794227,8.596533797684783
10.696558428172075,7.98727176424729,7.960075331160221,8.056109023694978,9.449690769345926,8.906846899183387,9.203462737601876,10.139942739789952,8.53874584927666,8.894473320611958,10.440046044896736,9.658208752330559
10.344919577618219,6.7035791106218445,9.340114454497883,9.016223999553189,10.559264107525973,9.87969607777594,9.57803619972019,9.129131417160515,8.403277634040743,8.054294138691857,10.443161949934362,9.111520543042902
9.895165708021942,6.703347889179448,8.533350322436037,8.786227966906523,11.907303373232102,9.330162279633575,9.207112997007156,10.248517240810036,8.853980376359143,8.57044429256187,9.52333833942565,9.411932087604123
10.793197918761603,6.926816657219571,8.635519134628277,9.5919824552611,10.917996960734877,10.36218516711321,9.824965479362442,10.097954468541753,8.353697829956772,8.00280508846305,10.591780273867752,9.55372796125185
9.757730499592054,6.364270899782998,8.315335217682193,8.455216291438363,10.726239377625642,8.752792442108273,9.04100234599068,9.227867251697129,8.442722788343605,8.88801107976716,10.260505829992267,9.355676694690484
11.426673668188158,7.239712539613175,9.702286103172758,8.5143361663887,10.491735512194607,9.429132487618123,10.038705067302708,9.311611020164042,8.726296315826707,8.627304608377486,11.36561952421352,10.788115857156994
10.33987302071259,7.984712288132825,8.59114923753451,9.743154620120059,12.339103170628931,10.533393146577248,11.58000063910926,11.446469577297274,9.321923953721814,8.434278496076564,9.97283677216045,10.635769598461614
10.169373836430786,7.660024829509926,8.818949508185158,9.613425759506612,11.791075649599946,10.44302860930176,10.924470924828704,11.256280590572947,9.406952417264428,8.417177722878792,10.09092958019601,11.808973455585065
10.317627582612024,7.769254983825763,8.901584797019831,9.295796652976861,11.546085214073228,10.292613333800345,9.9229329105778,10.57515062143036,8.879980582385544,8.457132122629242,10.760213263247595,10.054733188160892
8.498875152674142,6.621752052793566,8.57664866526732,9.888841695951482,12.341448352025141,10.54618605994966,8.619712934452636,11.532093860052056,8.717091742011439,8.820996565399216,9.502985896516824,9.829562896230481
8.727349027215135,6.342686519127723,8.312839654029728,9.95254006023987,11.96804238887778,10.421539244463418,8.80543651229023,10.502960912045822,8.572100578887579,8.830044232648563,9.431090475873333,9.65758508202171
8.919104726125497,6.584424154249227,8.408271771847854,9.8037300567782,11.722233685630124,10.282504666730768,8.77718053096011,11.06340711012052,8.908369394354818,8.689737752899818,9.641806275221848,10.336333811231844
11.858442073790778,8.35609826719553,9.960810802463904,9.324444994012186,12.07787305390633,11.113366882549016,12.771355487508835,14.026351738466225,9.66797271879346,8.431677452033938,10.627503952016687,12.893404364706095
8.70683397313498,6.130182192902615,8.389149391590562,9.997688908076062,12.239541096314737,10.045770284690741,8.527757044156964,10.245932528678287,8.584434471478925,9.14705744937357,9.878699371758872,9.381948124516574
8.484303759562813,6.224781931983469,8.535290469008915,10.211331875906325,12.2547904419657,10.239545379037558,8.472008584420195,11.209620653163093,8.668683572201484,9.171225547459786,9.802662986238815,10.999778700910316
9.096305753861119,7.512672756742966,8.208804320202045,9.869194820852048,12.151077929604483,10.735858820915546,8.879656280275789,11.001229136711144,8.812206309465843,8.894589383078374,9.71083601329495,10.30215050987442
8.746281552452318,5.9458203466985955,8.452987602862416,9.668191672835572,11.309566311235532,9.828710776131325,8.822888260979045,10.048832279547279,8.459638273357491,9.084877783170466,9.886318509204552,9.469483530472136
11.557123703681292,9.717267173542721,8.50520565828611,9.754167690237383,12.40626685527762,10.459782524418225,11.509640056452245,12.206312598273966,9.505255797380515,8.138058352658602,9.813465935432026,11.072027521548316
8.672500601530462,6.259603110036395,8.218594972711404,9.743157081304496,12.16149914885919,10.171688909910774,9.28787733588968,10.648867369190095,8.67707013992996,8.98829435131773,9.308563038054178,10.19163861856465
10.476438485666787,6.6898344077840886,8.935494473103573,9.580171420652732,11.426188548698551,11.899220205148147,9.133116763182274,10.618672794686937,8.267425400913377,8.79813678826808,10.765034473707301,9.72644130902793
9.182237330017506,6.587842260427109,8.53297792346847,10.035516110242318,12.5184560006623,10.553425575100293,10.335170077514373,10.598759174319682,8.680858878097602,8.784139200895286,9.961853067098344,10.35281046655427
9.781573093266122,7.277124116076688,8.923815257382316,10.016632782566425,11.300649736006534,11.229951057002717,9.48467342178966,11.127626039993118,8.82531366775006,9.551916274721185,10.629799537825255,10.779523247325189
11.361213681031376,8.787880718497904,9.280669507455437,10.582426468170985,12.680818331654987,11.744572780767639,11.187868851868426,11.70639113670294,9.379127246080683,8.502232621908904,11.185192479844435,10.458910198714793
11.439430251711489,7.183037790405485,10.594766009295133,9.95303536243088,11.917171504810266,10.519352074131298,10.394382112875055,9.421203717656757,9.514199388890017,8.584986855495098,11.385890445731418,10.277884295009756
8.914674918329963,6.910045509774304,8.568592634855543,9.948955883635922,12.123923453495923,10.237889515777125,8.875985970861226,11.687226401498252,9.118438600536907,8.713379027431086,9.434199407480078,11.194023023770407
10.739857153236493,7.182515808854933,8.936784417243368,9.900681142172449,12.25160141439093,10.715429483929931,9.837656217375265,10.696529138886103,8.583245921122927,8.490111730025426,10.271863660011956,10.489668485993139
11.385458051042926,10.15988754463226,9.289083151567882,8.457221266309341,11.627946463533082,10.755793228021505,14.323508604492272,14.707292395382243,10.766830605637194,8.319064946313569,9.937565602768071,15.659041631626593
11.236894460047727,9.736184788761125,9.373898134960564,8.518512512793638,11.521644450114865,11.288322555667605,13.150082003993697,13.251521249978696,10.283205383018638,8.29726610037383,9.851008459658646,14.563619282119856
11.936743207733292,10.406142701967454,9.676133286781187,8.553007194634734,11.956562498035838,11.785774309715318,14.716436194203192,14.41587661490742,10.616851317921988,8.471973183226147,10.197334996535858,15.159215252491464
11.852166155722058,9.888582564948571,8.953962484679,6.6426254512272545,11.471986872236087,10.142596788503743,13.388300345744096,13.118227342990814,10.354683609195325,8.323641083767528,9.711339689263358,15.019461146831402
11.820750736185348,10.774324964311099,10.419292156784172,11.042002276068981,13.43362189905607,13.311456485659493,13.9624249009519,15.314665443555604,9.626748633459362,9.088751171527878,11.431073651632419,11.791087856453343
9.766430722438892,7.7970940398291955,8.523956371447515,8.603031671619402,11.985362974394205,10.40424795715526,11.716842770269766,12.546865558945107,9.799131574783653,8.158221244928153,9.492417179838396,12.99083104205963
9.638623350597582,8.698834206358931,8.375796740434884,9.098528932610787,10.94367298059039,9.85640703368216,10.181620361588184,11.318887244777908,8.978811417460287,9.524037078053588,10.85275339772048,10.946561905369864
11.222687829935829,9.265999392289059,9.792439730367908,10.08368420119891,11.757287487558068,12.200998048754126,12.277117107526294,14.522809444361247,10.198307321575664,9.414683226566579,10.439482271744167,13.384869570686082
12.059476977146897,10.640923327790544,9.270034537255054,10.7401761272135,13.360128281905943,13.351177163295107,14.148577439912314,15.446740245691759,9.705520198213273,9.738659630030275,12.044962680271665,12.592746962325915
11.343720327912818,9.041402790036237,9.434715436703064,10.502726537694265,11.207127538777975,12.47820198016244,11.629022516546152,14.119786408126908,10.02404338811943,11.89960454617537,11.613246376528837,13.329728251678857
12.288658401753253,11.41861017483073,9.363358323685377,10.757318804965873,12.956602983069708,13.569907740556108,14.519860711349342,15.413675171134551,10.081612347202384,10.457832870414775,12.155448903761078,13.298251562423104
10.285225225802332,7.337408351917925,8.796411952110908,9.917545663065608,11.47201015530767,11.144359896189428,10.62220443536001,11.256919874002627,8.872518040759624,9.324053546148978,10.453051512779295,11.73764432979167
10.72872588272181,7.9779179851058615,9.205867315978878,9.856981421425811,11.589638440002554,11.793524168079934,10.817130768184654,12.367450376173128,9.31077382928513,11.828108817009312,11.965312179813727,13.956620857872544
10.437444119899654,7.469520153823135,8.508353452220101,9.075881608840907,10.733970287115595,9.70237180523618,8.996570843466019,10.033803556774783,8.459098299847977,9.61414167981485,10.369556182441414,10.807899558898283
11.626845956250305,9.584216007070909,8.651831851202985,10.54888545241336,12.386816857885387,10.885616157373509,11.887212938260099,12.03465336132821,9.428854295995158,8.281757412202566,11.148022663557969,10.799671244276318
8.747764618424458,6.031864678520631,7.814059803099035,9.635754857330367,12.034197833746548,10.366022906683419,8.784913133459815,10.180578599995934,8.499953022570915,8.579790024803088,9.217152918695934,9.713992792252418
9.104256722938228,6.669308710532823,8.76785300808447,9.864172306176158,12.22506634081735,10.307553796388595,8.819835136440483,11.130392305454869,8.533686477904316,8.667127070137404,9.82190091729882,9.946095646566185
11.31244118539629,7.818866850012674,8.685249224806432,10.150566464385458,12.293840433631578,10.721133501243903,10.227486030765373,11.599805955285783,8.882267965598567,8.668299219106297,11.49974669158601,10.49370589792697
9.284282386120896,7.696625489190519,7.963905827892666,8.949756154772304,11.142569457683837,10.228573410855986,10.540756441634327,11.18851045115704,9.532429673107846,8.300186774175234,9.287710848274436,11.740402266327491
11.525026865342932,8.737973370023097,7.785758119617173,8.953180097283822,11.479364217213355,10.133403322138088,10.497135123683968,11.718642819617019,9.07284758924151,8.290024478072695,9.324263367012744,10.99898817690901
9.100101332257545,7.744983275709025,7.7075964830883175,9.771797896035455,12.404863108351618,10.143281231935832,8.620975847026319,11.701034354883367,8.857421606479024,8.689811857820382,8.88416826618846,10.498298222186294
8.618505621655597,6.7877826021828955,7.754947536338201,9.762947409461963,12.252747377211392,10.204524565287649,8.2488861297483,11.204066907073559,8.630692579034717,8.759579666875283,8.829834907381372,10.041913845604835
11.201287858387934,8.195733491929431,7.829991842387884,9.403774042246445,11.200025819624148,10.120943108795453,9.246732801514561,11.684574067884649,8.557310429370723,8.256167366003403,9.202926275408757,10.519597387111185
8.966055929761696,6.378098426702368,7.8598365647989965,9.288804357476225,11.965054710930422,10.014622977558945,8.705807150208585,11.263971298037205,8.491929246494308,8.814115504696387,9.130293526353057,10.107065489691081
9.305117214904937,7.296963789777342,8.035544899861694,9.489199382896802,12.113908948300248,10.126426948789586,9.130168270134616,11.50843274873126,8.681581736117288,8.390621700658366,9.147077799517001,10.434017717120355
8.472310078399833,6.180681177759923,7.875981028420353,8.878578655214882,11.807273313473607,9.973700371977392,9.810908643132482,11.577726267137631,9.288276812583032,8.651535375823464,8.81599560963951,10.585623893508163
9.544779377143449,6.256077380120087,7.729883761771188,8.069326261483262,9.978289746377188,8.748581899532558,8.59974086270322,9.35002556662087,8.489974017559337,8.16711150617757,9.846726285628192,9.56275427027371
8.572274112582265,6.45015303440754,8.189469011125759,8.719091224440508,11.119090395023688,10.27822892849951,9.79009538457023,10.484493132821203,9.091883089185973,8.303638842897518,9.241981563469581,10.013744506328024
9.927559149554595,7.698850095751445,9.147186541118487,9.684636193240687,11.410047967401372,10.842720678527549,10.849408263159896,12.287875784040189,9.530263868578277,8.470028126666612,9.822355562585798,10.902243458005783
12.37541708912793,10.616595859683782,9.91332345962731,9.0899509706398,11.766698903100004,11.906422941842296,14.124071950253784,13.610247569702038,10.750523932546082,8.913402542942341,10.649821960168767,16.92120794116836
10.526780661330761,9.187704275457339,9.34907234004159,9.370099693115526,11.55579687138094,11.43774937107686,10.998788101006832,12.560754329910996,9.71277751908213,8.543313527364175,10.119474988118744,11.64410993943831
12.229635309995999,9.52198505095585,9.041601335139054,9.18928183746623,11.964961252768614,12.109728932928235,13.53911274074197,14.707456644018684,9.915382582918337,8.27431657763547,11.099023744661295,12.892710698005892
11.618066033753564,10.983528952668259,9.844061863314561,10.281119435097475,13.480489807513257,12.809574772642447,14.926934279228503,16.105072678906676,10.188723795584622,12.08037218003262,13.315836977648928,14.045982099018163
10.279295643123573,8.66464631469372,10.19597888449701,10.688737982814324,11.976840361168392,12.155824213870403,12.038632629769706,13.520656408109504,9.857231346411579,10.473965384588729,11.172246014711861,12.595167495176154
10.218420235024336,7.9065779068394475,9.479819803078822,10.007346202622093,11.705140884014574,11.887300170646192,11.08939165536534,13.231063307195695,9.834529074941175,9.833103924936944,11.000031076645636,12.860574434073836
9.579296535782333,6.559774043113704,8.650240833333516,9.40796082533803,10.97505965665754,9.848380435053429,8.858751462047083,10.055155055474906,8.572833512334187,9.238403465971253,10.08939833952278,10.053952870568363
10.224607391472157,8.95062578676941,9.342976661305498,8.795470454998034,11.7633781724025,10.906430526083708,12.62792468792813,13.267113810074674,10.100984929814977,8.159063651651644,10.208091664804716,12.523994165738177
9.564096232504896,7.008504388112408,8.944061323418236,9.906775379710847,12.489611296784952,10.60075371561593,9.301498874456925,11.300523121110507,8.76672968935304,9.779590291259385,10.554188963635049,12.465875331157227
11.54147247497504,10.081581807506572,8.754905049561687,8.126173974372408,11.51037518493433,10.018339202729344,12.670630854332058,12.47117727357977,10.58580408567881,8.55470247103899,10.243589159615903,14.555745001909209
10.83599952784329,8.674343080797852,9.587614988822265,10.504566338416765,11.520706865083827,12.348404839442912,10.997587356055435,13.68135170333377,9.862256786592544,9.4010277465099,10.592871810964626,11.771484384686644
13.52398816429337,10.752752646411615,9.656961461601538,7.901289350897522,11.267175614712327,10.972531889058839,13.754206027357917,13.41516337442199,10.23844907261564,8.56969198246765,10.702226290091213,13.166937328765655
9.781437899180473,6.889410056045281,8.82853700187583,9.682432670872345,12.014269664388069,10.081047047546916,9.96513993269557,10.343328632847552,8.694520123149806,9.23045644378134,10.183683956329963,10.115285049090724
10.36701362036451,7.9200442190740405,8.504536040125357,9.266838591897322,10.992810063375252,9.791010864410197,9.328785097469654,10.184172288641221,8.614876850195639,9.099974383712798,10.848642595638678,10.052909350691724
10.745729524736573,8.981721920843754,10.6508636988603,10.377486259778534,13.155388487552019,11.750256956095908,12.197202425543084,11.402054311604102,9.238157254707305,9.402542048020498,11.197270798815097,12.361432857526347
12.396639680080428,9.761992764736389,8.654922834687955,8.51629001914124,10.66360561011452,9.603511898379493,11.187724056796304,10.904671314074678,9.612987580839231,8.93217356535909,10.396888456517887,12.453504413166332
12.08575142928501,9.153108985803147,8.839604745154181,10.86316610556698,11.012600671929954,12.038051304648715,11.446428838179573,11.907333504698665,8.939280947172886,9.210896108593001,11.478239139868693,11.350795298930194
12.241123050327579,10.41373806015942,9.770495118416012,8.297977623347457,11.811166980058886,12.39566565892816,14.832059987028954,15.422043771514145,11.249445645823059,8.61834660553813,10.129130015143785,16.838108219651524
10.864498180215925,7.126493198652843,8.221072507408296,9.86886657559657,12.186075928119294,10.31726292427545,9.094002428885444,11.232072479688311,8.475254084384693,8.116430509097908,10.256423637706906,9.81235887930278
8.622217534405168,6.495591231741359,7.8693652919611745,9.639260632966334,11.839284723632545,9.831065778898845,8.963793808592477,10.119139746765601,8.541803271701976,8.609469205659826,9.024098317235673,9.753825271769124
9.562436485910661,7.321886297595517,9.578501929509633,9.79169327409845,10.953225776256788,10.270191063703926,9.948729686903063,11.034960132993731,9.014034380166972,8.731116964410957,10.516020854584307,10.58254505887847
8.296651218049414,5.98075582117073,7.949012006716783,9.07805482483597,11.548160547942782,9.886985141980466,8.16140627558305,10.006201191840102,8.48634615447958,8.348642549017583,8.88559339284406,9.646529737145006
8.6300564244439,6.105034977029501,7.690945913668749,9.695144676650697,12.2437294789771,10.152482087340292,8.112298579911014,11.196115722026747,8.572108722009483,8.891010684919287,8.93020097776129,10.095908027551111
9.142384380940317,6.695093727080545,7.7607704562030735,9.675114524086071,12.409128641734975,10.236767121214376,8.716540794717643,10.936600511241462,8.499117459528597,8.918020911804454,8.944996341142655,10.197735647982409
8.70202544296474,6.302119607589882,7.713614746458855,9.944909787138329,12.613142108831175,10.466681940804479,8.294802160572875,10.713330026815525,8.762227599274663,8.935081044200508,8.873253631449446,9.809255292480985
8.683230504246565,6.410388715534442,7.777036813394662,9.55083450710542,12.49577356955882,10.179264700216583,8.227110036738187,10.033177866307621,8.401146532571477,8.843006139138284,8.939739453414072,10.05517567634738
8.613189446611425,6.3833900424489105,7.8342835279038265,9.801969731982577,12.478742400051978,10.19598789304895,8.656269211470464,11.168543631836705,8.936532786669213,8.69460863821178,8.962824910187972,9.785146816917523
10.368738278762443,8.123805510637265,7.836765020057457,9.899643797905702,12.479290595908582,11.132991879550747,9.426221449930562,12.077458917250247,8.676898473218882,8.59746559671676,9.09664915247322,10.138649439332085
8.74736915570933,6.323574264801611,7.863840032865916,9.312041948550974,11.816286172157772,10.060951978085933,8.611318456602122,10.482347882216649,8.521283246254733,8.571137935064428,9.011547992556462,9.98083615041806
9.016689361553233,6.473260836355277,8.159269294961272,9.198175464102462,10.79671405688473,9.684805092010155,9.087817603408256,10.22509307301453,8.493833099007826,8.295246200734645,9.388612159082642,9.482022501316454
8.245025450687372,5.990860725054801,8.039369997636078,8.881276934130197,11.41859649250168,9.316804442020624,8.421536240493218,10.237515718981046,8.639108151710268,8.349717481788181,8.981312108163804,9.481919789478022
8.95896636523024,6.669310217009175,8.874062918916515,10.055677116621967,12.140360590080459,11.611063952550467,9.13797699194998,12.245444446684592,8.918003229026851,9.768182433694541,9.420719061496328,11.83023628259084
8.513635095195978,6.92561467414313,7.8893963023566975,9.189621957461581,11.681775201031195,9.721093563508264,9.806481477353879,10.51497364022584,9.204614879086108,8.424950363053684,9.013575697126745,10.148494195452228
8.154889968097507,6.548972336600575,7.84286998745775,9.26493250814694,11.632630484753003,9.963609992711236,8.973555725810865,10.921898623316197,9.348987495623936,8.77004286302528,8.947660567838453,10.181104586648377
10.974502133100192,8.573631190861915,7.679362539272907,8.777340519902925,10.295755531512992,9.686583938263539,10.852608925271985,10.42310640713124,8.744383434242996,8.639828434117874,10.39421464791117,10.464559317290755
10.422925881812008,6.254606708834925,7.568351953779801,8.00256161015918,9.74625176451335,8.763185415283688,8.530377624310526,8.817503734544413,8.364791466188745,8.42618987711501,10.196073880700979,9.536905738123455
8.839968109669368,6.639990270460825,7.896561316999511,8.322815538737734,10.954207484145668,10.280459300856199,11.521757124882228,11.94804462983936,9.08067980990677,8.676691700796065,9.738142805657718,10.664133191277417
9.261112229056975,6.495444193053239,9.173742312942188,9.54449571081598,11.895093288668443,10.4071887892714,9.187961016695544,11.531216174130392,9.108331455867388,8.864817079665361,9.60507922528219,9.60392484631253
8.916442064452868,6.22211415981891,8.551490540927075,9.535149945840194,11.987557432462387,10.654834919480173,9.256771660631628,10.749492763180411,8.921563138348521,8.15952646715191,9.602642738910964,10.718146988415011
9.236184372958697,6.9959769012669675,9.069499506078692,9.813722443136836,12.143589900640466,10.874601249716818,9.374445222537792,10.361716458615128,8.728640848190828,8.578613691310235,9.99874908028638,9.40768500467746
9.130867949580312,6.2900175176258655,8.98172778143034,9.80365130844612,12.418192691512223,10.473783194329448,8.935958273545912,10.509069478633517,8.742851873852782,8.9089961116562,9.509398792093132,10.165338432875341
9.205516962127986,7.916037539149717,8.338019442987331,9.625624442518095,11.282582751345348,10.470812232239583,11.222782021977082,11.000209539618663,9.00691771841448,9.89746336556192,10.366290446180699,11.065953352545302
9.703072359201196,7.481335027918561,8.467372286166722,9.268092620290993,11.376251472474946,10.435401482778348,10.636236166382467,10.741276029510795,9.242636355616975,8.828051987823066,10.169029258771879,11.026762949479876
11.844667418565043,8.14472548222774,8.43408884757082,9.471500469643226,10.26990064683745,10.257596364775026,9.991098146796228,10.474531791274433,8.41968176052028,10.750838186009707,11.500004962431625,11.218033145397676
8.75369477751196,6.537611554351564,8.732983375884338,9.66876018906032,11.691096453378336,10.636836983590532,8.886273415406631,11.257377100971114,8.992913585891843,9.366486647897096,9.140872491522423,10.354923325187785
8.745364242654814,6.403877354154689,8.702963288169956,9.851084198113384,12.294155505524301,10.258532528987514,8.89825128188307,10.297654952580022,8.557721557690181,8.631291005567748,9.38992264362316,9.573398372579737
9.151449394612603,6.353571516442482,8.391068875537913,9.943283003268906,11.968729806967458,10.487487032194187,9.010615367490558,11.007570936878771,8.880576071358536,8.576038325937894,9.403758855862655,10.376135999387763
10.5566928991053,6.922580778243971,8.407128716960802,9.141479579489467,10.574394892586625,10.043256087005355,9.539639070003924,9.930033740539624,8.591305550805465,8.919632350921264,9.715651075419544,10.448493357625585
8.721559660542853,6.544224304140637,8.556286370768914,9.7743442759745,12.273347840161966,10.849731206526346,9.25334213540279,12.087354788664936,9.023438197445996,8.562690042368406,9.158766790913848,10.619230130361412
8.957861352052806,6.556953556400084,7.859105556934187,9.88921210938662,11.958994443938966,10.19669700405575,8.828467456692488,10.355875239308448,8.52444846657871,8.687737549118843,9.173446559064459,9.789078110261384
8.358872068618682,6.126011268095088,7.935109134789203,10.078046541972812,12.500387159764587,10.355085296372508,8.45863074327674,11.11541217204088,8.65412158526255,8.88168336387128,9.026224477030153,9.8113363568908
9.312118760460248,6.480473397280509,8.048909581033845,9.432702762133628,11.172670211278263,10.168341935191561,9.196283782347061,10.612797096004448,8.699141212839109,8.6278951611449,9.25107710449709,9.631841213136772
8.741790153484189,6.386583978906674,7.81415467086834,9.819304298124718,12.08239632574397,10.288390878405496,8.884044945323213,10.635535373622169,8.598244884554235,8.566599271333311,9.207898976179179,9.809289158799656
8.420616050264668,6.2732419843490534,7.825587558503706,10.07379255156768,12.504032274712431,10.308610388391292,8.316078930919424,11.056703945267659,8.575259518731288,8.81651383967415,8.95432817124831,9.972446524182667
10.146572491040674,6.482455598248858,7.871921674689518,9.818549956152832,12.338949030841972,10.233040513470485,9.025507510370224,11.685933813657686,8.592411370833211,8.263060921773903,9.268262591125897,9.998644137226348
8.57314111210724,6.088465736497895,7.724899647017548,9.128367178715497,11.258671475683636,10.21467658237811,8.548777982652727,10.643855623112918,8.562148288854262,8.552243762752902,9.168770401571399,9.908488318068763
8.441444654749048,6.440306264369804,7.736682001492838,9.893497828580497,12.508448905606702,10.231650977757079,8.264337292223937,10.760590272238696,8.413706144100939,9.001621809823389,8.872526252679469,10.097522112956323
8.223450096974979,6.327548356172627,7.757051790558466,9.654964187256924,12.51701858646946,10.18904866025056,8.107762235349576,10.926152767820636,8.37850859798133,8.950667610604036,8.910798772647036,10.003103659727236
8.512361954426757,6.655102319619038,7.795861478065614,9.66841324499088,12.264792313464955,10.195814642400606,8.259581718035976,11.36327843607119,8.514004565852916,9.034148953279912,8.843811463445475,10.12500542664505
9.175715439760458,7.6050240636442705,8.586627623527013,10.153063762359864,11.584032572428313,10.204329125449865,8.898618053559638,11.626532634411147,9.11823017098415,9.364204127326081,9.724338594344383,11.23830289278213
11.558015769167444,8.248781053996368,9.887967808230917,10.03198263082461,12.534268914351536,11.349566806776354,12.29129359540547,12.26049904030043,9.868880006717841,10.116134501008846,12.720483468006394,13.038749717462649
9.211998495307572,7.080889579799802,8.556729170327966,9.61421171532023,11.764780711467964,10.47109275018447,9.968183624063482,11.349408018222189,9.019957230608714,9.183022263253882,10.22089692303153,11.491573944276059
11.588388782887877,10.411872818880981,10.690083001916832,11.376640557555122,13.579284751219653,14.464080188137844,15.359861034496646,15.077674549233004,10.449258481221007,9.76871377211669,11.447389021951691,13.546615036322777
9.887816591239185,8.239513970703946,8.131042126916755,9.561040142456491,11.580532878156651,10.416661136719858,11.613104483212414,12.47175649121037,9.351491859068402,8.74764880337885,9.916649872998988,10.92901429495731
8.844091438943241,6.621863416317452,7.896409119241682,9.253439166672596,11.210968752761012,10.020538717595151,8.413441302677159,11.379394008960553,8.302510458827964,8.996279356640587,8.728090280044047,9.932282985579953
9.17170432352519,7.1314086926210605,7.818531943246403,8.70478681807261,11.562745728240985,9.660906331940744,10.701668783559516,11.790331914917633,9.06283178269403,8.395405433346296,9.033077606430545,10.386589494682818
8.052536397924712,6.268107136448297,7.729625713957997,9.704092616538004,12.372675364134103,10.270234714114139,7.751529335433393,11.182501864975269,8.565080142405565,8.859313781988721,8.733060901202116,10.184195183972431
9.157979090549272,7.411226995787597,7.805622383987032,9.51107304364325,11.95911424784659,10.33307259291253,11.557070295264392,12.126768288786526,9.249820444026675,8.789813699160728,8.87666751417188,11.383316933878108
9.788647876144589,6.431195260552794,8.546083053003757,9.41680100937813,10.995680725291832,9.504025969140104,9.269361463422372,9.567079227042642,8.435243435689786,8.190207648949936,10.477766187517034,10.712099889559468
8.654396438127396,6.428729132059415,8.477886715460436,10.11884598610388,12.090535835606739,10.218674504547561,8.864122408753817,11.402855305907405,8.713562583150539,8.937801550223332,9.943721672502715,9.589292990163699
9.373318952211056,7.115555113849225,8.600841838268448,9.215675959106035,11.642088173062346,10.265499944565468,9.02500154145704,11.457375295331124,9.131619516517079,8.526728038149937,9.471848959751659,10.769978973389449
10.970136346881766,7.9299733515458515,9.695119896746384,9.227727409548011,10.879001144048228,9.934819664162086,10.361497007943115,9.608328048461766,8.562240824015632,7.880775492097663,10.534512451247018,9.469212331805085
9.660553128823086,7.12333171375143,8.469923607982455,9.32916292557863,11.418496059290145,10.114175494033953,9.20157832385852,10.538597849387132,8.92076127645486,8.70615285211804,9.622612912657495,11.310920284363922
8.975387502176478,6.376416981600876,8.278597594184149,10.082339398744866,12.105288750116904,10.528937220852084,8.602493323610387,11.467073542455138,8.9275536208896,9.54093110526642,9.232513763468107,11.103662724540587
9.650661321240516,7.78573050693825,8.725602313688835,9.300332332419892,11.562738782120713,10.38415644351939,10.348809596307522,11.840095204674613,9.587028790158206,8.374293369561848,9.790221227831932,11.842450140005084
9.006264029795638,6.4783969446563106,8.659900763562574,9.795086248911849,11.602659699593236,10.74200049910948,9.08237311158643,11.507368712688942,9.097241801742046,8.93497594400035,9.507809671922573,11.429234758612038
8.675116964759209,6.217826817984647,8.165638396958359,9.942739205502988,11.859729153191893,9.830503414285012,8.431722534371216,10.70889196632152,8.777630993055697,9.164605135155963,9.738335372526592,9.652773484964708
9.767034758605194,7.126810870591361,7.949885459261477,9.206650049418887,11.038478987832107,10.21458167259761,9.881531357716248,10.629269313485556,9.089653265843197,8.545218910129947,9.355622942178424,10.1261638323854
8.447601723927159,6.1340964087386,7.852354877320202,9.673532143135565,12.411524354419566,10.360466655417357,8.23262464974504,10.764247176366862,8.400910523219187,8.724143297177182,9.09949757995395,10.004083858924389
9.518619118102732,6.600117301000933,9.22301037277329,9.459307385056414,11.855215142298713,10.857226196990863,10.478185376710108,12.055491568837716,9.183491821327147,8.220266344805724,10.02550028839785,10.20942795844937
8.21836774798617,6.086853600319166,7.715433236768269,9.692883715981566,12.405254331762329,10.317321861014568,8.041478860341257,11.111403371677085,8.637204080054024,8.947877766735346,8.947099690900439,9.949752923386026
8.124832598244636,6.13629823137306,7.724657738117635,9.762278959601481,12.268260052362756,10.195427603026893,8.011004304570003,11.134651119185587,8.464616133047299,8.77523768969512,8.934181725352184,9.999801639782843
8.966659487418696,7.221828466088133,8.299902466451908,9.560963437600973,11.112469471288172,9.859549398947209,9.86264799482783,10.478484917505916,8.794912057055486,10.395764763144975,10.534495836902314,10.672756066771177
9.421288708178606,6.897874019700565,8.66511814310713,9.70630973895691,11.298227525912958,11.064555845872945,9.111171943545749,11.192371389739117,8.96314839592464,8.816285360292625,9.99342702346388,10.007518219480584
10.185879165683733,6.882438720365447,8.244012270230165,9.876449237971308,12.190771674900697,10.460262291269268,10.062455577067064,11.459230615059969,8.536077076907322,8.751303311148627,9.174928857433713,10.468511767442862
8.222744884399285,6.096469690114033,7.860176914194702,9.690366969115628,12.311012500660206,10.01387248934156,7.884287122779403,11.046195716022375,8.44816143292712,8.712039758218957,8.865934844716595,10.047479750721218
9.412412878111398,6.039339075585915,8.103508570694673,9.408862990909574,11.132078292528446,9.434488813803702,8.764044786709844,8.703666267527955,8.081702027312152,8.350702658270787,9.568963841650282,9.248720468722848
8.954685197559895,6.654712342901462,8.220463485154493,9.706013489375318,11.394117663829801,10.006467783283371,8.864293278510601,11.156057816124601,8.717569871470223,9.220028178798543,9.901395489422601,9.854682537317249
9.566708145812884,7.930198641100299,8.450762883454315,8.794299384230937,11.93897936745874,10.340817312362148,11.629192842247251,12.556817862152561,9.925843400197811,8.455902292140573,9.297077368301348,13.316300586254995
8.698732524321146,6.860412500229642,7.5994682971687055,9.668270311089678,12.376283134478456,10.092533009641453,9.15997794919389,11.113628790202368,8.645285334297087,8.946748973214047,8.789038858155477,10.25118413459392
9.181326398788215,6.006759729185127,8.025822538335536,9.37754196640818,11.484380268380274,10.179623374612541,8.407834511792025,10.864954561885115,8.496828921440153,8.724098578094667,9.020229308084286,10.001709492828466
11.732610662084346,7.623155913673559,8.420489601099975,9.77918657287957,12.278981912807746,11.070209909055073,9.867173635878146,11.861285872847,8.700243481809325,8.681053593021687,10.00029932226903,11.05282075406209
9.770673830636074,7.448197152481043,7.771500815268635,9.53816257069389,11.971086011555514,10.58250304449672,10.900233037673441,12.810503472644136,9.119704483854004,8.72926839511834,9.171000611138753,10.694287376930681
8.466793027139891,6.026272034365131,7.9639177491941915,9.439548042623752,12.060555146610815,10.181956218439089,8.702564671226368,10.877129414565486,8.623791561322484,8.790945224530054,8.74871146359697,10.09992100482197
10.7593490630811,7.12207441692561,8.286515162555162,9.787017560360711,12.053501864387421,10.587149183619704,9.6879850381626,11.475563269287655,8.498480398136094,8.542766959818538,10.01508451909394,10.06448303181854
9.342388819081435,5.9652908568224525,8.084656317814021,9.698568875252732,10.902741909193054,9.608370164300338,8.764467284312932,9.507317368687733,8.197599107667187,8.53797312014281,9.194409364375966,9.58041753493899
8.562681962098498,6.470091011925529,8.028392897855563,9.693905830975552,12.02945480743462,10.352423351233723,8.814359533026698,10.326808331509158,8.550768293629837,8.432107328980893,9.567879922372693,9.775076126325427
9.413423897736953,6.33315260588586,8.78313052484654,9.5677031103562,11.294129350063248,10.349240015515665,9.241073226907424,10.620918946640149,8.634872637804534,8.835316131496208,9.877817277287203,10.707441258204948
9.335936991021367,7.4372855138999405,8.511452889411109,10.101611496858753,10.677519628719633,11.236354947345731,9.2696358939667,10.910985294178582,9.048224854732176,9.441532697798943,10.908539760612394,10.580933063949638
9.223978831233314,6.6871435251923845,8.171262001761308,9.327613376358608,10.448346599258118,9.52988908331713,8.778807300460414,9.732844801805392,8.378242396333174,10.47478189097262,10.445700260390756,10.018477264912576
11.036314723734382,7.072797949560078,9.261390618906367,10.405419385378428,12.29472481247024,12.340287231891002,9.866254348005333,11.714936477335566,8.71439900034495,9.839972497758488,10.856628595640045,10.030636125670814
9.120302791800054,7.7025699049595415,8.265005828060675,9.796745384042673,11.701428801397062,10.357564078231626,10.106787856107763,11.418827974458301,9.097550792032843,8.983417715222481,9.847627649996145,11.07762164485532
10.741287533293258,8.49577492350253,8.450065323943345,9.905936281289607,12.190458144638612,10.364701832032072,10.722775363026653,12.249267675406175,9.180416459635419,8.097274811598313,9.75468911191739,10.610333424701018
8.780154360766435,6.966805935197667,7.679498677280109,9.70536194634407,12.179584227455306,10.232471855412502,9.664972131052457,11.306505367802702,9.082681173452286,8.524710314508502,8.973512538983886,10.34303047368523
8.248117526627487,6.024548593149549,7.99520601008974,9.884613388726718,12.288513254111384,10.26700171211323,8.2869032057151,10.919849889449207,8.723268689206149,8.957417760966647,9.099643022856885,9.772548487340606
8.657692323883394,6.886747364996549,8.007174136693767,9.970250353403376,12.352557178532653,10.264391541210376,8.629237557766617,11.964276484243268,8.770883342952093,8.809300685375353,9.375353335721186,10.200795482369216
8.289843777004137,6.381372271682946,7.752750484146004,9.876728100660287,12.404759921264018,10.15885497617714,8.213705684700317,10.960878240609468,8.468537921752867,8.811059569638525,8.904987236340503,9.999660839165932
9.283027867952041,6.633807922334678,8.303700527737396,10.027505055405282,11.587851125653433,9.953561877145324,8.616141608109517,11.197613367584479,8.839184645523307,9.588622749016043,9.530961706472235,10.26463215730268
8.644041900034164,6.577748282835601,7.869849215753467,10.144782093750045,12.47695628376284,10.265336657137752,8.286818938854706,11.017840441229964,8.703363207078475,9.266176530250887,8.82532705329903,9.980751955650312
8.435976768622885,6.808059717248188,7.8452064553711764,9.918234633245278,12.244357983157053,9.928852218756042,8.322426821332893,10.744916294556479,8.484931162009756,9.53381918804867,9.373833271310987,9.979520965651346
8.676390461941011,6.540284579641277,7.8425571360369455,9.729258505911778,12.30949016868116,9.933831626093935,8.428748915568903,10.550710596473255,8.583520187142096,8.845767495629167,9.03166812146369,9.890663972258999
8.126523764609807,6.559580180969549,7.694516957530133,9.517190425069176,12.191359617689084,9.857747281191712,8.270381813309534,11.092652521762098,8.716385220095752,9.383051629843788,9.263901354538548,10.123272776283631
8.802027627531732,7.591693438358476,8.56291792413024,9.871049498575726,12.417404664846211,10.783995501462583,9.582121359934897,11.862603771745967,8.764763559049642,8.520194793368546,9.73390374588359,10.917676900537884
8.280929400505267,6.590438457358701,7.599132468639965,9.646867261673858,12.22913380769089,9.688506672334046,7.96463402406894,11.063674018138954,8.411932504275278,9.116069237986988,9.120259897932597,10.095270485267045
8.200163211988214,6.3325972272577085,7.732747593594615,9.62633372231074,11.984813020601194,9.967773282495708,7.850947386521717,10.951078127351458,8.464122735322519,9.188456440722891,8.930801017962427,9.927771553223831
8.464493164868793,6.143329045689947,7.922883550248815,9.365531879515807,11.634802805283048,9.974455715105679,8.265474175624744,10.746548627367536,8.468766538083331,8.591074370503142,9.333586065063175,9.800504282418661
9.591411022297812,6.789171612528814,7.843436656392306,9.46862260236074,11.549862142839894,9.792617620016713,8.410517969860535,11.036134498901504,8.399636768360605,8.480189984079763,9.007187097586774,10.011709056287458
8.533829688718633,6.403533197729213,7.934941101080279,9.841951576617246,12.284467713008132,10.195678817024865,8.65348999995407,11.069269395951899,8.627026844021863,9.19257266433722,9.146509495228864,9.90640112758562
8.277775877455584,6.605375463479446,8.119916816298051,10.070690363618564,12.437031023669908,10.280977855051113,8.292657212530642,11.197314080447356,8.698849153867934,9.680343870235031,9.042074399311412,9.853042542643246
8.292472423989198,6.4364145270674245,8.146268918995752,10.226937712369006,12.369291992233412,10.277503022322229,8.244147154507406,11.379312379600172,8.739778855330918,9.314237746366816,8.840648718231867,9.734822150303623
10.93031502650202,7.437832020037381,9.78780960948155,9.953754993901777,12.340547229009022,10.439833867774741,9.890138042954165,10.657622242713352,8.508555198332655,7.944634967685501,10.685870210059289,9.965114474075143
8.986350845235313,6.302562957977548,8.502886194321427,9.994894782060083,12.2725483376563,10.356048127181229,8.485345874052323,10.64314123113014,8.917307998418643,9.04707413335768,9.021749667178963,10.875346039760773
9.488504473730334,6.503347948616977,8.684414463259854,9.508709397162267,11.476196220340729,10.479592396040184,9.448627368192927,10.482568520935203,8.622483487271287,8.166872704085486,9.598078632022522,9.280477244824525
11.52812676543193,8.2471932488385,10.403534509214095,9.330068070554425,10.742519664646295,10.595353958819741,13.007382279804961,14.2021587867921,10.566404136508352,8.765729038028416,11.821712570511655,12.760063204792887
10.039348056126636,8.736950692440741,8.938985575441562,10.322492815877181,12.082246057268183,10.941756438073234,10.74467564441993,13.196243010107361,9.804808548120473,9.082152954850581,9.367416183103826,10.668136297861665
10.451820721820681,7.6377721284858895,8.818836450663923,10.063185075579186,11.103256186029537,11.443771074386184,10.07894596815863,12.94984861023573,9.236253984604954,9.384117108041673,10.094767442203404,11.826182121212305
9.743343374262484,7.603058147907662,8.797493505677355,9.875949359004068,12.000808760479625,10.10275135833086,9.3023967414263,11.095514700693027,8.71130393069333,9.494842107340466,10.23318715718065,12.007754813514076
10.541116785630113,7.351575725640484,8.810406406085988,10.009918481442371,11.942842259897729,10.174909060870396,9.312400156774991,11.214514017709831,8.84706927357366,9.495106981956752,10.402168133071019,12.173614408278262
10.621746033233135,7.07347176919758,9.260651069734605,8.88789104424551,10.601635839086207,10.124456966891831,12.564722882003434,9.773753326525176,8.734926397714903,7.739430057703949,10.378124147670434,10.624096516770232
8.67346994816447,6.722829931798269,8.394576433521971,9.932752968878136,12.319592822219875,10.202308831150123,8.715352470931709,11.847520067744028,8.81860702671959,9.276529290385566,9.12036534609598,9.996678063515718
10.430611389675212,7.023271787463036,8.363154571590751,10.197249223246514,12.606457612465823,10.441086096963257,9.690367941734554,10.929142639627209,8.365393446194332,8.162641684103685,9.96140767733841,10.177122040428298
9.257626015526156,7.149719273170505,8.512941497758508,9.846733928961203,11.639389296253553,10.754381266488362,9.016847231419904,11.514650844027363,8.849077149524373,8.348608724027548,9.35855956622703,10.198298435219607
8.421775776230955,6.073538356391088,7.968494481429936,9.529112873854281,12.025833984273913,9.8861705999731,8.800867832925773,10.23014416083333,8.31407826603376,8.494992711150822,8.795698432941151,9.88819036078792
8.568151913055583,6.803013771227295,7.836244859818984,8.854005059494495,12.187993966137467,10.090106615330065,10.627707486715835,11.748843699985942,9.393829772092605,8.593195121394936,8.874384621488714,11.16552363711073
9.397175638601144,7.332052114936523,8.437044571869894,9.279413663759504,11.202259497986104,10.341574015399539,9.728786000553601,11.144756106474766,9.072055109990867,8.729874651606867,9.27943655756532,10.414381168706825
8.840719611771801,7.354952597293667,8.359673200326453,9.414596954103724,12.472229942337275,10.477787068880398,11.352227140998933,12.835666224419,9.777369477798146,8.366856403251562,9.159405741136643,13.005174970450684
10.482195321692556,7.702688849203849,8.65267799247696,9.750739740609523,10.860960635888688,10.010327374343978,9.38696597651994,10.661621367608245,8.735984662599648,9.491975879274394,10.37107642385575,10.429447327739554
10.08870868731164,7.385781804694548,8.859131472930173,10.360542508435204,11.277721214658776,12.594920015797662,9.964019981765567,11.920475216087997,9.008133131300054,8.876676007292009,10.000273252627364,11.948502663512357
9.721080196512855,7.692205298733887,8.474186952565438,10.486001824388541,11.151341054864771,11.858137266733626,10.837282446627272,11.489303186541585,9.073035766258773,8.698693075401502,10.27400178549672,10.130454999362689
9.050824832246796,6.505435240477409,8.706769956697304,9.7361920520644,12.246851796463437,10.679462432708775,8.57532898072311,12.236153821183517,9.019990285500663,9.404535875620747,9.219921492149838,11.848303370363727
11.86528271339552,9.219505875800197,10.796762463378538,10.127238615611295,12.195196280153628,11.604752831589765,11.414859972232751,12.645773793359144,9.940239355231999,8.817664171532527,12.499958670189818,11.724144565158321
9.178295431224372,6.4532132103056155,8.72880125343056,10.050981951772867,12.030481576418563,10.498844078208764,9.063081727822546,10.902321826776596,8.953644380382613,9.361866222670558,9.360194237538396,11.66546495315307
8.657303461322805,6.643755640308213,8.376743725180745,9.635363007676807,11.50110178386099,10.481524831808901,8.952051857877876,10.912188257568715,8.99862288633637,8.534778267721657,9.549249910637545,9.955493041807662
8.401428978930788,6.773545957607999,7.740882055418754,9.832127996797322,12.287447463210642,10.72844515793277,8.266792569560183,11.055870692221339,8.557617230073081,9.078697471383043,9.006673741466903,10.195770063829086
8.103850170409427,6.216002775541707,7.747705788246649,9.555396165063772,12.307345419749582,10.171827742941991,7.857889714509517,11.091063326833398,8.549961288564013,9.022083543366508,8.979127147914843,10.130773144064728
8.139687067548582,6.431940685549537,7.577617364151018,9.518222490369684,12.44801876299101,10.032982405823477,8.633805503961257,11.211818164182588,8.96498461817872,8.995256468236185,8.860307209463347,10.585378071371796
8.15934136001386,6.265232384862632,8.031842392226286,9.400290588987605,11.714131427820407,9.945646151904246,8.63209024789418,10.868913255969764,8.674868230034225,8.892911779147015,9.16431787004173,10.033075241007138
8.620066698575283,6.642764582048314,7.840402916179652,9.8701928634465,12.138329357841428,10.150382598019018,10.58716345052111,11.601065416564309,9.17599414625169,9.071170030781316,9.421450946661372,10.943129355178845
11.065837985030731,7.745545774380372,8.37327343103351,10.069580393166143,12.393005645904285,11.04968828587725,11.51255691979644,11.501977629326186,8.891756674643494,7.956872514653259,10.263029128071498,10.726706880086985
8.36358547142463,6.929504902656228,8.151945708442886,10.136872450505527,12.203041899772234,10.428107067955034,8.279157037204431,11.517920893438017,8.992024920823614,9.210907839792695,8.913698280719132,10.110415428034981
10.530104953482159,8.058898825123395,8.575886212682407,9.889684287418113,10.764391042176392,10.999755190142128,9.64927521698477,11.336924078959386,8.954641074204261,9.001399349359616,10.579226018756145,11.068100309111676
10.573015439162276,7.358648573807255,8.734253164479076,10.030082023262935,11.477271716884086,10.018096400048176,10.136592524244733,11.041851417389237,9.03253063510785,11.257199831091498,9.719578842568355,12.609871235751461
8.652354240080857,6.535745768603046,8.299242503045338,9.477341092849707,11.08815598326745,9.99289025287109,8.721912747704703,10.046337373615893,8.721988149680271,10.246941200837718,9.567611526323454,9.97544874577934
9.267259359355053,6.689081257316064,8.7406243837924,9.613974343079915,11.865270406566356,10.496622464938515,8.858170155470994,9.86788561418389,8.43167750629612,9.528359354277779,9.617684143368411,10.054747637982508
10.236395560648345,6.41265047686472,9.106494299723238,8.584614065571117,10.245754252346988,9.943355572015575,9.367688117895987,8.869144791110392,8.455579086883569,7.707540941916329,10.294721111724934,9.084246629560234
8.686325733588214,6.369868898452631,8.47290977059256,9.96788465318112,11.94412081636931,11.300687167494464,8.630091245061218,10.624894443288115,8.680022440614415,9.249293799920862,9.327464978175893,9.813004538351032
8.271181121450196,6.576497549234868,7.977754863692697,9.886149360519637,12.527871942822793,10.24709638464454,8.589765232612661,10.665577801017607,8.583347069397094,8.884860699894372,9.103662569283337,9.865807467236037
8.932630862231315,7.299484403974205,7.907310209756658,9.596882486587324,12.317378946384828,10.533162416456111,10.399460688451754,10.24305648905161,9.458297117003065,8.519528031514465,9.220790870110003,10.768467472582637
8.534236720222022,6.33620520015849,8.10269782228852,9.662361438499278,12.088738688370052,10.259128184399854,8.800594511309587,10.903400922999005,8.811214515125036,8.769449546010692,9.278282812875345,9.726407818514684
9.473752310491987,7.904389288676069,7.755860934179788,9.764209264916111,12.54438078154701,10.569437643411726,10.499817592296406,12.643443000622868,9.164061441756422,8.875303186460897,9.14146434004035,10.873010912175907
8.984859372614743,6.726418620213204,8.26368273744122,9.693585097383309,12.161987956972524,10.141736006987287,9.317827866831879,11.254998648473178,8.540743006870514,8.629519035032292,9.500334869527817,10.17981997369706
8.769851650435907,6.055807589514153,7.8002560406266985,9.51165831080167,12.015752667107545,9.887433087570392,8.610681654066354,9.77286388797527,8.381826108831847,8.526885078392695,9.201663016426153,9.723435085751051
8.183963546237164,6.315497732773174,7.593386671215618,9.52608535455872,12.418082172011685,9.944339575141006,9.219904463707017,11.563332183709333,9.139494743526155,9.13870581698292,8.774877261268069,10.982894368486747
8.770759219353103,7.122560359355137,7.804591985311474,9.370415789270472,12.048609737474505,9.916683549871157,10.83243549582193,11.977211055806563,9.276201477212748,8.493719051363216,8.933651110120321,10.990534797590957
8.324548539061436,6.027405911810183,8.007999902621979,9.819763837668267,12.06074870174118,9.982458611775785,7.9271876458341515,10.238195992285307,8.754731635988506,8.49627717222545,8.904326061730748,9.8331318807622
8.365821422501142,6.3197061129901115,7.772010411389914,9.549935934853004,12.276939742024833,9.878873820969435,9.709315344872277,11.662941025932053,9.087537341283213,8.88311907751721,8.755820514299668,11.073259341231205
9.40817371806782,8.091263603895449,9.418787586426632,10.15620542024362,13.035716468722956,11.546518973132166,12.509239820975255,12.920456142573958,9.38615712500286,9.092958705681031,9.306187031740665,11.853801232679146
8.00925251766918,6.1615980571874776,8.09482334790893,9.32012256167593,11.958737530513723,9.987674398604353,7.881290563403217,10.662515474511357,8.73334493143841,8.923268325032474,8.820465520589721,9.975024813699601
10.18676314475958,8.81827037291232,8.934656406035593,9.306237234161708,12.06909399237734,10.582277202244514,13.40471398651447,12.705540317159308,9.814445986250625,8.59160708813843,9.475694477799285,12.903588326088634
8.541179766728657,6.283159931979243,7.9023561308063215,9.46708711938342,12.038437560501608,9.879453263519409,9.013217142229683,10.097429833801279,9.087364226465047,8.576908351111994,8.855505434865972,10.493074010750986
11.965491672168646,9.755957343393101,9.538570519058485,9.932900084049466,12.045603853256376,12.05115427186126,13.262022846866769,12.440633957039973,10.078430789571817,8.517650414645413,10.204364069723045,11.998276588737607
10.123853896036355,8.437704921116786,8.453964657210753,8.321904514252171,11.44539024071314,10.786544547691987,13.119084255921642,13.254974976312228,9.942446969600372,8.118150906082855,9.39966055451345,12.468821421913907
10.268989195410173,6.930691108284177,8.843080107216036,9.039401462896295,11.058883310105633,10.073789289790861,9.15956652109958,10.223989538774466,8.604602225972934,8.19177608630559,9.79087185361992,9.595252171272442
8.896777229300909,7.2606269696078,8.445193262697963,9.918412833045943,11.8399538206907,10.377415858282436,8.83205944339159,11.679259588271913,9.046725678206986,9.40812831088479,9.039141791270787,10.107545990719066
10.477174236120964,8.036773144836209,9.797053519647063,9.989118422347964,10.831837767336108,10.116842480107398,10.376397498838127,10.980363564158287,9.159120193129318,8.986833060079562,11.149101208149,11.025294184748732
9.563126119382872,7.761067757319005,8.356933853785,9.865800644256309,11.421763428867898,9.979742883871875,9.121383395679846,10.91405119967581,8.571098333041139,9.716216391807524,10.389018238867104,10.493337959898911
9.77546702608377,7.364104374994625,8.409459912050874,9.57005361310361,11.4015153890268,9.969114658760542,8.985284290422639,10.316226992850785,8.77068314046123,9.148069085856514,9.777733609075973,10.664501708306604
10.826940120216399,7.02638307812465,10.512257858573628,9.277479761204336,11.076089315307831,10.478234200789139,10.92386466163319,9.946810975839838,9.095576069832013,8.934640602767182,10.886593898295287,12.178652058756855
9.55643031741994,7.6490323633793365,8.613738037112634,9.025585311327871,11.515957218923393,10.67718401990006,9.759256659638309,12.078739185543212,9.484912813434661,8.9417678011199,9.52464576485907,10.955355784150619
11.171253737682145,6.972415174922098,10.453614806980134,8.644728848539513,10.350310586492924,10.447489058363267,10.55335952188118,9.908654604608682,8.975437945073958,8.689972307432877,10.8485585743939,12.021498274501063
9.756048803827076,7.530961585264972,8.822429954375801,10.13740758979596,11.906622567999449,11.382603036147337,10.022553267625634,13.063255055141083,9.455637067687535,9.001736202826526,9.81712537208281,10.836777777557094
10.146361287298278,7.761912204559859,8.703977822024267,9.662342607431462,11.829816629243906,10.223940581681127,10.117328521046845,11.01329537685352,8.912199318166332,9.413803929493927,9.637347966857575,11.690302774711846
9.62023282873706,7.1393823621436,8.792040333007698,10.005258318681678,11.873544924950293,10.764226337728527,10.093147415110758,12.139730651857523,9.188072847048721,8.811888109853793,9.976551158777477,10.443322447786564
9.734625981949636,6.870457084135431,8.6846568999105,9.758548052252662,12.020040414153403,10.343618938977023,8.922012042510197,10.564694135608296,8.63521669385122,9.527961644792489,9.58473883600312,11.384353085755064
11.211073307630379,7.8706624869196515,8.572779734646236,9.901451231791736,11.298628508411158,10.32154273999523,9.661967363464527,11.856823417566922,8.800737066350068,9.206109438872742,10.013047085426019,11.589504488102762
9.633147551412693,6.321584237804255,9.432322702260068,8.774161035471128,10.507922093372944,10.525186169110055,9.546635107554257,10.147569337382523,8.66750971718336,8.402495182294894,10.04243478328853,9.263451853636516
10.291602691955541,8.115963256489565,9.406359499623575,9.529730451320997,11.974307204093048,10.685142240572041,11.697174354006327,11.588576313421173,9.320940802345488,7.908365545278781,9.967488211042669,11.423445083467822
8.385989197140201,6.3349454594606,7.8877116349199925,9.714233798809998,12.15961246975053,10.139431334437921,8.271580407786889,11.019238468194072,8.569803553780526,8.84626180739198,9.145225413133177,10.014154927091887
9.10239555271556,7.227444670758185,7.771156107156486,9.52691412647412,12.092537945360975,10.123674102262349,9.778112271738001,9.94937198104965,8.969465243535229,8.664760914681567,9.205509844706258,10.804119328040619
8.354146717936343,6.8041848612969185,7.72309744170866,9.54280690771293,12.320948014203601,10.181042549313112,9.192619252622904,10.760131158954218,9.015356294011372,8.76016644283914,8.966335656047715,10.362251080754712
8.361882743300665,6.658543995921873,7.652213293345838,9.480555387178368,12.38007534257113,10.058123727978467,9.815826036680969,11.860112376363173,8.990212951497282,8.754691489085513,8.75597832098435,10.626609164779763
8.271294575182393,6.052866457985919,7.840022669647025,9.601787098211393,12.197954462179977,9.963110421296872,8.157339012337165,10.286544363426437,8.501252442412538,8.640804304256703,8.663549599488787,10.058987502023408
8.454558382257257,6.010495961183739,7.88070409456142,9.485647951986145,11.861824976363293,9.92653849298495,9.202964694548433,10.64393803172026,8.670736715853252,8.579554178163095,8.751395770172374,10.116590352496475
8.459538043283017,6.488241880061814,7.85923616261256,9.601073536576253,12.018505692061616,10.195482569050165,9.375902488877385,10.549359531849374,9.057942491965962,8.702379754724916,8.920744773647263,10.225302629300382
8.516937032122144,6.001472673775527,8.152266856712664,9.804075518803169,11.927817117843338,10.035053648068102,9.09932866553118,10.221978629932453,8.589805234943478,8.653509971131607,9.214508763787704,9.701668309624647
11.482218058200521,7.898547271980704,7.943131856548519,9.360289683867885,12.039978102259164,10.164365303709417,9.832742425774514,11.366787669282836,8.658811228973041,8.265085041637509,9.296739595297277,10.738851606735727
9.75413517994347,6.525362131150538,9.348290289345542,8.738952085214336,11.924036998184748,10.902663724457755,9.622696714948988,8.566216089827305,8.31063365305912,7.691449179188884,9.917319774177951,8.919352848017626
9.349687139512348,7.721360278198376,8.384023839862689,9.706402695032585,12.276214880764206,10.381377026063783,10.564882314201627,11.643003437553839,9.489487557567388,8.293115605534362,9.159000066472204,12.400527225895354
8.670701456215278,6.596631318864363,8.399804794185359,9.990977123311453,12.40595172327542,10.33401940419005,8.722938756505894,11.32540174836705,8.918072063692197,8.666188048269072,9.123557669163185,9.948917660740328
11.257345478297474,8.597760519391496,8.674849043546962,8.623818721080825,11.43860079567009,10.424333736952628,12.352228140917568,12.758888268057204,9.681238220800259,8.302891616021087,9.756752224368588,13.17432875318195
8.604583198351635,6.985385320621699,8.246113664273908,10.142392419686146,11.68240878996011,10.110995534481653,8.359046173958896,10.98637750621656,9.01257713919634,9.366377753315492,9.296275870039274,9.984064552176823
9.241483871453074,7.519754109447267,8.79682259915978,10.081409950942815,12.056837991303412,10.929635914316382,9.046108598679535,10.979004829574095,8.977063899839935,8.818026700113464,9.980130406354403,10.069765829441227
8.588095902762793,6.964757847134032,8.263815347280712,10.213028272109149,11.911091387453089,10.177964128131169,8.335994856630936,11.366060082442079,9.052514510166976,9.359206669903184,8.871812296157016,9.88655767671189
8.455239416407174,6.932059504807227,8.188444971781077,10.160567181313946,12.046816840988884,10.144833610178154,8.175505055431456,11.16751984578077,8.958462008027244,9.314353425472545,8.79165780531035,9.975245295906292
8.958197210659762,7.922719240087415,8.104864020401452,9.381046603163732,11.734920055493795,10.26035065156412,10.659372228816013,11.964096865804565,9.467924021870271,8.562000553221916,9.075928225912802,10.883574134580822
8.60180355456265,7.428774641835009,8.203814304966421,10.13151816265784,11.981335459542652,10.542486390759114,8.730582798449605,11.898103836911462,9.280931555499752,9.299174231765978,8.889735365795259,10.228467263930456
9.701207033595596,8.34682660286325,9.017667230424879,10.463354522297905,12.201426877813887,11.186974785432884,10.105845300967466,12.346542502407937,9.270182666612934,8.915153678664568,10.154594691504688,10.301996427498269
11.310455345936603,9.342457872571382,10.508242615141004,10.03767084754507,12.359919316971444,11.902997222832258,12.111840577963331,12.524375901426074,9.50848922043954,10.029000850809753,11.408812046941827,12.702125246971724
9.812784947400619,7.4331169239924675,8.842991727789922,9.768045284150558,11.567697806139403,10.260917188945948,8.910507755925577,10.762203301428682,8.956465133155985,9.59486924685514,9.503288651671243,9.981915803609077
8.10818464199315,6.0567441460988425,7.791984585209977,9.703930357296855,12.214475790433855,10.262056358139432,8.025135871391832,11.019843871375727,8.559227310471638,8.931205781297486,9.025195563695666,10.109896268278229
8.38374732763421,6.3482796816779095,7.832677718649044,9.606138376303448,12.366426937415962,10.265690744459821,8.609438267104816,10.760389356977266,8.659685114039036,8.883701433317691,8.976741563559765,9.920808217334564
10.159261082413515,8.744852954424962,7.7947857283032045,9.668207130065397,12.429578427626847,10.733389794563927,12.367578118319143,12.816178674918277,9.409365151260277,8.771644214914085,9.222851300632858,11.697693077438268
8.909179179310803,7.622899746437787,7.675907627002313,9.792049190863823,12.224571852470419,10.213452242385792,8.644628386538336,11.69587425472132,8.735033885370184,8.762934071010028,8.893470400315401,10.548200720563308
8.391726292808306,5.930965791109799,8.029397983083065,9.56256571280125,11.914528327182671,9.898661435298324,8.523459188406058,9.747078169013168,8.345065083202536,8.52547764887926,8.890661219482144,9.836308808532118
8.312966437321604,6.023272403523123,8.016407913264128,9.836768849122356,12.03503659056866,9.854074349848235,8.08973619942435,10.035854102713257,8.537062083644358,8.71919758543043,8.854538810122557,9.860304259941266
8.352471738711507,6.2628404377534785,7.80002795920884,9.59339994979022,12.201151863377467,10.074166357128167,8.854934405013823,11.20302901959025,9.109691200969829,8.637143498042828,8.79188169362404,10.801481151476558
8.40422980310848,6.4045615663320286,7.904935024343869,9.280966928693491,11.946589496393322,9.828779300959734,9.243143002919288,10.395513818039143,9.280967433188879,8.666023820510034,8.92340925104021,10.771198930346845
9.261614461564667,6.3829481594172455,8.392906378217427,9.623281904738377,12.046488550674965,10.320653307197466,10.063474856035427,11.601899372707427,8.54759429435842,8.656282628414266,9.559350763876292,10.521256282802929
8.242590291346692,6.155106930060414,7.912358701713959,9.344833187158923,12.032537545755746,9.757309968348011,9.53703518098642,11.589501064887509,9.202797821754915,8.825496444119034,8.736026243892645,11.251467278575015
9.677677857108998,9.318904699919466,10.160292689553518,10.171576784650988,12.39325914780124,12.282823663695973,13.182783932643186,12.855689218504926,9.866794265275507,8.654741109276623,9.80976024609007,11.779258448316323
11.487597386560067,8.067243488567044,9.518310203656357,9.974926119628403,11.95010755062082,11.363843578643811,11.228331281767783,11.750555344096888,9.204049916199269,8.770134337313747,10.42774052165409,11.286159462466212
8.684317610314075,6.510490162932959,7.8557186514235084,9.707418979603885,11.967471282167706,10.21939151665731,10.996045894678046,11.503729300000366,9.075732606951515,8.831260653253832,9.01342393543921,10.474619948666565
12.540715034567654,9.27284326487963,10.144341908842007,9.223622542474027,12.030928042521996,10.995094219324308,13.04207818932991,12.75112442562815,9.884828706608438,8.174568913089589,10.64484065048065,13.590851206137268
10.444364713038823,7.842858169360114,9.088291771891168,9.683608511142202,11.862569854032252,10.524769853599043,9.558424572713994,10.59944229069123,8.839092979289775,8.783083714387198,10.176703650688259,10.084396081512642
11.43567376928023,7.147891445735223,10.05271887442032,8.99411240752793,10.576094855740333,10.34555189090766,13.642869760456245,10.897202128306986,9.20426102218584,8.094062577285063,10.475292798641634,10.721541495031213
8.889961459744574,6.9000677422880745,8.833362197810242,10.24574298648562,12.580317693807093,10.391528002845584,8.754164797512322,11.072729327714747,8.93836377997659,8.930434609454938,9.115612524771507,9.772242363917973
13.195359540923262,8.575889174116304,9.010250090805464,8.423406026227156,9.953671075303163,10.169543090033637,13.88510117682454,13.462733881470596,9.106811193047402,8.222847389439261,10.802179719727606,14.050304274657776
9.30131712646948,7.189549514460672,8.891774946603467,10.282371454740812,11.955246597150857,11.608126421121641,10.311311658555326,13.064660888767923,9.65229036881511,9.36353488503155,9.375026627542304,11.88335071553684
10.206951393758153,8.549240026974541,8.48678545770255,9.33637471831957,11.335928175242833,11.18019824445284,12.325867409789142,13.043579336833506,9.848874296566253,8.114647200650689,9.540107358712163,11.675678379955754
9.88409868036269,8.331378057593703,9.50766234454426,10.456786197234683,11.810997608269574,12.127470897680046,11.97125477159866,13.499502979750874,10.106249712152925,10.486590838581686,9.949585206138188,12.07770434809147
10.36028776236229,8.331422990998377,8.911903511667761,9.853263757002553,11.419190555658387,11.417971099123514,11.83818930713731,12.940450826637415,9.655541595820171,8.285507950113606,9.771759427612306,11.060626459481227
10.432676075065325,7.126820877949476,8.978262236436677,9.330659244567093,10.583884943692906,10.07722318234674,9.629293449522446,9.890892153226513,8.65891205658987,8.103711773501823,10.148471878433696,9.70260490852786
9.105322269128422,6.868133678411686,8.531147660856437,9.666629274818758,12.169674581552366,10.494693602097417,9.418241540507095,11.343273848461358,8.94421102336887,8.132360357177292,9.306220577915008,10.727929776174744
11.783863498052034,8.972645144239126,8.657948977203372,7.8130305957702575,11.440153185820645,10.520940671859819,14.138321182255032,13.477363674447417,10.37612516217211,8.023346310021912,9.372582388222755,15.124992892632084
8.985663895146951,7.405839769632098,8.484385150724615,9.569916775053025,11.961017597013964,10.470459256443146,10.636005380228813,11.570965770628543,9.3898429445637,8.274091516843612,9.430904904783182,12.638184250071545
8.985691844813564,6.667129966292189,8.138799847313269,9.650600498016264,12.0575498624172,10.652123953755181,12.234914208651054,12.339368475231192,9.355967118872654,9.17847546303344,10.024108830852827,11.367064408745136
9.087425242497007,7.530326393631858,7.808989026087992,10.140104867587143,12.560586064929106,10.327376008139852,9.426289916134646,12.13113146918382,8.819298856245448,9.071395274952858,8.950214641518073,10.241292661966984
8.983377039471435,7.658040474174078,9.116268650637815,10.07580845796969,12.246370708838853,10.630469193540351,10.338102508647784,12.527937953397538,8.755413816001113,8.963315622506329,9.515617161757307,10.602902424934829
10.541308576113845,6.9709588900959885,8.384171349627454,9.783007851287985,11.770480171309988,10.191237864408468,12.486525456265394,10.50180104339333,9.078209886326357,8.375811756558521,10.049105269382995,10.506272233101182
8.370016902436431,6.0352792935109845,8.025577849958589,9.914889696514598,12.383772918576163,10.286794322983523,8.4636883632301,10.416460835599237,8.600640638436639,8.801994802308299,9.08360424379313,9.503459290601377
9.747971226560814,8.062938350123988,8.052023127747589,9.431312937597474,12.038119499977117,10.268527454842522,12.12499395276216,12.759351486758854,9.557631563143769,8.277985307303316,9.49777375135072,10.962118988135934
9.475845457945976,6.160370287263764,8.010573129146914,9.751286623187857,12.06296028353369,10.048722987545318,9.390283567112117,11.587284288607787,8.591788723489849,8.759080492191373,9.373992700272472,10.065876173417992
9.007702424462124,6.911198781148892,7.8068533662108255,9.283383166695447,12.353181845179863,10.62031224438311,10.56285298442867,11.027074416747773,9.326468547247536,8.421915579168669,8.937361156197328,10.431886998164497
8.670578289648988,6.2001496512263765,7.916204608501269,9.400118363496826,11.881381175395928,10.03529599216719,9.245014704935441,10.271849322696927,8.610209857885854,8.566359070847787,9.025160181088244,10.013538383178673
8.186235351863235,6.316183246125789,7.617462450363182,9.692022893291373,12.383699010196413,9.97183850478614,8.369179731176375,10.986403761078495,8.633749805126092,9.002880993478733,8.773827018791616,10.290848608124236
11.596538244056445,9.252641403578345,8.22320008334564,10.026023564798525,12.684619435666574,11.69912621224196,12.124004221694861,13.493667923603043,9.273236897710616,8.566270521904137,9.335900759931917,11.275218934580206
8.540391705212821,7.026938698483176,7.62613519749266,9.323016122944487,12.053468848804563,10.207840913745247,9.822594837235787,11.717885986513581,9.22165880489654,8.711177258530169,9.139973153888123,10.484377565666561
8.175277651926152,6.355317154149318,7.686085860414094,9.515240639336913,12.234844485215195,9.990616470150519,8.406796431178638,10.956917888924776,8.93115991796962,8.895092889615196,8.673853125218091,10.176093416641296
9.01680525195112,7.1859640417151045,8.179445357763694,8.13195167824645,12.34886941066088,10.335521139605781,12.544926750298236,12.800956059879793,9.94688637400244,8.0818592573753,9.199273604292491,13.653047895478343
9.101919247631251,6.562590312003837,8.80601909795163,9.71049048558832,12.026731077983259,10.391702570240382,9.274197549205056,12.066938255300832,9.170444492935134,8.846282409803193,9.211760302918412,10.088407794038844
9.50158307855534,7.762651012388187,8.804024555536738,10.046766295560426,11.614468667972291,11.622105506732735,11.203748481756033,12.62261716846112,9.558434651076505,10.575324867991862,9.685074545083781,11.550016110954056
11.864956743949561,8.31855219344107,10.952911261996435,8.849215837051014,10.551941846162306,10.197774694432947,10.415847765390458,11.670674213991015,11.74555441538145,9.134949253652039,13.307605099665368,11.002581897925802
10.381935092868085,7.512818293355784,8.937089907111421,10.458656902102112,11.594137867353236,12.295625814718182,10.821163408540217,14.073358294689843,9.345616212760696,8.979040234911587,9.773037833904331,12.205164406431663
11.754131790394634,7.199256937410411,9.88206383727579,9.126615401596398,10.849514290666635,10.451891892585378,13.340668376343833,11.55686222533643,9.164550447178742,8.206312190597261,10.5286486873395,11.17796031579424
11.22639019604764,6.886362697428059,10.647285145391939,8.822532802902314,10.487273356629757,10.456480360749895,10.928652645128626,9.910155234782502,9.009173284742616,8.492533205089899,10.576318338987042,11.92700582801596
9.379515660521568,6.671271619965438,8.916371292338363,10.019692826883384,12.181245533576133,11.196611965306248,9.521419664985954,11.412724767739176,9.084846300876109,8.664963496156433,9.580448166373353,9.612983951295968
10.086513090158267,6.487602745035478,9.257994668100505,8.752535426745965,10.338264628526412,10.058528711774574,9.53714447771505,9.284375575402914,8.688386882127892,8.141234564280165,10.306452184796457,9.061448128239848
9.044665263348548,6.6890620231527596,9.059179764538623,9.864982620367595,12.270036284854458,10.11525758549767,8.834145188437786,10.74298060018269,8.648083193321163,9.18785309292644,9.460081529185889,9.813159999710683
11.56331333638799,8.118953897977573,10.487364690412743,9.11473217052802,10.484740066938866,9.768971393285934,10.192959292843323,12.055989531377254,10.457190340769966,8.569095354388264,12.196277256065633,10.34964713883298
9.093104550204286,6.785391450683884,8.803513140005737,9.732353395363091,12.231891142970019,10.641924177592136,9.187675104556401,10.691964100342531,8.963705080656021,9.105597373004246,9.43849667223892,9.64418258610345
10.154061081993802,8.729074639707596,10.235209384311673,9.447193629270293,11.385951527995482,10.221997876225988,10.9526564394541,11.305003835240703,11.31051784095382,9.037180087329416,12.70639285423359,10.270820250241876
9.319454873610011,6.483672417457525,8.8789195972783,9.36240616334905,11.073703275121773,9.942966594537841,9.202476747860736,10.286286580260676,8.613085615129144,8.813540531303165,9.62803872413542,9.333276628341299
13.023030292670633,8.733646664388958,10.778753918040684,8.77634956596986,11.263813471863072,10.889719029923807,12.018968023124287,13.055727434195896,11.459478241786357,8.661263168369718,12.70870949011721,13.373903556495058
10.607287061226048,8.041766550062015,8.124149901017182,9.385729173538012,10.82517080053256,9.975635863242447,9.866903136592732,10.832858848315892,8.882354670882169,10.178526770579346,10.12346958598957,11.123294769781621
10.752452861586443,9.38749473063233,9.684388345094613,10.844797554047103,12.517529303467773,12.4827120750987,12.138282507253775,13.617944554804714,10.03442025826885,9.384286961415986,10.55395742723882,11.532802951342186
10.560530817917028,8.110837588005591,8.493144525881904,9.994110459710912,11.268425384217238,10.419656389916518,9.317640762416588,11.632839331249818,8.929914559501356,9.742884258400508,9.659419220648296,11.54259965912747
11.435361924452684,8.282603051530232,10.688089644543208,11.5031679274722,12.750816229358984,11.753021151322297,11.739244335271383,13.411661093275372,9.433820593033401,8.553477756679188,11.048748981383994,10.986462556538896
10.575646334089921,7.126950402237949,9.7915702332779,10.482566105799293,12.556144071687935,11.306646324342298,10.155591756596621,12.64523834775287,8.816032655951389,8.825450277341943,10.436805127413885,10.257890441751343
9.69470768937461,7.8543106676609264,8.730084591568168,9.866043850980278,11.791101439019702,10.62305687956269,8.9293320215395,11.058105001484368,9.054382067886685,8.93648575534727,9.338873089944729,10.103620109635992
11.129064344399547,8.895184348308314,10.898812374561322,11.138699758472368,13.030792049476723,11.945738265301651,11.651054613669208,12.751178944473446,9.32730279658088,8.477693694934006,11.13777210669135,10.52683300319341
11.456587691158779,9.72526432119104,9.037314257801723,8.559270217220206,10.906975405691053,10.427037857005452,12.259186817167745,11.90079808371928,9.967850139134478,8.330235883075202,10.031297665512422,12.999647217856467
9.337640397063907,7.383898956541466,8.532083006038935,9.680177360423727,11.617654563079254,10.020947279061271,9.321031561271223,10.830612237561521,8.962407220092206,8.699605648527427,9.8189672699137,10.483663505845437
10.815181388451602,7.714077738943368,8.557780657125344,9.402238692183039,10.718314844539576,10.322431040127004,10.208646525086797,10.60577552902652,8.606663110858388,8.640854791409161,10.41638621970223,10.236643787613568
9.283171617387051,6.900604941541671,8.9995790509266,10.111575437513752,12.03246635213532,10.91887859803524,10.271038354877312,12.505554074717416,9.641018371400747,8.917370426493722,9.302491411518796,10.222601150441252
9.836392694196386,8.595766099310298,8.285031055306513,8.875063760740503,12.187646013577504,10.512078379720672,13.005053159311187,13.666187472500402,10.153491009290313,8.142227715944633,9.225236581389728,13.994556715002776
10.247905034323075,7.2143470558596166,9.733201211142198,10.163509570614735,12.462728950642628,10.95052064598972,9.622696126880468,11.750572100113628,8.688214708222445,8.365468117147858,10.315665488554165,10.122204610950817
12.25956953963129,7.981067934259815,9.81205258852698,8.785779747678873,10.060902234201425,9.856655896887238,9.767729121960258,10.380998589810561,9.563056357672606,9.341144331599986,11.113124992909318,11.281208276082761
11.38545538990369,8.085327164317208,10.246105273226199,9.182706735359277,10.488468021953759,9.580127537067426,9.506933240419238,11.424175755708353,10.548291904755962,9.025466546632748,12.786412095219573,10.845565306300164
11.478522907103097,8.194726109537616,9.931400303996893,8.972853229057332,10.222742246399223,10.119922878849142,10.031358976001576,10.947433202655695,9.366978288432728,8.854079490765338,11.404249310101772,11.153064789731177
10.116124552885529,6.25221459473589,9.13260465259769,8.469927136727076,10.325062975286336,10.253980333975205,9.615683150430801,8.996850972219594,8.497155339889613,8.044960219395742,10.505321585269803,9.200686179119412
8.885476449679581,7.624788799973794,8.422773384130831,9.683669123719168,12.409813161877251,10.41155946668061,10.654565555589471,11.869288723711604,9.570722456655679,8.445100980345842,9.270394195644622,12.309446098999858
10.02094303307138,6.766670989500406,8.113209538734436,10.19419298273395,12.619597981884752,11.099876202312883,9.458390034147927,11.986798499312613,8.989041013796664,8.855594452494566,10.073277519847029,10.649194320769078
12.353766810080783,9.476387590442615,10.726969750778377,9.928141773663205,12.25817965432809,11.850539969237404,11.35244252123602,11.160320040148529,11.214314953275391,8.654379986269758,12.464106058392066,10.835407002335215
10.769741569494839,6.288837001251593,9.882488522526641,8.541483186343354,10.439028277918538,9.874437810722085,9.748637230651887,8.82978438982063,8.652603728024301,8.476329477286107,10.583110521035787,9.675808584359052
9.92802332004662,7.3679327623136714,8.90124888978876,9.710920366615888,11.583900347383029,10.718181863267487,8.981175857612207,11.184340907788922,8.846063986341566,8.506391454101387,9.501792636636942,10.25745539093348
11.505200251980147,6.879017583266941,10.439303517312256,8.688344969996919,10.617588551326355,10.033499979594353,10.07528049896974,9.709155999512586,8.668797529473244,8.356132695061714,11.357273908244064,10.210291060390182
9.899763589930261,6.686497577992696,9.418519618663238,8.926278635117155,10.629417118279575,10.583425594107608,9.522231211304126,10.36646095295326,8.48725105204382,8.350280445027122,10.261896912092977,9.571547100001624
9.406269906556322,6.955694785490514,9.148288907646345,9.669130882957091,10.685413644076384,10.607050771779166,9.193538840272176,10.628632651516812,8.617837304650267,8.485196104472799,10.38192307204037,9.86055486678036
11.264743437950068,8.064102804133059,9.28462272000204,9.353636567782786,10.92556229980478,10.454140560753263,12.268981765179731,10.855441018641939,8.995170952422502,8.198204780077386,10.485789089508016,9.999994338269394
10.005749630367188,7.224798214144274,9.927798309891012,10.83468201183945,12.680161824044758,11.223994937591506,10.41744860459292,12.162897713250317,8.939244449481137,8.588382291225214,10.433736105375585,10.009811729426731
9.266403064562022,6.5029572641785345,8.781669649852347,9.894283185945559,11.766678211165598,10.870768720954205,8.669136362018161,11.692583235903138,8.982172251334445,8.968389127172642,9.413901643987753,10.051824060416472
10.93153400752225,6.768327650359262,9.571518205686566,8.98163272167115,10.734422248110148,10.26837632216107,10.124797791070119,9.497924369536836,8.66993644002428,7.920696038468551,10.456080396658974,9.343123828336935
8.876440045307152,6.967669021255034,8.537601548176763,10.023974809298037,12.444733155590392,10.365559632777657,8.850020477690764,11.741767916149975,9.013675009973479,8.853524953697281,9.224016476033079,10.06522860577871
10.100817909569221,7.26960646503489,8.768800854107734,10.055244456464395,11.250892247180028,11.085349817835354,9.151749237435428,12.590712080152183,8.86037106981803,9.263443638532632,9.61689504508037,10.508645526297064
9.015997319740128,6.670591424713953,8.738668373931107,9.78802335810869,11.48226114914912,10.900500046300806,9.217915200940158,11.386281915346897,9.111481897415995,8.56738139446374,9.373632730353759,10.3450328745097
9.259900559267429,6.934064452548535,8.59912685983033,9.58991390235759,11.725292734514312,10.395054405456081,9.546602013806421,12.053082949493096,8.938437892700207,8.121043204263792,9.378521325634143,10.712774970914106
9.851799034563305,7.469018999437047,9.13548012048098,9.811747934762753,11.973837935832229,10.645598134894504,9.472983494994924,10.68177313598562,8.972185676229698,8.863117723364976,10.192514477747084,10.058731921964855
9.459741207202235,6.698409126742314,8.739653243158621,9.53984119607405,10.949338406615338,10.987631855767118,9.179150292943648,11.153329619013856,8.823972720390831,8.637056794414654,9.73738962532757,9.876474304843088
10.160265030133893,7.08786479811776,8.649531107555852,9.09962417434664,11.27000555741673,10.592851460204125,9.688123706866389,11.044677042241094,9.092010003268005,8.086955507560548,9.743627908439608,10.442480016263566
9.61346327859888,7.769514384753414,9.030505165309286,10.509400918797267,11.428292825933033,12.083100591086659,11.414313636466064,13.359338502079067,9.570703811054953,9.77867178908485,9.822789082289704,11.536769837082588
10.59546606230415,7.8054277020383145,8.855194801215232,9.839307153028303,11.683362779576154,10.477679291181737,10.78778187649883,11.447422439533627,8.871903180289205,9.538946337246749,10.22793909896698,12.088188446624404
9.636199524504104,7.203645988878419,8.833532490422655,10.430461224917565,11.60140932395848,12.37244759088094,10.606175433827731,12.165381526883499,9.431742304172678,8.589323576131981,9.62420349577053,10.752442335039229
10.55084099295816,9.57286045519129,8.92642022356623,8.663543348758804,11.297326086462506,11.486900786913013,13.736187257028353,14.100897008874345,10.222988884724458,8.251706314509605,9.696537794032233,13.928037381925321
11.383079286472858,7.268296781017357,8.627403481424748,9.158381025372556,11.850266999554776,9.519980381824249,10.000163249512703,11.92191408916655,9.045307776192608,8.902061829026009,9.789158559505426,11.422160438786404
10.986922317829412,7.275639076062162,9.235153715327792,9.811759906898358,11.860646780606396,11.050216334939394,10.440746313057755,11.030016908749005,8.787036722994161,7.97498801635797,10.401003787409666,9.791291240595429
9.907409234599962,7.068069548928119,8.991284239943457,8.938029109890586,10.360756531435701,9.948134146861806,9.469873222468669,10.108722470730813,8.44676987230739,8.721732838962721,10.272054656992857,10.263482086360236
10.732173745670877,7.716461555107906,9.097221908808043,9.855447465244925,12.361472747955963,10.983964617307498,10.862180543231856,11.261579586960247,8.817677438637853,8.480851368974921,10.124520146779771,10.050560494185628
9.75943863521512,7.487803723865143,8.850143913590275,9.985977429645335,11.302839004922971,11.494446366227494,10.165405101461673,12.936422426587752,9.372537656963663,8.48243501211657,9.64168691133081,9.81968376449463
9.884635507983216,6.604604467516358,9.242864381994105,8.849508169071395,10.383236567716743,10.463431655173979,9.617637643825484,9.237750311967739,8.711109687686246,7.993422634951385,10.337527685558449,9.152737158960505
9.107028923753846,6.781727585771936,8.920916374043129,9.817875606699626,11.850054516901109,10.725628520492528,8.76326594214279,11.752179409089136,8.620662123887785,9.392739716756436,9.319367841196504,10.150413639607374
10.33510512673129,6.636895981701925,9.951171669305518,8.786054663777993,10.465596662277694,10.296410844714009,10.17429039633484,9.603886484238203,8.860682093879477,8.512776240001807,10.373372839605725,11.932016073756266
10.263078495387184,8.091915550014914,9.29398526344837,10.729220823511755,11.475269337308562,12.851528195120625,12.455581110727156,14.321841858983895,9.755533184623683,10.309062621950531,10.15300967009729,12.713248541445616
10.09864233431237,9.65294825077945,10.413541379807421,11.366352333562801,13.428156089400249,13.08449422008149,11.62590453719252,13.371766053863858,10.053323549485514,10.970661449937277,10.571440538956738,10.621856692492601
12.000830245513168,10.432822816339177,9.597763659562242,10.134033150838647,11.511158382696843,12.518194227897883,13.269509220104542,14.640541676200368,10.545697359078178,10.308881750113477,10.49170314438519,13.679693427068035
11.973224044433112,9.346458059276088,9.68521228024116,9.504453206445321,11.139201713550172,11.2754021830992,14.489905716175299,15.163375359280035,10.654737471151858,8.569818905328036,10.627473433193556,13.393715267979971
11.657036493346043,9.668644140289231,10.259767997480889,9.52059957036483,11.047318443211005,12.897830849161267,14.297594732581869,15.319814349398678,9.359588935919609,11.131784475788665,12.035821017861203,12.69073680336099
11.02184609971546,7.50740474110433,9.062237453583162,9.17620044855111,10.564843174315486,10.86825627193772,14.989137090583645,12.634604975923251,9.313715093203163,10.914141823044131,11.930908759538987,12.809721509620697
10.95642881706366,10.703121260350333,10.261196473381109,10.99373860448101,11.980508478228263,13.197521531024554,13.781620407206056,15.356187703146686,9.8982211198288,11.336479518021118,11.735377644952916,12.91080452229134
10.491717626792202,7.96379384693055,8.643827333992185,9.840421051432639,12.751479818221831,10.379939954444803,10.81321432045415,10.974395583237929,8.801918765090777,8.578642910741534,9.440895317981441,10.374477273859704
9.16035344573708,7.43238679098871,7.816462406985566,9.250512661731607,11.854409625277254,10.280458903111308,10.634783876929149,12.313693703970628,9.531283422975905,8.37087601995106,9.168574847338418,11.163816347689282
9.92749554872229,7.33726747948859,8.99510859562523,9.577192950779205,11.666379823276673,10.753201651026545,11.052280518091347,11.491275789060508,9.173344852575665,8.522443503976149,9.710630218392442,11.035679872812072
9.83672008823471,8.31683208168204,8.963066253790549,9.115951703057945,11.353703989554427,10.776177049325623,11.555241472055132,11.35918756233176,9.867827060881556,8.410130759385336,9.732987730903751,12.907757000280458
9.788531124287003,8.048983425916902,8.891540445018062,10.305474467447079,11.22170680189433,12.168555306288846,11.081993597174007,12.842780433947322,9.571609052135214,8.626883581163243,9.576143001497936,10.988566382876193
9.697762411320436,6.550422625621848,9.034152810925901,9.575415410317113,11.1595979225352,10.249614388867284,9.40799051177786,10.62279041401052,8.457073702986026,8.557814778078798,9.931175507323319,9.512676030808292
9.486940643792854,6.961726215801894,9.030224327753016,9.22770858591387,10.744159449555868,10.135349943392203,9.279501181756622,10.024498881223026,8.687975460415895,9.15838423030374,9.851509201215443,9.764770527255447
11.071307763119986,7.269620691595112,9.010886107586783,9.013722065428436,10.42677144660394,9.97743238106896,10.906094867539277,8.870862021338043,8.78465699429687,8.304244672034045,11.190538861323512,9.741906468723869
10.371609520049331,9.532637199608862,9.039172162352923,9.971316372122164,11.076654078542184,11.871543067902332,11.396355566593977,12.444593225182642,9.93366221035579,8.4133785013596,9.64493577577502,11.23954873976473
8.934972695523015,6.580876128372024,8.465268175622187,10.190103645382377,12.295949244990016,10.194892047161746,8.56581547304708,11.57943181321232,8.908427200024102,9.294001421251492,9.000188152898778,9.833850121545005
9.165364114762134,6.662112957483019,9.165453767617539,9.738870369637068,12.350909701832522,11.063914159882307,9.099915069535575,10.633663210140945,8.55475952978807,8.684474937806572,9.630148719448139,9.427305663187372
11.41915735679915,7.423592395047516,8.643611684349189,10.895775687958794,12.584818291168899,11.829486162718906,11.916026360926054,11.935306988517748,8.76647230355751,7.743280755864724,10.253249447725493,10.256708384438241
8.877278044461837,7.204414809247196,8.25853145690795,9.175345953200125,12.366513725983475,10.408342922774331,12.061788513970892,13.018154219457902,9.818989174173282,8.145155821400738,9.147881330273544,13.417882103452758
8.738199822153652,6.485599099506636,7.898106532286817,8.618849541946881,12.032973040179469,10.121519505259794,11.178565919529197,11.963574491067202,9.484083081389771,8.643102700464135,8.934957816735086,11.418235577771606
8.773151265572444,6.313457592011313,9.515580774936469,9.594089040814847,12.456200495245248,11.065231242642763,11.724593003166715,12.47169358873677,8.947810699085426,8.888188666008375,9.232440947181122,11.604802688348014
8.827484589388519,6.679700607018098,8.43050877693052,10.147605742025132,12.236772502295503,10.464635799671527,8.92955488746729,11.64386131752019,8.952278540205514,8.935892901093172,9.17424582519666,10.164515472862732
11.859961127334422,8.962680715039198,8.546124940900183,9.121459170503236,10.273068435366469,10.372761671337194,10.787323729655839,11.520952240670365,9.26877410152629,8.889078116204418,9.810049703895048,11.567808411239014
10.321240143757676,6.567281929042733,8.46068177776834,9.60057001324047,11.642657612280171,10.3469569860456,9.505569087060127,10.731102124025638,8.469440599170436,7.896719156981711,10.17837547157734,9.158382132245828
9.428797230605312,6.831457778739643,8.521295271582611,9.370498781734883,11.662478540032163,10.33872416017162,9.46052236971364,10.967841740017576,8.997822931550715,7.959902670165213,9.514648363304898,10.79306539947988
8.221440105007336,6.309174341544622,7.713582375462204,9.580683469174508,11.856588231005238,10.214834220803068,8.330944908886465,10.90391976349242,8.622826104857749,8.814939872003716,9.123266018918258,9.923399371221043
8.387948449468338,6.118352501665146,8.072926787454943,9.69767528059777,12.163651059775914,9.999338297646732,8.14643097893339,10.301505928559266,8.657847430089838,8.534407199744331,8.978205969354313,10.02543241673051
8.44864556069973,6.392750690549408,7.923933465195846,9.706574242339894,12.069571648535549,9.98705860352721,8.531451803753738,11.489332040689861,8.464990274611788,8.682277527688,9.079261717829308,10.004170938057294
11.22505180616941,9.474816135589823,8.495688546498592,10.020643071695883,12.192630995688681,11.0588879725844,13.477382514796803,14.156770049829627,9.50297698805199,8.566886805711466,9.583525355011439,12.87687275530729
8.173868433150883,6.906936176031977,7.751519639881485,9.11408364687109,12.249730362970439,10.118756636779572,11.120407259223137,12.183664656993674,9.436646534144138,8.387389489511232,9.048486827860435,11.142764062962693
11.500715663738038,10.225713648226334,9.066512745895782,8.931644280528072,11.195976562137496,12.855901174154072,14.417583270903982,14.837733538448022,10.370890520285643,8.362546754498558,9.786334359032793,14.542680503112209
8.619621187416149,6.127535804042446,8.748364655562993,9.857454616623142,12.329263426001978,10.751393093369392,8.940502026064863,12.070074900340842,8.918528523639834,8.588008069297995,9.391536559572168,10.460564075690803
10.410557855329579,8.039140050905221,9.295511931908813,10.710345884989758,11.506066416398177,12.983969032313482,12.166118331536536,14.951961693290986,9.878986516811205,9.90816763465745,9.81625911104048,12.19595846450003
12.148834225823938,8.969095764864747,8.37000159720137,8.407517238813583,12.11721974531836,10.668008072198761,14.002611140190577,13.520369377657675,10.721827144778226,8.044045788894062,9.239664948547981,15.806675277938632
11.40501167286322,8.26591144212231,8.40923486447503,8.86718088963242,10.608895701954447,10.139679429464625,10.015151897750105,11.232613486193863,9.079616626473443,8.530179710608632,9.515241092847134,11.553214022088959
8.709192630929827,6.821364211641946,7.672866272995207,10.01184680302557,12.280953177371668,10.243780761493765,8.40566340887839,11.688277727713636,8.737300588445137,9.241047141849029,9.110369464081073,10.180124377201782
8.187996775999311,6.02808583370697,7.836501071585623,9.642488791048262,12.37360353533473,10.215384106367258,8.093292038087569,10.874337216416624,8.456675955779245,8.718493175413563,8.986944925727,10.066834797788502
9.406816173151629,7.537463398664812,8.000516993977248,9.36646595314192,12.225476941170372,10.703203235780954,12.625117100493087,12.434831050632688,9.386385522428714,8.727386465101514,9.124910183778985,11.498526456641724
10.365427366636016,6.133613373465057,10.57692834689528,8.755597900296385,10.533652727018502,10.035110370246763,9.854826449944577,9.153873989777,8.923430357087064,8.403514229043363,10.323694422317864,9.46430161420813
11.773273676014337,8.738168354811545,9.77113092383394,8.784667328876747,11.111757286866231,9.587536990058467,11.869027251088394,10.588899360454656,9.067799374218431,9.346724111896961,11.30567261293639,11.272250907889571
13.3801351002197,10.486546478146739,9.20866626729371,7.724662068536501,10.786487776085472,11.444064940055153,13.99297503915116,13.923762635015807,10.336847213844484,7.991173839337891,9.89741663325563,15.878608515182183
9.466261071699225,7.521239036513503,8.961842542588442,10.343166992939953,11.21903967131554,11.856257960539102,10.315144542065767,12.086913865657884,9.286897919440404,8.729155297427987,9.851257991664639,10.156423256504231
9.632978888809625,7.569881724744452,8.678117062426947,10.266048359887515,11.77721103520383,11.356076561915152,9.68149153254523,12.393413768676439,9.338505040867473,9.422121876990504,10.08885679865735,11.994613674075406
10.204001148657298,9.377240165163501,8.881480671275419,9.66794804818389,11.207845762104077,11.522285753178704,11.681234909598288,11.997446014668364,10.00696069189853,8.365390664792175,9.51547488547612,11.448068845868985
9.85899908768783,7.839943640230803,8.949973688886455,9.73672021961251,11.28983515076617,10.620941242498304,9.700890830003287,12.244400715746705,9.02031639312545,8.530137590822093,9.527695275099214,10.304334518436637
9.092053404286471,6.5198708115204385,8.848863841984077,10.007069219408102,12.065709718072346,10.792908456515018,9.191656522555993,11.865001491294626,8.898050969320142,8.89484032941992,9.321670637913696,10.047018028005466
8.93003120571883,6.476533013862619,8.690600051334876,9.353468005121742,11.92563262162931,10.676616866408661,8.979002464283413,11.406430287328211,9.103762048793953,8.620055842172855,9.210654053332986,10.015431759000018
9.581466327611684,8.954280882983948,9.049335313436394,10.187947512016263,11.599793842455735,11.540532633806736,12.178527444864661,12.339902149731595,9.824372004529115,9.06729675760886,9.76310407978922,11.605726488472621
9.899372292585625,7.118426595428218,9.29108655957765,9.545543236839016,10.699435078220258,10.614976892378202,9.573270897143097,10.775099603006367,8.967046056053324,8.849114161854402,10.511283066201996,11.430756350000525
8.356345156529821,6.415312402355614,8.308013485342038,9.984717010029525,12.194100802761588,10.280630929841458,8.728506670797083,11.262881644723729,8.777211257864641,8.8340141736501,9.254785787355836,9.567664501402362
8.332913146340337,6.416186787595053,7.892770504453256,10.087950615802665,12.476550079380665,10.265130689926055,8.627159894577657,11.42290108418747,8.869094276677242,8.79416268361453,8.960925879629535,10.008317528405449
9.252334698773495,7.462278433574062,8.236540939295187,9.720921059529575,11.810482654570723,10.436412680960629,10.923672513725203,11.739810486030256,9.61584144256686,8.201939595003351,9.332446108825675,12.367427950516834
8.236959183685764,6.198919560546201,7.66211624725637,9.76687497560106,12.416154499685536,10.17459077449773,8.110206589792808,10.985843641419793,8.533849672294208,8.725275766187051,8.86325910398049,10.1808236276176
8.15061423213003,6.110848118313477,7.847469836579153,9.702345019682571,12.245897725479779,10.293142705416354,8.175538056972647,11.100976852221324,8.553464528242461,8.844670651461216,9.168841658922785,10.013648210279266
12.634451560014144,9.523902347305894,10.335355499228836,11.330676264107385,12.380949930481437,14.116818854141389,13.539642701370944,14.944730981354336,9.999415262375123,9.200403380330764,11.026964237835362,13.875027584244569
8.859098694914893,7.003697878529814,8.738228707765348,9.740754223837511,12.065615824281341,10.233382294139622,8.94346401253812,10.86904239542157,8.917950087345782,8.783936045752283,9.3887000825738,10.034712299228556
12.283393189780288,9.58009399501362,8.730158557872445,9.5772297235754,10.658707694329093,10.875271891990197,10.902516692602301,11.502595690362526,9.515641382224704,8.847065276922887,9.972273278877136,11.671140880247066
8.634517548784627,6.285220947992827,8.807193833590434,9.934016529952554,12.444384106032302,10.725527831037802,8.735275783640528,10.7491225067593,8.590777328317104,8.77313633599283,9.447820593463307,9.674148894539755
11.47008811201726,8.010399559890184,9.500532849304175,9.882039412749856,11.486699107070361,11.053300200698176,11.23989550709677,11.966210676629125,9.242481039705092,8.879784267735166,10.455870850545189,11.333140457616201
10.393837209529119,9.295894366003312,10.622720491598294,10.500417022508902,12.837692778150142,11.93610562873137,12.151375539016826,13.163091696440189,10.854463081269403,9.00642020806834,12.55962331608964,11.790297834898308
9.406128301776246,6.641766626933761,8.850414992779728,9.205967491152277,10.889146214041151,10.29345659674749,9.399809856127046,10.486925932050497,8.536641498609082,8.580200887185764,9.439860554273539,9.827700987374484
9.754916285644992,7.211127264347959,9.08577440795821,9.30471697835386,11.500389787133674,10.361694063852054,10.20247985819755,10.308111342251593,8.855210967642623,7.860487283762937,9.61726698032456,10.432088482932246
11.533957116253426,9.037016210271776,10.323531218582882,10.487358512189289,12.601556384876273,11.629171575755073,13.009415288288936,13.643671525593703,9.60642215479341,8.280172217784276,11.327368634137862,11.70267629421094
8.662067022035636,6.034931481728506,8.642138338469882,9.726402478331957,12.271825824442239,10.50858872668398,8.966401405944074,11.209278283286887,8.862672318365046,8.432434199008666,9.417415316539843,10.689746526983415
9.40251284581592,7.749447062537825,8.009179298903575,8.664683544380344,12.092758581288251,10.265662704920372,12.563491888666515,12.99859480733932,9.92192558916489,7.990808394506724,9.202088767254624,13.785536881929298
8.794225205878938,6.759578076450236,8.33348496374141,10.273386785542893,12.486210173701416,10.381627102497019,8.54896985626043,11.606499872721816,8.97425179290747,9.07327523780399,8.877294086991833,9.86669085158086
9.075875599666862,6.51933056654564,9.104161245767708,9.603249290715786,12.405846150144628,10.613780343176618,9.377031143005576,9.905724920655327,8.658422190643313,8.445833120326434,9.621582642567512,9.383351989914969
8.623755469119283,6.4051827236658525,8.46054067597457,9.628448872710695,12.122022009740213,10.300601692758987,8.959760426149773,11.0641707128488,8.827074546497387,8.79350179243099,9.44077514109065,10.761377419987959
8.55173072808635,6.339013116614091,8.457162084347503,10.12015784158321,11.98104396504249,11.575612048115552,8.73815623013712,11.389553125542399,8.710828853472549,8.889469215908479,9.201663983413653,9.618335736609826
9.286514148310777,7.535199620758778,8.05847440431839,8.117926735216665,11.676764472015291,10.389208299704315,12.627858702787684,12.840661836224031,9.989346069088793,7.957570197847173,9.320810443452812,13.821755555507037
11.518113202474984,9.208162995003576,7.980514894591952,9.402305790439618,11.410177107806026,9.931832859574882,12.505623079132329,12.545307021322564,9.402884152609582,8.788130687080963,10.282269168762308,11.093418063551221
10.003897248077816,7.191968996467549,8.578129838555606,10.032977936801052,12.387064834699745,10.294968110361374,11.336446715928165,12.004727500166915,8.934120567063534,8.531022137094412,9.431610277891604,10.490874556035582
9.116835234584123,7.503891209130061,8.146898939084036,9.089457818066903,11.219215874917731,10.05485380836678,10.89606056945157,12.089535071478998,9.7194929387794,8.58834390542389,9.395535035448898,12.015269375226381
8.290232898107359,6.724489954876791,7.713966193158435,9.700007558459419,12.361709094191033,10.291279129228606,9.559415625115465,11.4054493077051,9.09370555962237,8.659325864093152,9.07829838896372,10.316041578958654
10.919370067851647,8.485638859871216,8.047000570047834,9.44425121327527,11.86470038602334,10.166968877120592,10.553658873223315,11.660232477322223,9.047905319272214,8.028965691214736,9.363381198268812,10.593834049153548
9.577766664977055,7.912908169280977,7.866440454250763,9.87572870592068,12.209554686303246,10.295272157477505,10.044623532117944,11.706449191904802,9.155463778281794,8.5562424979507,9.017017140680638,10.356983834850956
8.522918793001764,6.335515171010219,7.709862028150881,9.711090992671197,12.469675003067936,10.353032249817687,7.993458626456984,11.092523961777603,8.670105904062078,8.96525080012905,8.821423373998483,10.051996653682872
8.431323416811017,6.8607899835217205,7.690331959734252,9.318587760257675,12.49428254632049,10.289684044271514,9.878120854284616,12.014449485730996,9.236103940738097,8.39442582744422,8.841706494298686,10.439213225467237
10.7437232617963,6.625963369932264,8.097403620935363,9.283608036824605,11.361286261142151,10.016422603080416,8.993385194248651,10.737013784646267,8.193256036107657,8.232558130270174,9.493497307760958,9.925349557170842
8.384554744403877,6.504530714724832,7.751211997706238,9.417254944953655,12.339356704217458,10.32269519875995,9.818564868493906,11.66423672931965,9.269465243614833,8.483006065648475,8.89699504294718,10.680253277383501
11.457163120236565,7.292969163956805,10.390030111394028,9.22280349255653,10.595181565551794,10.172618725209952,13.081782824306153,11.116903949944039,9.20593400318426,8.339840810391024,10.595264511504116,10.844583302984724
11.540063857675634,8.6891777568959,8.384862996488723,7.3131197114402475,11.397046976980867,10.175975586614937,13.512523059468023,13.000951619910046,10.304889666317814,8.355575429697758,9.32670523215617,15.232080914138294
8.914755932231389,6.258549348835513,8.665917702426912,9.72175968352123,11.908975241883134,10.153169538164734,9.021496578048975,10.41704346308038,8.567228868339418,8.239218464153675,9.371295247525556,9.764879989826214
8.823641039977169,7.141218240118581,8.209452727184496,10.163661354795734,11.912595152064894,10.403904281620976,8.62020748933333,11.535455828626201,9.037536684769702,9.700982817833413,9.05964111623875,10.03348114190066
11.26791903294389,8.533516305431574,9.092003573374154,10.078806697788455,11.615140955803753,10.95040157437086,10.358174442028877,11.966015984395064,9.298187642918577,9.499928406228033,10.162811871000233,10.929575184203845
10.472425412204762,7.286761492825791,9.166633955744542,9.15647676638132,10.42685096416856,10.52417629823106,9.812728951019428,10.055255083106456,9.009612632652932,8.09196504490816,10.570721933779298,9.854574436267207
8.4361144953372,6.133041405825129,8.098082787559528,9.439768882990188,11.992333495311515,9.800949996499723,8.69667363149218,11.126633022339659,8.931153890972997,8.681453269935064,8.872435045334798,10.051901165976206
8.841160243644042,6.515329177298568,7.840865180423503,9.237206078011493,11.847803516257663,10.245633274117868,12.323079887921464,12.09017470370069,9.386565008737504,8.969211306732044,9.080293267902444,11.846535989107956
8.30094194091263,6.97905908865139,8.40420748798673,10.276239452878855,11.790773164653656,10.0847204934647,8.348396289013946,11.092543110494713,9.147663316770258,9.517765468409744,9.149733409666073,9.851796236431252
9.128173355143748,8.28343656894726,9.21844001162467,10.410946997646224,12.24065040422361,11.620957203302906,9.873251733929106,12.655161953639078,9.490724316043792,8.989230026594084,10.159725910825909,10.334792897480238
8.502238251489683,7.024772595857544,8.150283469799232,10.248324866771082,11.996146364261733,10.331908599421379,8.374937074005203,11.462735096616354,9.053129448743684,9.260738228794246,8.951268503916568,9.954270012704367
8.417250369530912,6.818715591622148,8.31808252742485,10.25632142815692,11.935482952494107,10.234233272996814,8.198870954083429,11.108249880805975,9.091820142717513,9.45642516408159,8.958906176988306,9.947517481843812
10.46594171670743,8.103710295576589,9.997884554360924,10.279305344112736,12.405956032074444,11.303737262824558,11.179719650270837,12.157185519198059,10.715974513569604,9.104944320101607,12.18329915812426,11.498182155776506
9.792151851865496,7.31117316383766,9.496036563069104,9.524578555611377,11.158696294310097,10.107629638392982,9.732832078535457,10.822658085188754,8.54448162613618,9.25744782435791,10.746429594210746,10.589147357844336
9.603024188567277,6.309307831837148,8.883463248040076,9.57310836540352,11.490302290763,10.328982107873275,9.156670636271464,9.882073036122497,8.481460097652425,9.008587432410934,9.780907792606339,10.178367407347945
9.646736638716401,6.987507166204274,8.802066099439639,9.817683124208875,11.467425851296351,9.948490899386606,8.803194201099998,10.667403048795034,8.741936257258912,9.536239305622473,9.88548047601424,10.225944800059557
10.909919519809485,8.031492328894661,8.790982167901603,9.13103510175447,10.594985760812056,9.921620247823514,10.062957776105971,10.080561399564823,8.508229227999959,10.443984046983854,11.174177300024814,10.433279576120384
11.10965761053859,7.524254620230857,8.904379981997566,8.612240839835131,10.14896586948349,9.837344946399963,9.646867108711579,10.007715485645553,8.6974246059451,8.247717025363972,10.800108792894997,10.29638932870961
10.228670012295945,7.055532241409256,9.616688357503334,9.259764579699032,11.288258958610388,10.078476741396695,10.170932750696583,9.858775910129948,8.378386807812086,8.44360460933536,10.516605081816088,10.553690664631036
8.429143254496509,6.6807735037681,8.36148638127636,10.032708223077703,12.382876194744286,10.337139224752876,8.63099301705593,11.644035095498015,8.848668269104776,9.059245560698209,9.159899834871956,9.930973359615942
11.397713204691245,8.273137040104384,10.092867980842039,10.608301577049298,12.99473280660679,12.267531877381124,11.875816715708503,13.94909519755009,9.471185926057666,8.829763989839181,10.677782798384758,12.500011051992418
11.439000691701485,7.692467847641243,10.257219721798812,10.218805510874336,12.063071338338396,11.719613489453378,10.523295190092234,11.323611852526675,10.12985598799002,8.636594282121576,12.889437266206803,10.250338181944985
9.750343714532185,6.646820976178227,9.203191532196042,9.657777967757378,11.61027160151945,11.036847892410263,9.544538019837935,11.113825449585903,8.630379947826862,8.305639942098491,10.300870199164438,9.499118187974057
10.033059079067785,7.132279616920577,9.08427347726979,9.304349907620795,11.593046406866113,10.62188226826026,9.55249844711618,9.590889539950126,8.693437756040149,8.276375340003803,10.530654233235124,9.383483060893903
8.98761263460372,6.880031150926794,8.774678491222659,9.930786412775639,11.994439576712283,10.41790363270047,8.611008257211402,11.376632982250516,8.834276110853626,9.357238175958432,9.68096820056544,9.839564182880606
11.877714690729086,8.836064117587881,8.626552313525547,9.110997886081652,11.306362002512824,9.25865375479381,12.686627162158738,10.758337613730127,9.010168621349889,11.501904094615156,12.468890269306357,12.225468463597203
10.611829167172498,8.073840619798249,9.143865552951034,9.467995256425523,11.64916301789106,11.398389195674026,10.323526205692216,12.170281354668532,9.153008043797733,11.689852096942671,11.865988061708977,12.821576526316184
10.90306315933582,9.591729858630407,11.067881808355674,11.097712778466503,13.47693201515714,14.652857298551924,12.412099908198947,14.527979769925745,9.856606781925707,9.693276141132904,12.846368831351773,13.291221446461705
10.052154765013023,7.476808925853569,8.800823343439681,9.414873064541977,11.171227344728646,10.272743713307136,9.4427301476956,10.013450213058873,8.594692791326821,8.730740561530347,10.34120642709258,9.888227932275916
10.414332397133364,7.206340592489167,8.531492260683224,10.092502237188118,11.57446542343341,10.145457027372286,10.111816021840166,11.038103695857233,8.91240782331234,9.75737694853157,11.159193702270734,13.284422087222476
11.148349049173389,9.098013161006401,8.362962220731553,9.276615941823453,11.918809392560608,10.357522313759643,11.084754357936491,11.32486846016093,9.228190087745968,8.021873938288934,9.372311130346569,11.238820842466264
9.37880294084514,6.629660938827925,7.755297758244369,9.226155148002386,11.777176398522778,10.295944298574152,8.726578628491046,10.19570363792606,8.61718102521,8.604904863160314,9.004658959872927,9.806226928904206
11.013616625421713,9.076357868987275,8.491980622462501,9.826779622730063,12.047224058716091,11.587807006619828,12.361107254247242,13.890403819703648,9.419782486022578,8.413548451703345,9.28585478609972,11.621194890013033
8.28987177119141,6.152103562919376,7.945589341914988,8.813942086867929,11.507313493462405,9.819590871694494,9.259870639312986,10.61136806168656,8.978748963893263,8.663863579753716,8.771258674830346,9.784811065262287
8.201300282532905,6.628109796188455,7.846657283872264,9.352675706498664,11.826203881715104,9.549460538652031,9.284835217367698,10.767653313979936,9.122284871878671,8.664443947795343,8.938335911258408,10.25210232756425
8.822644783102042,6.525871603737269,7.870708407347544,9.500840512616007,11.880651173057977,10.096197269022355,8.465196172930076,10.758080391658986,8.425422939562763,8.354155467099732,8.866780734505607,9.790707331430905
8.779211277553882,6.254329608488104,8.395641187357525,9.914066566833556,12.49171567108155,10.655153121268269,8.573439571134092,10.467271579088774,8.71864398009159,8.835954743604335,9.481409795388267,9.374995972908629
10.581351642254358,7.903611952728462,9.743867404261266,10.374098748741067,11.959032680186967,11.813761160994133,11.212305451369893,13.063785735393095,9.929270366107954,9.376987606120988,10.991267215242967,12.648567990111365
10.658999562193824,7.465396495724074,8.248445658705087,9.607371560987076,11.00883733807314,9.713077586100374,9.37766559835622,10.776220614710667,8.80752556092344,9.642851585886543,10.016112883717035,10.685548348743891
10.241440310731843,7.476622097072522,9.46045465402418,10.200062827395696,12.336430049955032,10.753986809232817,9.696006828963231,11.695282699235431,9.037473226993393,8.100811354124183,10.394489699601674,10.052417843952716
11.397663244280501,7.797525026455387,9.354378932945604,10.471526842686115,12.65251165077886,11.429158273978555,10.776518957587044,12.08638029783594,9.340824863547263,8.748125059800135,10.416844181025096,10.957958526068143
8.840137820627216,7.273128775209439,8.494063429117425,10.473152327330668,12.35871670302676,10.55295223395758,10.372174541765851,11.78346250400692,8.772879598326472,8.73189184215719,10.11016375298811,10.030703665757214
11.976955974402216,10.63167305375537,9.172156164035805,9.645232148996465,10.838480741920822,12.464802020658546,13.467964758156723,15.122434883684654,10.008052477696161,8.526558704130645,10.567715348138453,13.642390408710572
9.611187844849026,6.764141741410165,8.626567736737647,9.119140522327214,11.027841605116462,10.244926001462042,9.215464513395757,10.807718621264343,8.713763508318102,8.73513034350642,9.50169893642743,10.015433357795137
10.262131332700518,7.565277847854236,8.414427861834074,9.3944297419978,11.442989103693137,10.352013023376509,10.594285993337504,11.704855572279557,9.263339486753607,8.582921797405307,9.289067248564844,11.615131074236217
12.065490427371659,8.551238108731255,10.562715708217146,8.701714548318602,10.013867219812864,10.11807455651211,10.792665280660746,11.773556883922495,11.136328297600642,8.877114300405722,13.069771390483783,11.34323241142585
9.519239498963982,7.457642544810401,7.829229865796577,9.306822056253353,10.66536428103576,9.919771789093199,9.80539672283642,9.954341321645629,8.870872606805564,8.938702781667391,9.806666599905832,10.432608898952173
8.343407237181468,6.543364626549852,7.708171158130954,9.719877421004755,12.164191464994262,10.28878521712496,8.420881882821249,10.997941265595086,8.795912873405758,8.68980926169929,8.99375922649613,9.908388231080973
9.104105702004118,6.700189458813704,7.878359414733178,9.65042132499892,12.262238103480714,10.140574466549426,9.231993370209347,11.484435520251012,8.67490168787942,8.70891986776942,9.238704708474739,10.076153498587122
10.02457973191061,8.443227082716785,8.203188043186747,8.518642984557061,11.565922268586979,10.40938642132538,13.056470794738864,13.480214820971305,10.237976537678861,8.02190862832672,9.334820491127656,14.332888964398792
9.517086620083234,7.136428150331606,8.742934438827747,9.683794804347869,12.49490983526949,10.534404210608304,11.796239563741507,10.071319891291136,9.06924022467777,8.472430565492456,9.406158318424541,10.291356276395152
9.738630174208552,7.62427916146448,8.542483486948527,9.512220231649707,11.276960758250798,10.916174278934626,10.106928145571544,11.659239992817378,9.16086204134628,8.49521419382986,9.28813950187512,10.249339650031978
11.714520596066329,8.897156135623288,10.232148944327765,9.965589575168373,12.139755998564134,11.635206131892746,11.616290051443631,12.349260615092138,10.408613292342306,8.377601948285141,11.862954899003356,10.613541301729349
9.57891137216999,8.09540816986253,8.78041108214552,9.801912503550685,11.944893303687063,11.516670633929136,11.56492838746233,12.685966438313994,9.842852516261274,8.734305238686593,9.418256430830809,12.157801014696338
8.47625527449788,6.026286651551554,7.997637352079928,9.580967420727672,12.252135898088092,10.26357786753697,8.33693808942683,10.011044505376036,8.53062077902607,8.821012979484301,8.94898679033524,9.654722496263162
9.093340877340287,6.953990876938625,8.162441516518722,9.982117836064331,12.450390432609241,10.266669487727803,11.67288365415323,11.906672594231203,8.793414237291342,8.595459078333285,9.43088601067574,10.271754553717749
8.914695726512223,7.186039419154179,7.802446542985302,8.686892385883008,12.135920461346709,10.135417344401878,12.02166892496618,12.025756572217993,9.467742233246268,8.619362441411536,9.07870675718934,11.87257744688263
8.181721544978096,6.495406737802447,7.741795611799002,9.603399023364203,12.185796045574051,9.960611400787421,8.734873102605391,11.109761389466527,8.98492601698762,8.726359226956836,8.81923175890648,10.341613523714738
10.332969577167123,7.793759854953455,8.167754143217,8.53585655374482,12.114394247151505,10.368737310601766,12.751358761315862,12.979045868630251,9.917451999127461,8.08068984244418,9.16358196236661,13.967122930264987
11.248522879658506,8.971804059302093,8.910303209396893,9.641491548043144,11.723167144058912,10.492336171214047,14.519305901595901,10.707165671797261,9.054604823738968,8.739907243142065,10.906662535798406,12.59046118327026
9.140680468685131,6.814033453417166,8.915379192385622,9.727649094260597,12.033785530934288,10.07380170347051,9.292757235951312,10.791263133868306,8.727946334613799,9.225720506808274,9.87798291744319,11.450566314534194
13.06551324462848,10.017782604724433,8.879949285796396,7.377950968311627,11.224612209218296,10.6534693287832,13.766871726582394,13.184345962576998,10.242199665611064,7.963615763132158,9.592453152843678,15.697931900023425
10.905539343538472,7.984947822527297,9.968511864654245,9.2793778695597,11.479131148262425,10.704972299715495,12.341052906781313,10.444108184960545,8.92424925658501,8.72242982924622,10.419631357668248,12.265725984299925
8.909450555619435,7.120716641232119,7.887566204406203,9.434992777520097,11.211240762247673,10.026159066181897,8.589668644199797,10.725147444652347,8.364096405655234,9.095747743141837,9.338313652982594,9.859224284631907
9.561310762350693,6.668356776254748,7.8842115948871685,9.369796828901515,11.921138097496874,10.645310599733547,8.811907721437517,9.813109668602559,8.448542055449257,8.378020909256014,9.66639592282015,9.811373311451096
10.476619885756563,7.072773421595852,7.869982543422047,9.593752437215594,11.669539327093515,10.433466961142063,9.040139853032999,10.503234454637292,8.729376820051177,9.127275457531375,9.984385432938899,10.150402174699794
9.423949489539645,6.768169931107829,7.65168136974027,9.143551882434611,11.638180768399014,9.62350296104866,8.392654363053882,10.907820120232605,8.930395357496508,9.085532682481993,9.045288977028935,9.927322653111533
11.554155561015289,7.6354975554379125,10.765001164196494,9.775466981264309,12.207766499885084,10.301100168716532,10.101395930420324,10.06507214840273,8.94805788753579,8.382037320021752,11.676229141760302,10.832479325251086
8.227556458678931,6.011630144801521,7.942742173587849,9.327594388834443,11.935723300010938,9.843879694733742,8.425924868667272,10.5099164688896,8.654300482693253,8.848031536984486,9.199221486854784,9.972233638670316
8.41937990936812,6.119385242536254,7.872347932028941,9.540171367511567,11.98420532027049,10.093616706933613,9.104537549031942,11.014094243208076,8.767465035571274,8.814773678930212,8.769834904146457,10.075523155666893
8.281824027632839,6.053681891837164,8.050604724398914,9.571986198245455,12.047322440632916,10.006325720769976,8.349162766079184,10.670709134158988,8.665792789225163,8.711971022927887,9.09999593309107,10.048632603506942
8.287460607607104,6.148288255930313,8.059249424701454,9.823208938518194,12.073523069805795,9.9521760133843,8.003219815318875,9.945317579077782,8.598600729842822,8.609260364865332,8.910896252191229,9.776594019564195
9.07369175713028,5.971003464592128,8.08112777994737,9.451494606074883,11.708766025222411,9.625919864845326,9.023890696714297,9.333421964864131,8.401707554515012,8.1029744067359,10.08151667894283,10.475631865366159
8.49587524014842,6.437346033875442,7.734968196017267,9.805416339466063,12.197356764857902,10.363453114662258,9.394613350121624,11.108536925667101,8.927325492426498,8.842291454832413,8.843060905278753,10.340331150130794
9.494825281244692,7.017135735650651,8.396825582642322,9.268079045384985,12.201475525282913,10.591164400347646,9.648837357204924,10.362689606761172,8.824318191223746,8.09881693277855,9.537613868533043,10.123098647022303
8.152755545522616,6.293537331820667,7.722580971276343,9.855060703091981,12.527544518734459,10.258434889777217,8.05797692993465,11.189964636269176,8.60954943624335,8.833225839233949,8.861334253328852,9.996593411455686
11.268263003347963,7.7579520203277434,10.08014785350521,9.004072735825366,11.12248150926579,10.151987293438873,10.631013560720511,10.3593813864978,9.09774930755823,8.527836099899538,10.766910666496184,10.944841687060913
11.919553790940366,9.520966697054869,10.999823204894781,9.632622930237758,11.718429700150432,10.727212690621004,12.780518237009831,11.218714771038222,9.29552178617302,9.524179320906798,10.927848622982435,10.493463173795636
10.18396455240864,8.357625107093593,8.766474058789964,10.054335976861637,10.76124982687763,11.378589162858058,10.710923987471443,12.008169763119618,9.072821867688663,8.673425847924015,10.567916099970947,10.54391883415079
10.901577294580823,9.952570622904766,10.635298821673771,10.082867846568556,11.395113604342749,11.001493407157643,13.08256169657003,11.669203396032783,9.34205785343881,11.591226511159471,12.267374855576522,12.96617085888916
9.0353856819688,6.4052563798271365,8.132105604383778,9.370330871448733,10.958832209342948,10.0026856003461,9.196690403015296,10.126103170875238,8.524701004284186,8.914376949033347,9.523300237010602,10.309470632360986
9.096995116644429,6.536363784675576,8.942729199220498,10.101974979063767,12.39235397331646,10.050933680975612,8.843422834927894,11.079261450562678,8.765021168550732,9.38076343785377,9.534831249115388,12.59948293589494
11.48112593227264,8.895999393009081,9.400056072953424,10.560355657453886,12.72053732949673,12.552075076201929,10.60446128835879,10.758316440296461,8.808887980124531,8.276120246916667,10.953479148091606,9.877738229102148
11.577448436914835,8.260570924001442,9.455447322405844,9.416488711412153,12.044972587089637,11.187799281669669,11.678864354114626,11.88382116088124,9.106252958041381,8.242746304872727,10.464388589255345,11.068135326643452
9.766427663510497,7.255018313156141,9.027858514085557,9.524297341592627,11.470778086168485,10.315618846439042,9.141036787998607,10.445908724133544,8.758173995054158,8.598357375852899,9.617912841073284,10.298772732102247
9.826926237023889,8.290197565139993,8.93492131434221,9.624135893567303,11.85434668897323,10.80861054139608,10.283904335896063,12.15380897495537,9.42611818619669,8.498028629414176,9.525162266940127,10.673245121925047
9.226155216580336,6.652355020384696,8.656924151812337,9.577522273843526,12.593440421110158,10.609171941522659,9.004412058095996,9.496343661383019,8.601783092507974,8.447453067504235,9.500293458160533,9.816147810145669
9.368206225276044,6.3619299288925895,9.17449561038236,9.472316024004655,11.306659486547945,10.33943047577722,9.366923981562058,10.175456604159665,8.74284639153594,8.320894524473122,9.7800180993001,9.249396426581399
11.16899936216908,8.072700230972808,7.793369068036381,9.218287535891681,11.446292352395398,10.449834340424623,10.032553545479917,11.415839507004366,9.25087276330266,8.304721616173055,8.972050081885682,10.386905605783054
8.390659927066169,6.529751862918221,7.8011971231890325,9.550958698952629,12.352531946763905,9.996914759950474,9.37632642371317,10.5868148503724,9.172809187899574,8.689969973052223,9.111649186793684,10.362256023478535
8.288519137031154,6.034669607620683,7.788818490010855,9.5750041955438,12.393127693099599,10.182192180870087,8.428407948425338,10.65044725386494,8.541626089513764,8.730043990726157,9.072903452029728,10.063574674362108
8.922658548987625,6.2462521748128275,7.841051343267648,9.719968196295467,12.370252701551143,10.224110193903002,8.506669443150878,10.787524883151052,8.517279971621816,8.76896350415659,9.069538590841708,10.018324583504311
10.174274660134028,7.462301102573822,8.753037158709402,9.740898918533915,11.435721112759925,10.109763475070736,9.128398379511578,10.801539066303896,8.626316722801674,9.669838545682962,10.401288622655448,11.04279913725337
10.770510171808077,7.99718885160297,8.513006389795656,9.725871922261422,10.982120981512642,10.33385120790848,9.912293613071798,11.179919473172713,8.75068069329838,9.999347722642565,10.685817532199595,11.892098232406271
11.235786678006136,8.450467457176217,9.807265145633549,9.247015486296055,10.211563407010129,9.446214602794283,9.47514682037341,10.770734657392284,10.231033135754009,9.176231278929224,12.138793300396781,12.586209922229022
10.139810021315055,7.109492038054557,8.410352418878043,9.311364770430584,10.443306755709061,9.724646545149584,9.054223045059533,10.265890434724351,8.565008461095267,9.595070007344303,10.320760710884157,10.914653955702198
8.786182577083489,6.4174047006330825,8.611904523991717,9.728697560099004,11.816027415109053,10.66346350842797,8.678359084535673,11.044577309341529,9.01776287430667,9.174750608960638,9.309495362299472,10.02030723374491
8.184626942079694,6.2214402019006165,7.95874622460405,9.54926997001887,11.96426450378463,9.938069259947858,8.384477225526053,10.505867696251999,8.619596989845455,8.710919334949354,9.244664858836607,9.856961435474073
8.389064687084685,6.073337312212507,8.353702084065008,9.639325842051608,11.915010238566815,9.908686016655489,8.348740326527725,10.27468032877413,8.622533924996914,8.519982576099018,9.307036413230648,9.685431296530961
9.923985883207711,7.583943225213981,8.948999594654477,9.867330271287386,11.30434953525056,11.281818388557234,10.123818133646761,12.371129418572174,9.087481745789054,8.544204714858841,9.66662564471044,10.549432012222
9.30226490199463,6.796144751144562,8.953024898350831,9.073166623838665,10.365462815726277,10.801265349833903,12.038664024646668,13.680517394914384,9.833537472992198,8.635066618916607,9.607758953848112,11.90212098857866
10.490708963872066,9.561862536813761,8.95792213687285,10.068958506851976,11.072181176834759,11.664258905864848,11.963538055171142,12.874075232469842,10.096751108111402,8.603649735726387,10.227080215196182,11.811215667459448
9.973532856461151,7.249902685572971,9.9285339280828,10.294947250711733,12.598696728622631,10.609954603107605,10.046678227271379,11.413619163643801,8.750055221606909,8.319867443775241,10.32217496741468,10.091354887721067
8.498398549480916,6.744972318693119,8.229970649783176,9.978875626858496,12.391253801665362,10.197504962578849,8.56364975729598,10.928820757722344,8.630776268969699,9.161014241898325,9.520499490296695,9.867968994704233
8.84920946534343,6.7135919798447325,8.8824756835222,10.064266953851403,12.162670953496864,10.661130267478624,8.684328505606153,10.94208147929769,8.576259405125821,9.091075409111669,9.875013747511687,9.760027946394697
9.037286423287526,6.95333217698415,8.937179104815952,10.040771408225979,12.433618898482973,10.764060137981547,9.105731276618695,10.90920050569032,8.58439142194784,8.606485061623909,10.263086569365269,9.46185816976772
10.063194270024637,7.700229441545773,9.681065628282184,10.638687740291918,11.83883978321058,12.988144643401233,11.51927815328863,14.537020298259153,9.550672348893318,10.702522878114733,10.629340833807587,12.23468612459402
9.234382555422453,7.271572908075189,8.777195831193925,10.315224808687587,11.852595188128635,11.723102709946291,10.527331375571894,12.070231928527182,9.351682656940485,11.564162466104547,10.492815888570863,11.970202766226526
10.977735539804602,8.033886662971518,8.782482902850887,9.713733903104357,10.230003813332376,9.842632987241164,9.463224974525945,10.746273784568787,8.775858739617275,9.165014717386363,11.660364728941374,10.75762655847991
9.546725732863017,7.506947404222956,9.436838380033402,8.608731626075985,10.739513835816066,10.476627958734971,11.371287343003395,12.087127401244016,9.667461560153026,8.016146518165232,10.694577234874833,10.331485365368723
8.445019468647077,6.106860310215575,8.00955765912463,8.939040919712312,11.591529783799517,9.961576767634977,8.41681299779708,10.493645135105798,8.655693322036045,8.772035511408506,8.909973697708454,9.655533105557918
10.591286172260048,9.242961054386472,7.873369955359509,9.562927673127412,11.578381519318457,10.303657536499573,10.76723152255042,11.902967989455059,9.459649132571066,8.561142955928206,8.98034185992357,11.314386912930662
8.26466008565994,6.036118699905451,8.068697015619158,9.3107340241745,11.91978337346535,9.48036276136654,7.911373445146502,10.048561845022107,8.629204942358138,8.540123886933104,8.814287079537797,9.690278861261826
11.600530989501161,8.412642403546261,9.804482754346745,9.238053591682963,11.191904459627182,9.771328960792603,9.729117696641687,10.18061425868561,9.43149056453886,8.78892926108088,11.898936379480453,10.932014359410338
11.615423028952906,8.042670677730984,10.498442987972664,9.278136621988768,11.11871562457703,9.792533704925697,9.64391914216287,11.219752509640076,9.886697830645794,9.160506198421784,13.393583131460778,11.082190843876639
10.894482007461388,7.43097641847556,10.402847606937906,9.496772602148258,12.133366491727525,10.686066354688442,10.752319959643899,9.669486065743222,9.229419833147936,8.712271507577858,11.106075305670462,10.056893840146135
11.675056945464025,8.531977606928427,9.343440078252579,10.081818509731718,11.322845785883061,11.645788416361105,12.400448835452677,13.568056858762064,10.109161055796116,9.201982055769468,11.108915532860731,10.931128667372063
10.019054164033644,6.366169947705436,7.872120491487142,9.559474510553503,12.117268130113215,10.039928813879833,8.81522403765029,11.52677172452131,8.446984615526194,8.62471146128647,9.267960518990835,9.969381282109422
9.027110963715973,6.871596602717031,8.29183713408997,9.25831062633687,11.281429294859613,10.499483820517433,11.106620497107608,12.003986787931206,9.220770173796945,8.565177727140794,9.042872910997017,10.725284289976733
10.205568173698046,6.534304801789199,7.816178995360985,8.121559615761585,9.771585034079278,9.46887232383725,9.096560242790591,9.04856139366392,8.07993244298013,8.358877757600514,10.208517446779508,9.338319038645976
8.975179435387293,6.551073273788742,8.313587364194653,9.875435036667103,12.432017640430981,10.490076026387799,8.883131471677281,10.994534636604973,8.970685356669467,8.81573435902753,8.99866954526012,9.453772550422785
8.293178234553215,6.086182477638212,7.859203218328526,9.665270743274334,12.366271622435683,10.284469909877378,8.064300625312404,10.82714635615532,8.37208945371838,8.753506947122608,8.97902771467244,9.945952405939092
11.131088921671008,9.900745664384816,8.48627586178683,8.968414547265196,11.858892125218771,10.564907983798884,12.856848300845622,12.764700435839167,9.755596600224175,8.37000231777834,9.60538118328293,12.703557944699849
9.006637230811782,7.348510978890298,8.342138948851385,9.91429741111075,11.399094523134215,10.4884538881142,8.920606250996935,10.920145141199374,8.94048465819217,9.406455883208627,10.557681954629874,10.462662809385192
10.513886641762298,9.3477183978989,11.006439338142519,10.15190777810677,12.847755851506887,11.313475398599833,11.990948452753177,10.654199205636036,8.870456392133962,9.46846216123837,11.553290619978394,12.233694500786136
9.568714483979944,7.4280287381998455,9.448251366256665,8.789376262944403,11.27525069990575,10.946079741366999,12.35915821761195,13.678989113050228,9.843129865325702,8.511819361775641,10.155343814236726,11.67911064459915
9.842099813566602,7.958872528554488,7.800353663860471,9.717394807621373,12.407893418125536,10.770106953183545,10.738795774180709,13.303705269003615,9.104337484269662,8.598400749671995,9.054685684506245,10.464577433895037
9.821460948845411,8.289250676910376,7.8160323852751254,9.453668867669306,12.154817056719041,10.577495396880712,11.387084935797818,13.039547027415308,9.353591070937073,8.552146547467522,8.983579967742065,11.182799990239975
9.398051319042123,9.434827288839614,9.599639696649378,9.917653469474514,12.989846014682378,12.232766074646724,13.17996118755737,15.370727843081822,9.595436470032439,8.390150898104475,9.810612442246256,12.92902412388149
8.637413066252037,6.104625620924694,8.064482345050692,9.304395874531808,12.00425134102095,10.138202262478634,8.104049627678318,10.268176197591835,8.62456415257793,8.94002694674046,8.894902797240189,9.717375536200777
11.82394508634732,8.960829037187363,7.7549537299780225,9.392902861034687,11.057410586324538,10.701373764942922,12.2003271196629,12.87730864126037,9.30881523325299,8.5655582355572,9.460949477548674,11.751969928813521
9.48381803718109,8.028124338633324,7.824172181663894,9.605636347919953,11.726118669159312,10.975148324693466,11.166693780692873,13.231792813130463,9.117667679641048,8.523017656333083,8.98911475129471,10.702976010246601
11.197504252952776,8.92206462969316,7.885837661372073,8.321611600455428,10.268326013651755,9.933195255442902,11.724268894303577,11.7815857219186,9.381314121295027,8.281761454759627,9.46706680398368,11.198673553366778
12.54812935134659,9.056680346186942,7.933285328696367,9.498194945806686,10.967102230147377,10.903595990580577,12.427584915417974,12.87300161660715,9.329885471266717,8.613427705459584,9.730479660594083,12.314083638035166
10.33740312327458,9.200998998756791,9.590708155494037,9.822626997828515,12.33728670179932,11.347827168633394,11.530409036100707,12.840778260394135,9.72486565351534,8.575388056065162,9.983081605174839,12.545803990324595
11.550379053563528,9.030132560420844,8.123495521178365,9.741825061306223,12.43036461234053,11.155892669468289,13.337983165994027,14.142171481360222,9.448693879046816,8.752071703511222,9.387550176332997,12.078320606769397
8.386731466707133,7.204297818827804,7.958331958724066,9.535422737658946,11.749722393034475,10.254005898992148,9.00831137739578,11.808504958493616,8.886902535910787,8.986052841930539,8.924729321671688,10.195799472563216
9.397922832660962,7.636752811060006,9.001033165807128,9.665679181497275,11.85369530705982,10.220714403951634,10.5505782499779,12.260280862718202,8.629386148762741,8.870727891978108,9.565023547184694,10.527506910905851
11.630918275245714,9.247891708861026,8.65149638152597,9.983559243341565,11.827726328182735,11.781660275667987,13.022369893304136,14.202402362912323,9.353382324169848,9.443293819995931,10.736134597385007,11.552753293089983
11.995827925091854,9.86556048390402,8.760772520672395,9.013446789963162,11.826708675895757,10.77542005729041,13.076174711570427,12.757197542826734,9.8474316613473,8.330920013768953,10.099425328520528,13.480129142178926
11.753299046061887,10.070725076097593,8.739996913824081,9.128860793268116,12.13854867434904,11.33814393486687,12.549420933315076,13.232472861772393,10.064561051036554,8.65728897760266,9.646200612221916,12.996796783225285
9.076767784972553,7.440440346512931,7.715975053380868,9.06883738938688,12.158700415698517,10.08211437932096,9.760134184908672,11.431536674422832,8.980277836304776,8.439337417759715,9.089543264835362,10.4651839073449
10.929245980390116,7.099303318957896,8.770654240996416,10.43916979895712,12.583037582760491,10.432448553753373,12.265403868077883,11.993452778757,8.748529247200796,7.803169764079851,10.401037824726455,10.253492210369124
11.581187565443992,8.841469477827808,9.517865335543208,9.33651896317167,11.616531583644365,12.219454290503796,14.873735340681632,15.255676008685278,9.780837234962295,8.582189881922549,11.109704344030241,15.112263761753303
11.85977682275101,8.763979619164111,9.384209125573374,8.854670618282281,11.064432057557113,11.387475797832467,13.041678215806972,13.716572752482737,9.995939525571938,8.6270081358831,10.163731051976653,11.627269192196065
9.15208891187204,6.070888104925555,9.644430454219803,9.787910276681645,11.851640872575755,9.720771962184086,9.452476861539601,9.312762049317744,8.434222653734064,7.767161096968734,10.176173920772762,10.790273015419155
9.600593244656908,6.287957480751526,7.959075613498277,9.604548144708332,11.976992192297129,10.248421830803162,8.823949983823752,10.401514650298449,8.335977633114965,8.477514215799435,9.709466954131157,9.663752194388017
11.681704685728466,9.736144954948225,8.329555196851686,9.330631114486604,12.27038808781139,10.684678166695983,12.37772548113594,12.828604972805035,9.670399693526203,8.409790335322452,9.230707601475784,12.18608643134662
8.939207842071418,6.584816965754394,7.624892439722465,9.518681272585342,12.266492043390747,10.143245114622843,9.609779878346504,10.698571303838419,8.88514830870348,8.7770097793489,8.889010285823407,9.835258655372218
10.927158504482641,8.192557795721383,7.859163856488751,9.672679365728778,11.29066874985879,10.886940151560315,12.260826151595161,13.215006812674513,9.28608621872121,8.509130570154012,9.44404314842103,11.482739311290977
10.527737357404837,7.526152004175383,9.233580108488992,9.970889328589482,12.299987519472998,11.159965970811141,10.036900640812613,11.663340352418361,8.814257224616345,8.673946768342665,9.680832384091776,10.494161540278402
11.473970931904596,9.079320609414822,8.051967457136852,10.118707262551307,11.76949774590631,11.353965055666917,12.041766169425308,14.19994416545056,9.186264426533633,8.768060031452642,9.336485799187404,10.536715335550348
12.136020059147935,8.31826755880787,8.540767587159584,9.738153050853548,12.45042397326285,11.328944725924641,9.853434900012338,11.17713009861536,9.033341717254045,8.557770854314766,10.741473264334315,11.040220868395036
11.512911798962252,9.243175237051656,10.069553069712237,11.244726064798654,13.056229256049573,12.91196942842247,13.979456861140495,13.927649711399466,9.6568568735673,8.527473457422342,11.507073915878667,12.740021040853708
11.858531018667538,8.480115968544622,8.069888965002468,9.119125728252165,11.258258316308131,10.100290544435444,10.56846070374956,10.864288900070232,9.267214444524724,9.01019342041756,9.912679574207473,11.142428809313525
9.81963063631266,7.568389672481494,7.847122294319036,8.221296447580436,10.975580410966879,10.199747884298244,10.822343046329292,11.191747606346675,9.40766076012992,8.204938971956588,9.262348077909218,10.520794782412995
10.578741367690563,7.554378882249013,7.922649186909259,8.363442523426592,10.10109609913061,8.743380464171908,9.313738427970453,10.178566515737867,8.542653785053295,8.982502876945459,9.690644508615312,9.727603849370114
11.646319407563006,8.680312584457967,7.5900943491173845,8.756848868264967,10.465978777359675,9.91386534582598,10.810741161721836,12.373398394721768,9.241129156832672,9.048721545439562,9.548397873814768,10.636474569935288
8.760832839130156,6.073898663441462,7.900493502449552,9.855201972863613,12.254206817251154,10.287541302450041,9.00451567882431,10.610780264308364,8.47905008650811,8.473554591631526,9.306651061459222,9.709389359700742
12.19681795381079,10.665354986947586,10.52435953410392,10.627478684891287,12.394956175845017,12.599205578057504,14.107583834464524,14.098368120905555,10.097442927512212,8.885247891978365,11.756628425931881,14.016880562242864
11.610557954208177,8.63976818699798,8.313321712580123,8.339680115009998,10.915670019417282,9.442901821682783,9.544972604895435,10.624212440452244,8.925698336309344,8.480490861376525,9.30965261306117,10.702222268623409
11.175440230187363,8.21453956550945,7.792956722317371,8.766712449614072,10.74539801046606,10.041539198985278,9.334401673903523,10.517132645877057,8.959104352903,9.293216340989666,9.542823494737908,10.368549445524167
13.632519868442484,9.65093811783583,7.919781968978876,8.628688866069908,11.366993160456218,10.29729204441694,13.222272214381121,12.701692837737534,10.268238494385969,8.341578216309614,9.850659891194805,13.583841164729415
8.748465960248902,6.061980017504652,8.219830723139385,9.816080371775223,12.258577660991326,10.102423225686127,8.673759137555983,10.525289016404136,8.622018931542385,8.802337360053928,9.238604691154219,9.705615246167469
10.788651392751262,7.13894751020252,8.254730814505518,9.785810798275579,11.690486890932853,10.264559561812515,8.973511369911614,10.947422474204771,8.96247514513672,9.211677299043862,9.753364891683294,10.508831358609783
11.634918661057693,7.649367974628646,8.300586459088516,8.77092799275558,10.285729190245442,9.297259451575167,9.437336193026082,10.170306927027106,8.7357786725069,8.497607814268376,10.707209185481624,10.495926056399014
12.474944024697788,8.959445711550442,8.220920352185411,8.135841141300931,10.599901119820526,9.44299306215756,10.757212323535228,10.856655959911807,9.349076344801752,9.294591279058306,11.143445740990382,11.921203983292049
11.109597163088221,8.736116780301353,7.817660993918533,9.449968441660195,11.247097364319265,10.570356236643565,11.854802889682446,12.862025967066648,9.450414063593742,8.307304382754326,9.19062461548273,11.095221753892437
12.28916068178154,9.633439333238995,9.996703414700914,9.615700955647648,11.689785306331586,12.451047709823264,13.885187441899483,15.06398062136434,9.481461378104934,8.500625092460279,10.113028803348644,12.826731078852623
10.21318010199657,7.529442956334615,7.8886298671660295,8.101272848232778,10.37724508637917,10.007553323772973,11.413350138101917,11.624654752778117,9.357160430752778,8.38822700767238,9.330914271116074,11.220001978760557
9.708951032759161,6.082942467808071,8.052937481500154,9.071918115052513,10.590498160935878,9.864517779597321,8.732402828986784,9.423103545475836,8.399178984117654,8.343694393611985,9.89379803205816,9.507314168761132
13.170928061703203,11.116550521071229,9.854039257968473,10.931824449842878,13.05098874443824,13.832288940297303,14.5336719037358,13.914018730989376,10.239105635118763,8.18730368278055,10.70429303404791,12.971587045629157
12.28165718973174,9.600524676471016,10.013640592389796,9.118533467770668,11.208571841487156,11.566329614454416,12.740799843862922,13.668826063770757,9.923462947393995,8.391535403021614,10.769750074064088,13.068002049164155
12.299380704267406,9.300203445701744,8.984987144669919,9.15391244675513,10.702823275507999,11.151179231083756,12.77191931709112,13.91430978812437,9.695709130549853,8.514662732961533,9.655558864269523,12.66751594674381
10.097466398824107,7.678868183437941,8.423771891090832,9.418701068818212,11.237526003227611,10.566995363386809,9.423967983694395,12.558122250616215,9.230656716177709,9.084049647077718,9.825268790714368,10.572993498180278
9.99721727245659,6.686308770283101,8.037745265630203,9.285681374082722,10.940702748665931,10.151948074530894,9.691621969530589,9.960177332963742,8.41645794936569,8.362339769647658,9.272304532330386,10.095659663062186
8.79066171785243,7.341274463027503,7.699741603408488,9.089291779196534,11.685942108788204,10.180430690247578,10.409178366842227,11.824708931409418,9.040457195217213,8.807915364388501,8.955962866440025,10.520316967336345
9.502659383269034,7.777930134333002,7.602590819015983,8.48954135256649,12.32104371164387,10.260204206091274,11.331430304190038,12.142774841671722,9.223957078000321,8.574389766442929,9.04241356177847,11.25514182724969
10.390902084487019,8.0287589465464,7.876568911538293,9.426548132091256,10.662834300201347,10.397296609412658,11.422259425171418,12.422390166163655,9.199500784304115,8.468933880072594,9.55750283194574,10.675102185550534
11.422366716850343,8.739653583737674,8.942302775298126,9.482869519907865,11.193507518791389,10.192494344070633,11.382273258753528,13.420855753941133,8.896571470081515,10.721557846021803,12.37034931981861,11.749463294884459
10.193602420440884,7.320437252472385,7.755102852541383,9.765577580022507,12.080586769897215,10.514263448454082,9.040347476977683,11.235982116956416,8.432241166374533,8.447188963447427,9.09937597400102,9.71153495168198
8.718049570948903,6.78268800666271,7.669364937592624,8.782351859231744,12.1502515578005,10.350115823871516,10.87294692848854,12.364188799935357,9.520101028915503,8.371816388127526,8.812201220010648,11.607659008921178
11.668820472230783,9.067847636361059,7.735136790625918,9.777967466721815,10.698569947490718,10.93226994424504,11.627664783686683,12.890246615707394,9.172589770429857,8.63548426239646,9.48174684680072,11.116010261340184
9.806027298428612,7.501144599511346,7.887159977162554,8.448486570508434,10.675136623531287,9.92764772803222,11.382916310791256,12.38321050758599,9.56113119441906,8.344519622434767,9.162982931786358,11.088247370619644
11.972101920325954,10.374246652504812,8.96372645979362,9.45361521971922,12.276769915388398,11.910215164166496,13.36195297402021,13.592708986182407,9.759162162566115,8.27000747988333,9.64603391877798,13.336178015365528
11.443269619278496,9.03667380476926,7.896265408502374,8.844547157842443,11.625574285797239,11.087878563622313,13.10795881008709,13.155157775451174,9.272760846634942,8.413396016606757,9.37245572741168,11.86862183862453
9.441795590003794,7.1775502197917875,9.724535228798265,10.47048786042457,12.478098841962238,11.82763864978454,9.264904194677982,12.332949687911656,9.18037192505142,8.759201024132373,9.975966152354797,10.277525188969229
12.789014341303199,9.292085478620725,7.903409179654805,9.535221349336785,10.76484365586011,10.462162877228652,11.793233061035242,12.600449256682904,9.552917593074438,9.2511773619036,10.551850603981737,12.071060041276828
10.153886763684369,9.488368206445813,9.00095021767852,10.33013265593173,12.565920324410694,11.831702159843871,12.298027129133668,13.884658152437538,9.650158813496107,8.783144320669225,9.435080286994305,11.771463318974178
9.676262732981332,7.168383775312393,7.673476227459029,9.419052781583662,12.215013558809865,9.74865036257976,8.71982520006074,9.801378232771368,8.662955391499954,8.7554028412222,9.211037384540742,9.747603604933536
9.673188596290801,6.3597664201535355,8.200212002384717,9.42274201603453,12.049026291293638,10.046810603113608,8.965475222940647,10.437726484670092,8.731049454998463,9.012882734323778,9.588120586762654,10.127938821837688
9.04855212023561,7.798646443564795,7.625181669095853,9.766478689205293,12.312915878906441,10.658383571665949,9.421321143068473,11.48323083288334,8.768572032861531,8.803656444108157,9.259151725672615,10.400442834889889
10.102995982768944,8.464878473536775,7.639376239525242,9.364610769088054,12.454616349184953,10.889946935449483,12.028866928053652,12.85851660244891,9.75373526445626,8.480209070290776,8.974470391851792,12.094967891344352
10.883174451295298,7.5142565120832385,7.861493919934522,9.107374819743422,11.712129826932546,10.041034270885289,8.710713787187071,10.448623441227115,8.537294996807157,8.486057697282332,9.154170998940847,9.808767972707772
12.015650488855645,9.504620202212637,8.024406525442059,9.345492651081004,11.92168567118714,10.945367480862787,12.361241647295998,12.889648897590371,9.804693872107867,8.334427308890666,9.269908716418552,12.489654214179753
9.5361140271422,7.660269176024706,7.630086699738665,8.522468257513642,11.871621239163348,10.128112435262906,11.00749882746585,11.681112328060701,9.16519113927824,8.285037642234743,8.956943545217175,10.809603169241422
11.095758772051234,8.58459260308025,7.691084887698015,10.029147233732452,10.753044582295004,10.994917722033563,9.995454916888166,12.075730899187972,9.036841655432449,8.662728383465527,9.161765804322194,10.312186626242687
10.60857703864074,7.693150569002408,7.6571260758145065,8.411326127411913,10.57916749041089,9.473411247980007,8.769671146370609,10.162043353949914,8.438949907583503,8.571419992800276,9.180599435779241,9.397994843615992
10.874102445574596,8.256174980847417,7.679390646002295,8.25946292177302,10.45171369158787,10.119609280998647,11.413468879696474,11.740089224573405,9.163148316589451,8.143338897194724,9.074622138826346,10.67741983197042
11.053467943612135,8.580691659409887,7.7717522277262105,9.44410224647149,9.72228023049254,10.468891468245799,9.948812518757824,11.33160083122721,8.873046146191934,8.542365832390361,9.392302904997567,10.253916942992639
11.07237015524707,8.332660679735874,7.85486329695671,9.024715927425106,10.288373561842537,10.33287568664113,10.997500397691223,12.179447006818878,9.056159014772286,8.269418964961977,9.273391168112376,10.410192843658555
11.498927488282467,8.360539361252838,7.494883618802604,8.36428713049884,10.267611166830239,9.515621774454033,11.096271127996122,11.836459186974764,9.09899692842232,8.99782598042969,9.6343024143146,10.780222286049938
8.796802096665143,7.100388604404205,8.60012372428866,9.712566618656808,11.919603965738295,10.537728994051504,10.067826559699364,11.910243983479335,9.053518938882418,8.73390549633561,8.994855192327055,10.977983411891941
11.142880646397456,8.420726067039178,7.604141111023913,9.327364473829721,10.694898580526502,10.687139208066789,10.669286479854806,12.110388199696587,9.36103191130071,8.467120346849763,9.1956245567459,10.611382262305746
10.662768442495882,8.126341367594131,7.630887495881696,8.819317125245862,11.175232779378504,11.014413945959875,11.670442559660296,12.680181382490874,9.778863880475663,8.501161022683686,9.119033647120292,11.452734321572928
11.055273842244603,8.29601866845492,7.492274791577694,8.661656005709476,11.102289733386762,9.620419484734487,9.248956198043576,10.172156611242967,8.638282086635988,8.686964768780593,9.60762791238768,10.062601424509431
11.196671167589539,8.849438134968086,7.640733332257972,9.426407720120805,10.807809550484427,10.45100807838586,10.827162523950925,11.960036337651948,9.350701631980682,8.728450497600816,9.166909241309,11.321217576652998
11.933450545001785,8.719630110020763,7.569695487553574,8.720706584036815,10.911746531094014,10.479678600827386,11.840176783485752,12.381684764792743,9.696539799991713,8.390787790106598,9.281457210571848,11.171711075607776
9.16726171004237,7.726597879890017,7.556166809846866,8.688750388115643,11.30261565317907,10.036358762055785,11.211812928853652,12.15055487759599,9.349990823188032,8.186684418299503,9.025325648800122,11.159859450701811
12.500107509220106,9.03190507675067,8.107514206801298,8.154270156059908,10.951193473801267,10.049330534822436,14.184787821174423,13.292462140515378,10.435848963720526,8.313812465409573,9.761921841608178,15.244791299710599
11.481082752320374,8.103881437104947,8.64788565769115,9.318784943122969,10.672900946287493,9.966789428463217,9.692691693635119,11.538362288257096,8.374887568078426,9.762628984155986,11.838089998609828,11.359785257637325
12.018908589234542,8.833232641178148,8.003269654274968,8.985531613512446,11.310817524167994,10.072940054610694,10.40646348474188,10.746723352411967,9.306128482971832,8.780713580728072,9.977113830201136,11.457025648285612
10.384102141617824,8.23314954078296,7.620318659499831,9.363907893417949,12.071024729816738,10.125960453896319,9.652845689072535,11.43327422089617,8.839658745741133,8.648564244784744,9.047723664118108,10.380162051552201
10.044164616898938,8.769959242309142,7.83026117754186,9.9944303679903,12.623249374223597,11.229975660588867,12.403639794903683,13.790306174504588,9.594986016201172,8.994029477563373,9.70960278812576,11.857951094234805
11.351861279451136,9.139460509035482,8.598134396554926,9.6934561628331,10.848241147330343,11.902938905889293,11.310330376697614,13.167239216976474,9.20130905632372,8.42778464859893,9.490565877324435,10.305732603851872
11.063069731264244,7.820849603355832,7.784781003153494,8.822685563431168,11.204542385148567,9.386633016207242,9.04871945229861,10.340565990181089,8.66494435078834,8.24648426334904,9.672156891101631,10.099490689524574
10.984455995912867,8.377073299359255,7.567749030385817,9.564792007024392,10.399610293859839,10.3785436617323,9.96422918374234,11.742248391271566,8.911745592115127,8.861685020305032,9.318793527187273,10.335407161759036
11.00846138192329,8.465423892242764,7.484422692102503,9.363780577582657,10.256245928777314,9.847753156325638,10.246722096252821,11.705190451862048,8.976227807849732,8.948220423555133,9.420151874758641,10.254942551907329
12.631392307758036,8.970817073069194,7.544091675154453,8.822483429593596,10.897735261995107,10.21453863511277,11.569323282103595,12.593333418359974,9.506996744388635,8.91733590552503,9.92996734316168,11.52408379920615
10.878441740988235,7.523429923360211,7.917879658718208,9.616988482827843,11.062647795264033,10.090182655167347,9.028415534712696,10.09178206152096,8.309736798364936,8.617247422834106,9.955908140235419,9.752559173655468
11.493225107604818,8.03190720197181,7.7356385111375285,8.766825272414383,9.363623767754467,8.722547202638168,8.798822240839876,9.340480875220294,7.918647503720971,10.255318743306661,10.875540654325606,10.347452782575093
11.663285395448373,7.7388566945033865,9.715696025727622,10.613208153344948,12.555398905718429,11.027239133454266,11.87800078751,12.7731518101586,9.8450386757508,8.3277798069323,10.359158354406116,11.50926630974856
8.784412646340689,6.2765929589991485,7.674681969632743,9.590514113222335,12.14709922561102,10.065868469170102,8.206678817584372,11.102753329456903,8.401555370696299,8.835359542537741,8.91687757833334,10.09010847694374
12.803240610407052,9.552322586255128,8.349367624373077,9.082343450586148,11.034303083804703,11.54248166872466,12.850539123074793,13.706912599410188,10.224568328952529,8.946240032486843,10.264247019555745,12.560870014038422
10.65795440037315,8.290630779889467,8.973122362538284,9.27547327202899,12.386047090074404,10.616425254526558,12.736959432730304,12.984996003846504,9.946779071106171,8.27109138856487,9.951202661344432,12.14940108831816
11.846967287505729,8.378352776167922,8.812539153611187,9.467941544856968,10.535479624252345,10.066785343340404,10.02318075839763,10.52333676740416,8.510264437164846,9.546714424028574,11.26691388130077,11.173715258538236
9.026495744847322,7.076120230225306,8.006316798672424,10.34841643845972,13.005474267885576,10.266165973422439,9.086137373610345,11.84574304713737,8.611125518312354,8.68041888688774,9.69132625900592,10.060013987225457
11.384721911108825,9.063614182138695,7.699714795719516,8.929598395399706,10.814529083531758,9.948856929052067,10.420500699722181,11.299151366653735,8.945508556720512,8.583103422501873,9.341742001174252,10.613759616493496
11.241716711782596,6.7749774929112645,8.07566659368214,8.734489892017525,10.168057696835753,9.378214428106853,9.142178531679383,9.99305758804518,8.178962300943345,8.3533260854838,10.210116083806566,9.829569790064673
11.356341133812725,9.069875244790621,8.266297598211635,9.314318186366712,11.92566293059397,10.04052432080235,12.025554812879868,12.582752808685576,9.405698213371936,8.11946217957436,9.661122950353873,11.211293140801278
11.613150408009588,9.84662674450095,8.892787763784089,10.007965818386936,11.89219731504825,11.86314114871917,12.10045902424669,13.59923696385917,9.673949857218687,8.34394099482602,9.58303207244956,11.894650250935529
11.217356003489641,8.737909842040514,8.049101542849838,9.512292984270488,9.989706169149466,11.2861733469091,10.258843061705456,12.057512916448566,9.008849619620685,8.400945431282423,9.194194969930265,10.211149491276881
11.258686514264474,8.805103943641951,7.830270523726476,9.087307421732774,10.186295111024567,10.214850684904635,9.825420245518947,10.52604784999499,8.79430446892793,8.644363485612049,9.64411555902044,9.803327587134198
9.491013962939636,7.51497902125971,7.747895690177304,8.718632374629175,10.04763815234399,10.176168176945897,8.958189781142327,11.235533869545723,8.775748475876679,8.454561608976201,9.05595075333975,10.072454794701908
10.47878066977467,8.062974012837312,8.7489253081762,9.742772091178455,11.310708103777104,10.946572330831478,10.243164959486172,12.279428161747415,9.040740464300871,8.77602870381431,9.437156781616286,10.286600164367167
12.062256308995604,8.73058292165004,8.478477911653346,8.166256202899318,9.687884301006902,10.3293778405251,12.292203352732793,12.651366792408293,9.211800947142706,9.029316718173614,10.294464875822099,12.84277398103407
12.172912800431545,8.936092640753786,7.908532130592658,9.119727193437116,9.501477170612045,11.269942127604795,11.367701941033575,13.78557888682536,8.810390132872422,9.18369263113127,9.424329753945296,10.640011710716703
11.247869450116658,8.47876400032997,7.775348460505773,8.340762175735078,11.48676702353259,9.976372088334545,12.75626256279613,13.0188555054152,9.831386405190148,8.063542405936134,9.719780878416913,11.448440759729236
11.341857674710807,9.588562592092627,9.471019630392142,10.143915684442458,12.038237545907789,11.683415002630857,11.439603970333433,12.536096664055727,9.478297275111412,8.445422880022557,9.549180485046051,11.077841160102263
10.895541571882381,8.735714362468597,7.657385171554329,8.934969338954772,11.092668637575292,10.553536892316128,11.727537046256286,12.898197251990076,9.514195473973974,8.456824087076676,9.275706258574356,10.842322518349084
10.098511729946708,9.020351146726412,8.940292646118449,10.405961937720642,12.447200705097714,11.36269430530346,9.73584355152647,12.169267632660048,9.159868826470284,8.8630589411127,9.322108943312308,11.38340254097672
11.335159819312565,8.507236932688373,7.626288286832606,8.920919664282174,10.862922366813388,10.078362834997789,10.064823542781875,10.716377347355696,9.052637576110769,8.527777799083623,9.267054463902214,10.03081907247873
9.659388731308836,8.601186602877169,7.88214164007541,10.09682736799839,12.984664015521549,11.084830168960966,10.496871511599451,12.465723002982227,9.325406736341842,8.853829757042462,9.143932655525386,10.516193736319206
11.847158120536823,9.746754448690666,9.824953125644889,10.190361192095127,12.516217215900582,11.878356623387411,11.898125401401218,11.966124964570207,9.272672330728126,8.434811218051097,10.932853624295273,11.381906047372887
11.42228667737749,9.097269194923616,8.81709667132848,9.66242213104753,12.459769579767878,10.810665830938085,12.911006343037865,13.414159223457471,9.969519016919666,8.3918630504865,10.38575763952438,12.308695355843414
11.004907251630526,7.068698611912006,7.895259124704994,9.32394311278947,11.487064302552971,9.819969410809165,8.829887625851612,10.321831197064558,8.780489682848955,8.944225722742797,9.41160884822845,9.764834244323975
12.06410687531047,9.296631224716633,10.198669885420285,10.884302078166007,13.100093821462647,12.126987928921503,12.334548442681642,12.143663146243574,9.611645809403655,8.207623268910524,11.00384773070927,11.109518104160063
11.506404844964258,8.021369564776803,8.38788985053811,8.736239746017302,10.122908254758567,9.056971513509806,9.443870240649213,9.886234877433886,8.37800843073855,9.308712303191797,10.634940835646193,11.197400140091952
13.56855085652374,9.629896407679928,8.193553807144227,8.233564897763003,10.385519329514041,9.967210803872405,13.11456823006056,12.814770562789345,10.053782587465422,9.382917314824612,11.178375318696899,14.742702109666252
11.373132033910322,8.625931879444325,7.772165321061032,9.17240303905204,10.82367378622209,10.282561564089525,9.761482201586634,10.401384681431141,8.949218580465857,8.904197391291719,9.934478483623797,10.57465330168169
13.31492385741641,10.533906172384187,9.275544170215051,9.271349811645011,10.904601518586315,11.830347625816504,12.85804018501425,13.764573211348567,10.729946586798693,8.571648661657312,10.068948027583744,13.543988096236628
11.655434779596783,8.901236415664807,7.704244920750818,8.171350849749297,10.802314421153286,10.050959803783947,12.404063019616101,12.25186104806827,9.421808466296682,8.200181218006849,9.421674626074253,11.145893197181946
12.83417145491187,8.926112917984431,7.843872605933542,7.946290664313504,10.734337031121477,10.324097378606247,13.396381965490558,12.74119463365898,10.004877941450182,8.062474859397033,9.48032378120729,12.21489707733046
9.56126690412218,6.9929538000628915,7.612302564620953,9.07676915191367,10.736995268395571,9.213740687163188,8.727301722895659,9.864410240929486,8.517778734676858,9.142263954941901,9.237159725860044,9.798978827764355
10.214594489557443,6.8747513377128415,7.864538860940815,8.96753852556361,10.522932172025314,10.037160445471741,8.982228163850346,9.963135271714032,8.55623266684917,8.635552842857777,9.59921845317547,9.811038781683873
12.045080591958328,9.431438806947376,9.992607087854324,10.582119901904582,12.533972747902862,11.779284643562963,13.64047803050181,13.911768833729424,10.280727093048952,8.810067466297498,11.220750001063788,12.559088101087024
11.266499038533677,8.109998654916703,7.93531802428769,8.978030696252041,10.406169598069159,9.808552182858229,9.161736166709607,10.037474038670304,8.630698838562704,8.909914337152893,10.15105233898354,10.232965955262808
11.053235142458467,8.831579331901285,8.627077632579486,9.211903309487491,11.431774760304108,9.707694485170963,11.191297051710505,11.419714120257888,9.889025643388193,8.46908542313152,10.41730582239066,13.463762573824829
12.697839213121766,9.017607337450654,8.383749620964068,9.367968192049705,11.236480283692329,10.192785448319226,11.810750484296051,12.432533640899718,9.679320276500336,8.937570613402183,11.12191797396038,11.778883745944105
13.309929822842259,9.01678518554862,8.367506993413958,8.20123686950297,11.252499771429466,9.870604692869943,11.501893156025636,12.20066303509489,9.827452136073424,8.139124806102815,9.988242911123116,13.149213860315426
13.508264752717592,9.925987977630944,8.571715576815459,8.858823069843272,11.131903445553764,10.137517501421577,13.444562516900586,13.314548136057894,10.428869288299156,8.938070110788104,11.278428051889412,14.941363785540219
8.424373010939075,7.463867314672064,8.019751396506907,9.671152620792913,11.973326058699321,10.279131828898624,9.808273643736245,11.507849739497214,9.422023313787497,8.795407509667521,9.547811478739138,10.945713505117157
11.658783927744919,9.005665473267578,8.323147740140325,9.740611482832955,10.514708087051815,10.57205902860776,11.724824880279158,14.271346542151733,9.718175526344037,9.704785322029126,11.420506775273907,11.438114723536978
10.48954732392785,8.1463618326042,7.86011481888827,8.547692261866796,11.202244117563804,10.071603940640486,13.259605400498126,13.04182704666475,10.128133207673065,8.19115013341168,9.665622308134491,12.29864444425856
10.890458151438999,7.329204898500603,8.626629277665963,10.064383561811322,12.53425777602287,10.450475706225312,9.97488115549556,11.826881414132599,8.768130327228988,8.130581223534957,9.881642966146993,9.86490517056751
12.762259066583402,9.754514870139436,8.735040099455466,8.934380363132883,10.72973959260133,10.406180756784599,12.01289165988651,13.366281585086286,10.094034719576634,8.813726607276557,10.842101453259778,12.842708470960657
12.918639362608511,9.592614633297556,7.884876024979265,8.276568683046142,10.699344679005387,10.427957804643876,13.120417940229645,12.817297664160282,10.095325440029491,8.312713970354546,9.569730795474895,13.960786192718734
9.900626035989777,8.853495834043105,7.906175767703614,9.248165816875655,12.21581435413149,11.331442610783014,12.720206997328754,13.602665555620378,10.286898416640238,8.640606599420572,9.81781106074185,13.411502103104025
9.089838262667303,6.971233610082067,7.858698964451713,9.743681298290209,12.258446839408721,10.6541033926408,8.5044971588099,11.365767655497207,8.667682241429889,8.985839788802013,9.711360628635859,9.654096491112398
10.018080718401848,8.290941144648665,7.7360748210952,9.989300156164793,12.284650219781524,10.675543142196226,10.12132681198816,12.242406719265436,9.113058340733977,9.000794603857472,9.27291651626449,10.190233897511153
10.507900158701995,6.4871256405628035,8.233111547962949,9.14016072770772,10.545427250112569,8.993259986460663,8.762112728584565,8.510877245940287,8.057167286229793,8.303408135015065,10.315755496818282,9.153648661287253
9.250566397644594,7.199266840436932,8.043886855263665,9.572577935710894,11.70367987448449,10.43669706337264,9.224965403309868,11.796007224888651,8.9933768328799,9.313547388403183,9.078587693014622,10.31519441860439
12.874434531121494,9.676682607173065,8.154830847306659,8.455478915384857,10.756405619629131,10.38734631367749,13.239851835033098,12.689944416807371,10.27101134744846,8.912794399855997,10.136671904111703,14.033639359837586
12.179342772106033,10.681286884061064,11.970748892683092,11.144033348522324,12.791902367414899,12.79242499291316,12.47605092516355,12.261877544808767,10.210607056525776,8.931797682859946,13.592992035139686,11.589505140594895
8.848207734513231,7.049352434346474,8.870379019949356,10.422516050177999,12.696338963683237,10.705832070041758,8.98665703488264,11.899383603044548,8.955633152117844,8.70681253545414,9.731048597511977,10.069420851259697
12.163400578005293,9.78909101459732,10.444307775938814,10.844637407035291,12.941733827918695,11.767833975122613,12.040344227816941,12.243155191156575,9.817598001169996,8.174836527953044,11.530392323018336,11.163376848345361
10.047455469227849,9.500853354619856,8.519525693858384,8.268652560963071,12.279144133856418,10.517685603164477,13.724844407321717,13.501448799592135,10.243212089789965,8.011849269104907,9.648345330545768,14.327804262649394
11.2559821538765,8.532527061849997,8.146573978802307,9.211618857305822,11.155790606093273,9.480557283003973,9.673180113688842,11.850010801648704,8.8920016200277,8.66639354044247,10.127955312012226,10.059161162314572
11.32503221004636,7.370538804505762,8.303618432417831,9.05282758830686,10.920199244666497,9.342748364465495,9.501559890455615,10.009564570547008,8.325787153926095,8.558309941233134,10.844235077632014,10.999094890457684
11.845689437286001,8.37511612682905,9.14989478082282,11.601147527427257,13.105836915679294,11.513893652646038,12.967714791341479,11.893915988627448,9.193779440227585,8.495619938336523,10.513822419970076,10.626759002500151
9.614666779478103,7.606145702280005,9.05616468123758,10.317186455871122,12.471505002758104,10.962738138735057,10.27748385171739,11.86759315583831,8.903908214735639,8.717115138951229,10.04417738595369,10.277512481947285
11.607820249239358,7.834007539754722,7.915096501149566,8.663793967793435,9.266292636720296,8.817989358174332,8.719903864143234,9.61640197476327,8.032396239641093,10.29604973399094,10.83333413833484,10.642895978898148
11.335183873402814,8.100606754123897,8.474599556792343,9.36187610852083,10.801771671867623,10.015374239802787,9.877692025065953,11.129318546107031,8.929634850462984,8.911657590711462,10.112313907536262,11.378335687765771
11.233085731970052,8.872890057729517,7.648819480987551,9.55231703480496,11.82820945263572,10.205415959484505,11.35481483305847,11.896428795062915,9.315013461314289,8.720581813511576,9.360005328687322,11.331203846868599
9.97833360609786,6.999000225707848,7.754255834348516,9.39077263019745,11.94345752815879,9.833997754601993,8.776716028385898,9.431825344946242,8.445008405735246,8.715900605708633,9.218582166416969,9.677845881549883
12.142669404988123,9.077372161716195,7.610423171354726,9.744271598702763,10.838813100678502,10.455832867427159,11.799352226320327,12.822909373981965,9.307438456090395,9.071068861152128,9.818609255799759,12.387333879594326
11.285976344466178,8.159289069491209,7.746638303768709,9.314740890956704,10.543360769459918,9.552949355435752,9.004301128836829,10.211728444975867,8.474379898543294,8.738269276033087,9.84110897005099,10.035215121753893
11.276232934902918,8.93825374507794,7.72518343240579,10.56127876482675,10.668554090692885,10.856505766125183,10.5923961192751,12.70014854413907,8.959658060372409,9.161352445187582,10.181147598790936,10.058159043972486
9.358873349893942,7.174310178330688,7.697237794502201,9.713815935247393,12.276329138741005,10.30650880830509,10.290934321764619,12.066184502074757,9.188246448381385,8.690516172847817,9.04629293420987,10.478553251715335
11.235574895205781,7.939776006918895,7.797596957840427,9.681482063119205,11.246390844823525,9.630631014995664,9.022591352540205,10.063062627495134,8.126772988341521,9.580561484295997,10.499948627523553,10.552485651677886
9.464392737606438,6.162632674853576,7.872286972649607,9.544816946194363,12.047435546482493,10.062624675858354,8.714105391787122,10.22309464706112,8.437369444895289,8.401256099595349,9.326184815310166,9.692459801023732
11.79559555858319,9.027018022221377,7.791269464397631,9.771186128755627,11.146583019266508,10.366676036892398,12.986358406261985,13.427210837931062,9.191693616650891,8.798969321045865,10.320198780710582,12.004258886758198
9.166362582186931,7.514732575074595,9.36209060073719,10.03506039829657,12.705002741380854,10.827269020507387,10.695749302390087,12.784225925774804,9.187620023402646,9.467148198289816,9.99533560879667,10.726426700905112
12.185860273944838,9.36032765367875,7.758792418129178,8.411896919091992,10.549851540893968,10.843159784449114,12.339893457469591,13.197881837544958,9.712763319330074,8.183101633961261,9.3070313427214,11.438686245138532
9.542427298523938,7.524530639926269,7.835235790610691,9.061628140561355,11.198442934809876,10.416346807693222,12.24906388336828,12.357634140701661,9.222574564849255,8.57342147487649,9.05979903905955,11.563119167287574
8.50338779534671,6.775097985511822,8.276031081261884,8.282254336739536,10.490139651592724,10.566127190347123,11.359397401611991,13.608643959986145,9.000737669260543,8.176593493403404,9.372552846170503,11.706967387549147
11.656485976341914,8.461189864407093,9.733834630528575,11.425701826202411,13.022747089369062,11.645118185617738,14.469602417553464,14.795487654751298,9.78357699482307,9.155134584600914,11.285693692089678,12.408068028398294
11.539778588981576,9.01869663090796,8.544444220796974,9.522011481954804,11.06047824014894,10.127955616988663,11.286834380098812,12.522181572968535,9.34208720220354,9.176756597187355,11.771367117407616,11.646244072559577
12.43625696688569,9.597499763236932,8.752227709241696,9.879910718097817,10.648964899272155,10.82736010334771,13.571666633701017,14.443393166737888,9.923683357408656,10.736562956076188,11.940239301122325,12.162506107683917
11.912102257288826,9.354803111183546,9.511995406030046,10.66838228105052,12.406600142135137,11.724424907610318,11.782786531705579,12.984048001764,9.296545686627539,8.415984919106608,10.569290179837262,11.111961868329876
9.96681298685368,8.28172631817344,11.428851843356712,10.930848739417426,13.060976625941299,11.258086794727836,11.802307556130597,12.885581273393017,9.495523544598022,8.918739862746031,11.151754264272162,11.129765194084786
8.680390499944485,6.474013674377381,7.86602359587098,8.21518338319402,12.117221820175903,10.147920410056058,11.691194421269818,11.934653157278243,9.396269277255314,8.554024009736166,8.976593790471078,12.068449222077746
9.85648659070124,8.984508582463034,10.032033679107183,10.216223341168762,12.678770277838547,11.896610794625236,11.009656879723181,12.052964215625991,9.556496152516983,8.71738607512665,10.237299934597518,11.11044179907915
9.507789393694523,7.871136618431828,7.66269995696039,9.881700195776235,12.442790549962242,10.889624065143341,10.160083198294515,11.235945806626262,8.982506570341519,8.703675713421815,8.954812274013932,10.05520028120714
8.973890732478848,7.234821428540631,7.591591515978422,8.991853404808204,12.402900540127016,10.48849103665331,11.83714281086702,12.531353658801672,10.009181388140071,8.390835830026912,8.95169590580877,11.601156719010879
12.511668368869488,11.098160217220734,9.932054028028594,10.864830237137472,12.802809604542894,12.597613377508713,14.906326756192499,14.611055983365416,9.865352227692261,8.44209438810353,11.333347200290946,12.949420510913976
8.3852519845086,6.344860937319515,8.300436212624426,9.426153065626828,11.912948999767279,10.075649853690132,8.656176444100781,11.230339434802199,8.684041279763163,8.856631673869447,9.328661083116874,9.898533642503807
10.920566460221552,8.6240059175467,7.870480999914418,9.522895126552914,11.266210382259992,10.372450609826126,11.061878704307974,11.69002402316543,8.980607861077761,8.464650049865119,9.895118151315856,10.588498929904183
8.827003134135106,7.231684280491286,7.706689324498055,9.77368089679361,12.136320380478272,10.509735677359641,8.812723199433172,11.451861360214057,8.865178149142196,8.702323481297134,8.783359513990655,10.099977778968993
11.48633921607149,8.911997781343032,7.775637854289029,8.464253303464229,10.145909947488674,10.352345249867312,10.40580801231492,11.494572704947318,9.028971282670579,9.133577619389305,9.620790013132535,10.348807446967603
12.893010749634993,9.239265978810325,8.001929563581449,8.18225152446758,11.40140867495641,9.880457575472935,11.325379481479594,12.074633917358302,9.81468739780512,8.15419491551871,9.944092403320088,11.70139060935844
12.856334357148718,9.489558934293076,10.951506720575164,11.213361950451034,13.156570558184418,12.61312478657738,15.164121432163054,15.439885013955209,10.422849938390474,9.865372106741425,12.439796082592755,14.194168240084995
9.645121923271699,6.2036823976925,8.036509622402944,9.371837878718017,11.30766643611505,9.517329923480895,8.839960036667511,9.416654538436196,8.241274395487402,8.469132996186216,10.164556661173746,9.47464350013675
11.938812800265717,7.937495371425862,9.368969748553122,10.433600183204815,12.789632005162478,11.365765069652053,12.638397047879188,13.307785255021987,9.685397016101678,8.047961078439114,10.511464686187828,12.49701572621471
11.274325009771236,8.497754360839929,8.449828407223592,9.414138110136209,11.21340497204804,10.19790191123975,10.950398166039824,10.51155105605834,9.051329194981394,9.108929527008307,10.991128134025967,11.117934121615608
11.800609177707988,8.29434700468873,10.490482124876385,10.396813044361316,12.399165145687029,11.518232568097833,12.407076218922434,13.986911259546224,10.397182272532142,8.517000334411525,12.267033619719548,12.623812957625335
12.103167811698153,9.526265512267125,8.288980841375183,8.738891115276918,11.05686959208509,10.686118111861653,12.951878282883111,13.183196939895005,10.121163143445255,8.59839457202457,10.161640615447562,13.577634486185794
13.341155470767196,9.564261870610949,8.146338277616142,7.5034689593864945,10.771553601307373,9.85780301885534,13.419952104657073,13.004224240636171,9.969870603607449,7.91144843821372,10.06775507025432,13.626140878963323
9.470615941933216,7.117445383344881,8.033822929359753,9.819948995453213,11.812140632699846,10.299638072432586,9.418969413990016,11.914152808401907,8.811926752701156,8.786101583620813,9.487883442115907,10.490220797709755
9.37063515736134,7.383531463481612,7.8132559314573005,9.151119843262856,11.417786172383849,9.865827449687544,11.137352162696043,11.790780800295208,9.74294114527508,8.72415545382204,9.427592505463064,12.171074308453072
8.499702855476082,6.522843567331964,7.889198051293538,10.101420702664523,12.359870930934548,10.813052405218917,8.274834712221596,12.393766847939263,8.563265160785406,9.034883763062581,9.557273715967906,10.249889448431027
9.339288314357365,6.391020358419175,8.392766171006237,9.822376192477261,11.679056716241288,10.320165350001151,9.095559232546181,11.044062976836765,8.82577702315868,9.078210307605342,9.901336184782814,11.175456450327701
12.052603131048672,8.217941369558378,8.783448267945372,9.391516537373981,10.558840349216299,10.246111163335737,9.934310043510193,10.556408764262336,8.74213313659591,9.352902292078397,10.852963380981263,10.98053754964854
9.552797911179534,7.392905400878311,7.771459197727428,9.402903073333668,12.165894232642037,10.137286644238008,9.717781260980146,11.286018543104086,9.088098241870972,8.405209227568644,9.21208480089232,10.456317268829595
11.004432149528437,7.8772160677642065,8.465881227137258,9.25594997500126,11.13299444740635,9.516738194321972,9.316082716388697,10.68468843762808,8.916131714987158,9.188522756932123,10.38270072679832,11.111323141131411
8.591419217309776,6.524506220858296,8.333747411269929,10.07490885403065,12.08747833971764,10.43902280815384,8.85955647033436,11.114547292649165,8.80267349284514,8.813156718347145,9.382551991599145,10.121646264059606
7.980727447246029,6.93169008129295,8.440547271271381,9.796083920011645,12.181486656052673,10.302227935472594,9.003072230773876,11.529267849470981,8.888645929955363,9.209435059361102,8.950265271306023,10.036114130852011
8.215016112705955,6.390191571796981,7.763158715042803,9.66241631212457,12.230019927649648,9.860608494849732,7.916460147583361,11.355036905660217,8.780293273600947,9.334087042709356,8.592161497742376,10.075122883480116
8.050038405961702,6.156486345371534,7.739671157662698,9.930998474588089,12.106722634263603,9.879734046295114,7.693330399943719,11.012905593198228,8.490218156886714,9.20220142714059,8.832686725302098,10.077684116196263
8.608902189247097,6.807555261595751,8.950720250370672,9.34645734482034,11.204264710647486,10.013380056773105,9.68520072258815,10.816772315498131,8.969723249399477,8.614578747776973,10.775145471968264,10.433288083653208
9.085856140058127,6.9529157834185344,7.857369673937425,9.051388077726312,11.883787824303779,9.945067412298023,9.137324405132695,9.940559179756463,8.733347225229675,8.65099562256899,9.394497375661453,9.565113578230974
9.756948899848375,8.194567084663593,10.795065660797285,10.397818521013379,12.709123909416931,11.76925029795636,10.770358831254708,11.766044442326246,9.662356615449532,9.481753593759596,10.560851534402737,11.089272922320713
8.419741976705405,6.562039427350718,7.72166700846717,9.784934276070508,12.474598672760846,10.411125051173578,7.860022263991643,11.141228530829695,8.636666333584913,9.160786953237329,8.75285942116599,10.160523246632714
8.241284145349555,6.070305795406169,7.7123635774408905,9.818530746701015,12.275988624703901,9.900033769842606,7.94382568510662,10.655101243451181,8.189452657959327,8.922360502332703,8.67868506949703,9.971793257330088
8.739217362186656,6.424953127895688,7.97645572336345,9.280591278368279,11.62633744570029,10.002021527905708,9.279068944976292,10.378502052545024,8.87616038732719,8.505885849162414,9.533752228763111,9.959677396517824
8.53590110022383,6.747027158492366,8.028232360776773,9.753351444698987,11.88267129373595,9.46431845656812,10.247019955320551,10.12250091751105,8.882350674933203,8.738250737199257,10.200713215866424,10.426382799940784
8.531633590866493,6.056685472494285,8.265986634169836,9.310646662656994,11.833508251026196,9.845176167586814,8.364607307486413,10.620558106001525,8.737571992776024,8.89628476421682,9.081459495577937,9.846569888256077
10.940758570781705,9.02973768112777,11.322760003930018,13.103040981966036,13.34594836399749,13.160340521742906,11.921284145102707,12.466851882247452,9.781165662221431,8.583949808646892,12.26083026072772,11.377562238790746
9.268036404811717,7.864373882474651,10.477215371354795,10.509728203193104,12.433629732394156,12.015823237273404,11.769463312960477,11.44883918640571,9.202521091071345,9.77986087147991,11.209400118999898,11.611759122323411
8.686361342232198,7.432780793329545,8.556251126250817,9.996106571980606,12.101649213869214,10.52347429407092,10.009301093927048,12.095309636112681,8.60686592029796,8.962037530671385,9.394540596856537,10.473697859293354
7.9960164937707,6.351250733712376,7.850305713522369,9.802071466866334,12.276308964608626,10.035321899363938,7.6674454335227225,11.166545760068685,8.6645127855124,9.242656569314574,8.680058415351311,10.107494069766785
7.959967092926243,6.3108819481600475,9.204831306176178,9.736109955619359,11.881500124650957,10.430123730616327,8.635359527731055,11.353322643217533,8.751668824226973,8.795504173425968,8.930123533381904,10.008922863280103
8.183869109764341,6.182783586134756,7.668428107354456,9.833264407566219,12.16905592043508,10.035843781524894,7.904511481913669,10.793650906249402,8.51104020723324,9.108856066896447,9.035904714782598,10.135225966505699
8.36520202195831,6.138772051531165,7.899339228816489,9.543075813719595,11.905852680746428,9.817134746979907,7.949003381373348,10.256315329862442,8.66135626234934,9.254037200713428,9.556608603845605,9.909198192427668
8.890028228770479,7.094424181906265,7.749528581988569,9.975873669758835,12.422874573340591,10.487145413836616,9.198804746827582,11.125201802424767,8.92584446121673,9.238906382654637,9.838775851362117,10.143968579674624
11.691927633277782,8.126317411678578,8.068881223011493,9.954573586976627,9.547873707314237,9.758634327038754,8.791437006566541,10.490622284114295,7.9448643602762,10.766191620674984,11.754391811675351,10.859091416837027
8.370253092254005,6.4838022495424426,8.091459461803698,10.022398811692396,11.75526087385513,10.03623810883863,8.353377194549054,10.953866506631156,8.581048387830531,9.29460841253153,9.27461516237591,9.810383652554943
10.756542185658846,7.415556924611448,8.27550711641639,9.975505292324954,12.754601393903608,10.93253356842325,8.936037188869248,11.509504724860212,8.510716051253839,9.449727899073597,10.107643693778277,10.401636872775706
8.820118397946219,6.179003107948269,8.064019532275484,9.547776881330378,11.787248169801547,9.741243590207084,8.538178752958025,9.686088214570493,8.438505107068305,8.928074411767902,9.665132401371016,9.507745429733518
10.307965174507647,6.594829202244176,7.728927193606096,9.078276971064838,11.402967043289939,8.933242554250697,8.451531494277901,9.541325614115413,8.064219542795641,8.991709645149278,9.474564096001572,9.744553904660592
8.178469526464498,6.368112058164545,7.812864793626929,9.667505371171496,12.045147806533272,10.047888572761195,8.176409675297482,10.54775141082218,8.55391809909807,8.906525957336632,9.333783287972311,9.856580624448068
8.494786936271437,6.653311258083859,7.681892633387233,9.807424844876849,11.991058509124867,9.915544803657673,8.031058196516456,11.114274008342948,8.582849790379859,9.296092897225078,8.80874738571682,10.172313676634042
8.686342130617597,6.740600041815089,8.118896181794742,9.191681988167833,11.00556753143046,9.64243537814907,8.852481792440178,11.18890705523303,9.007918195623903,9.00614213146952,9.174671873340458,10.991253180602735
8.900544822995021,6.402331302226026,8.531707850503748,10.083244623630167,12.469513035662812,10.582434654496351,8.825943953039417,10.685005107320157,8.744240680360944,8.801279046151752,9.334070279315254,9.55673221573384
9.906057499734864,7.398450252464915,8.448452122399955,9.357837113855348,11.541179821592996,10.189019965935023,9.135711675596644,10.980048513888475,8.581648479424878,8.587816737785875,9.574687315147338,10.171494065205287
10.75006629996135,7.891199964306402,9.160699193163815,10.284726655308873,11.402348638672207,11.926875648478173,11.214073417649052,13.96066872627412,9.965337476329381,11.152631167906966,10.101345256583244,12.514368617224871
11.74751868708331,10.526690126012255,9.794690649396067,9.924581395644163,12.249135167432696,12.819214759302326,14.365634932164054,15.319180378242939,9.85395579409256,11.425738716424718,12.25558613424318,12.793008787119701
10.8461782271021,9.725413507539809,9.076677940123979,8.86241987532952,11.445142628308451,12.686994199770128,14.034780039135349,14.992072566903285,10.37716550279369,8.283852343807547,9.681064536717356,14.297285147292627
9.978765322972968,7.507011804784317,9.020479998633103,10.470506162297134,12.019156306303625,12.764952971141922,10.70657149866886,14.13747343678417,9.568966253670494,10.863775912564744,9.697862084415988,12.264506500066881
9.688311688471192,7.628916407203616,8.81383763826673,9.355764455952173,11.055800372763882,10.582833731968257,10.835337500517454,11.378887256212092,9.513513567968847,8.618149689484545,9.516894411219777,11.417458284061174
9.673875763069805,6.645890791959984,9.36888751702308,9.401874489865547,10.522194651371171,10.451639415913219,9.347951227029125,10.056118375591657,8.484854534439679,8.495930156928098,10.290028714192745,9.507779640234538
9.27243604337299,7.225767342256045,8.452094326978386,9.58755865190339,11.467148122939147,10.490825318898903,9.230483235665037,10.70386109458995,8.650772703899547,8.517913955932404,9.530114461021194,10.004207856541388
9.17898583917364,8.171936292466233,8.708314687097678,9.222966081302582,11.905825296631013,10.769029091693675,10.376222240043294,12.126116334899136,9.732067489979178,8.441860364274808,9.326173005457887,11.97590352555441
8.989687804976446,6.34968985223476,8.528298277554759,9.279671935569349,11.243540051878572,10.385605988942924,9.330721298743002,10.751029434081227,8.712470258025062,8.134454839464595,9.563061311412458,9.529107728675399
9.371608465505384,7.547869885807319,8.714790783523176,9.528993040393138,11.923885177459182,10.725996410959349,9.250963217056484,11.98413270796163,9.478145635557116,8.651993298622108,9.339704196126455,10.539311428112262
10.082508396620488,7.766369688966798,8.510782888648937,9.203832270689126,10.987186967136099,10.197180245070786,9.447331685904198,10.812692692008962,8.708271554137465,8.825320966877225,9.536110882789995,10.483496820667014
11.336377195133595,6.952056128124189,8.393010680007288,8.208417256093007,10.273431151656167,9.462371147607545,8.922791663549216,9.7828862117474,8.299815356027212,8.696041300076766,10.41261835700458,9.08077558510099
10.928459952385056,8.360297151959307,7.638241126428825,8.895803897781294,10.334359480500783,9.809223877650847,11.31699390937521,11.901408839972413,9.085866798303904,8.97831602073107,9.495821140154916,11.418830006836975
12.201863114372184,9.122728581012128,8.698923582151231,10.313803844701406,11.359439620809956,11.473175723574617,11.822840928956046,13.073924685190628,9.50365776634641,9.587718881655954,10.914153212983042,11.988875649685319
12.03121851069216,9.132002903608358,7.550455642843969,8.699739556277134,10.619868603296261,10.581849813286848,10.707688826314659,11.975253110605843,9.388123308358605,8.853375305326852,9.25726868842436,10.87213830614252
11.858401554178743,8.334182668254439,7.661911133667372,8.958489623006772,10.254879745549037,9.986488300401838,10.963444359683058,11.512981804308604,8.966416095810166,9.17678653573441,9.918783569595723,10.644875605072341
9.951744211798122,7.7420986581435045,7.592265121569205,8.866917632792866,11.514859666582584,10.340307521109127,11.013202089090303,11.858625143309332,9.253368650259613,8.746293189835518,9.171535194128499,10.839346066367009
11.036661317755174,8.58270642535439,7.657274529958559,9.296031292626672,11.648555398651139,10.09771857292319,10.68452463722615,11.680896668138876,9.15012328004142,8.511367037333434,9.042612996397423,10.838177665568479
11.500865960661066,8.18561263401822,7.694771359793658,9.376286690352641,11.428743742475385,9.285503850351292,8.80029475429119,10.697103099305293,8.48963176489773,8.761403409790736,10.048379240891473,10.32320980508479
12.222668838721583,9.077384179809929,7.75562883799845,9.676339380123746,10.92812408784067,10.307130059939547,11.921513288436117,12.664277485832905,9.29084539825259,9.219395356197671,10.08562538481475,12.398158621603786
10.853617566328552,6.674932057793469,8.056808770665517,8.719048224376925,10.989807254571042,9.574076027571548,8.653885203856067,10.203235324302296,8.24569385600641,8.622749438697436,10.017727252261311,9.86599357397118
8.535884069086421,6.785744123834221,8.108896454679801,9.191266786601767,11.874206017245667,10.30726266008425,9.458488289208344,11.308682608410336,8.833922139372172,8.494369575352744,9.394505833841244,9.87591690720432
10.083046092090106,7.902613578259,7.545571561940624,9.178905045504491,11.077834936742267,10.167051103015439,9.399319995647893,10.287300023768719,8.752582802916194,8.750218686761448,9.063201301008194,10.215615639136054
12.584191060137584,9.008857755910002,7.909339816838421,8.886005026134658,10.666992813639277,10.250788335085096,12.736840088496454,12.887767737252403,9.473761446861433,8.43807315902656,9.808652776575034,12.895759540168505
9.466793743698409,6.605170103918026,8.191236636267714,8.037983107120365,9.440929890880335,9.347456638695627,8.647315769974766,9.106539639284554,8.299891938311262,9.007907668397461,9.806406731018464,9.349889023960717
11.593412530430266,9.03444492035552,7.714535472480093,9.30485632019787,10.857528993029158,10.170406108769868,10.161455379678918,11.189467344014664,9.033367081010496,8.671633337051267,9.386688940814674,10.630187813813029
11.720847806473742,8.402268577075104,10.037002615067438,10.762100790300055,12.745879348365577,12.28579069665949,13.039982638501757,12.921995758618811,9.480485041393022,8.341390780218893,11.012740823555461,11.777747306503377
11.782877006926741,8.047332664568687,8.34045315520813,8.270371654171703,10.064360281792041,9.348857058728465,9.730857154257821,10.131492376759276,8.877871331632297,8.532478265999181,9.866759680306105,11.006393628611113
13.825110489866283,10.299614339508498,8.28080376061687,7.582606279499493,10.524549074815962,9.765076882536075,13.479582180844254,13.168550505995293,10.35143406665686,7.929698710034951,9.376893711765748,14.780213078260925
8.082037107648292,6.49552018343683,8.050415902591586,9.569667219016267,11.842101705635322,10.211043650966813,8.280249606390928,11.116096811227187,8.789728842565713,9.430621585738976,8.965512392989607,10.146936414622102
8.992583070451103,6.672533755798097,7.646480615852644,9.452832628449887,12.445748677995333,10.382744617257929,8.404146308844426,11.107302128922548,8.536188144238043,8.984347986878936,9.118385343364702,10.09170158963184
11.366553972114957,9.121290019819012,7.703601099226877,8.717784861023974,11.518344490792716,10.166997089715391,11.820138322508859,12.45201573878395,9.712215083524958,8.050117861742567,9.164294496890538,12.085446597305468
12.038522706445383,8.460051226276715,7.4898158579284395,8.663059322679823,10.570651942006437,10.302383727162605,10.834479707141053,11.7741805978594,9.065019481472897,8.909842551531906,9.760482421310208,10.652952839743742
11.354185541609569,8.638302123859512,7.706278802344129,9.182663913498363,10.02791185630432,10.465742924290025,10.618365844391093,11.999857844468535,8.90847032952856,8.65431777005383,9.085062117389059,10.733424667504565
9.956324376614056,7.964026709924366,7.656923513250376,9.587353780103369,11.330514238685437,10.1847914526139,10.080555902362091,11.72447529077113,8.919228220856878,8.915989093336576,9.427624830006396,10.366165676049302
10.382003272178416,7.941387718588077,7.543994281853135,9.223913331536716,11.083327805473537,10.131982521715992,9.107285765870575,11.355922598333226,8.77536527159627,8.826013455824455,8.981077953265597,10.306382827844574
10.587817990143536,8.108769633125933,7.7250529655273095,8.405073422898232,10.189309397762209,9.600256136440297,9.247284625671192,9.913210593033973,8.673306326066847,8.159620508782476,9.657693586860848,9.481607652893256
11.349181547506582,8.995898795355734,7.516253242370696,8.885434472698398,9.725409808311325,9.965309201465901,11.545607895411111,11.19166226419684,8.812943292360735,9.183169141672863,10.761648083896764,10.747838124074862
10.944037766043314,8.765574943289332,7.825882647094155,8.943353237317375,11.52866229852754,10.098906425799516,10.849973540521539,11.934187479253715,9.358591422985034,8.473717142941489,9.113484974028937,10.963766606943533
10.546878961954247,8.693066689698611,7.996148514107588,9.35335448753272,11.002609084640097,11.328947741633355,12.048503807475948,13.64449138789807,9.147900134767207,8.248376854583444,9.028607262812528,10.665359556439814
9.94456580018604,7.75264095333607,8.051845644438515,8.585967193644711,10.21064266121847,10.624448252497292,11.412077734237027,13.342199096639575,9.239079718465668,8.941260410579229,9.724063076636673,9.965584932958405
10.918726828558036,8.278013667069064,8.430460709741336,8.104801939065041,10.19645666551494,10.434381169268665,11.752602335806452,12.365854651272388,9.335806350888463,9.502668933782582,10.5276210357301,10.45821073700403
10.444004161828921,8.204285558736542,8.384907730108486,8.685536938139263,10.061145958875827,11.25524262140451,12.118462042888991,14.685091486222802,9.415766563110845,8.916872868522223,9.864260869666959,10.99914418882333
11.861368139335205,8.851331248843369,9.643481140502294,10.016547999218163,11.213216917853003,10.77744051457887,9.161624246870035,10.406325026282767,9.32907806706785,10.136570019108127,11.983499130016503,10.59552182201118
11.054053593198612,8.42683746712781,8.659092135956914,8.999608312513972,11.109510406351031,10.348490454996568,11.343119388974793,12.156488032795204,9.2798938135859,8.796001808629574,9.807340317724274,10.901273426275672
9.920444762976244,7.540910860427001,7.798140243918768,8.89223162351295,10.42519083098756,10.26386419251353,11.100678213116302,11.582992313810239,9.066877361126668,9.427063020741572,10.224701650006073,10.498765511203779
11.802524908014991,9.324483067010943,7.753291570497874,9.44567176763226,10.44816018180231,11.482192612405248,11.117778757561851,12.726229258885375,9.409450536909432,9.012307083528192,9.387388496620977,10.881930106185202
11.166713465163546,8.305129140676474,9.013630727395002,9.959636630465551,12.121892734371867,10.69799576649964,11.09929274695154,11.900653840816101,9.085880795119666,8.242910501442513,9.85014727847479,10.622724068610417
10.624317003591809,8.02264412708261,7.731430576652214,8.542716454930359,11.133991973887412,9.760942817373126,10.173353582575482,10.691021811801113,8.890502922564732,8.249837331730236,9.309267938853669,10.173335101094672
12.289576978764904,8.506113257352258,8.673633212965886,10.128486036392324,12.410648743524899,10.880722907171183,10.587902315254103,11.42542693090957,8.779363984595069,8.24208202257323,10.624311615159604,11.524246089943201
11.280436645167486,8.783906249190565,7.636299470045431,9.03801623476409,9.490278915680266,8.933111617610034,10.09599900024246,10.227601229818347,8.622917606437047,8.914643533816507,9.969659541117313,9.939090806131542
11.762861614675842,9.369320363632037,8.334555702721772,10.046975219553763,11.2121297260129,11.851946835154756,11.87682073571209,14.369673802628686,9.556127912737319,8.41476559082911,9.600230666173161,11.285367913749425
11.121756458021835,8.214405011988783,7.849448955177109,9.910403799247149,10.756841449747832,10.941341127221568,9.661312299543258,11.318167598311033,8.75342337044599,8.614219947311648,9.250004633909327,10.475572716582542
8.554480739590803,6.675452682680381,7.7828440980205835,9.268278586798196,11.659078710068039,9.63263972364331,9.315869801754173,10.861766133241298,8.869600318240398,8.919010910209971,8.784678585022835,10.23652551136637
11.245992410750153,8.350887867480244,7.785330733671732,9.412020483891073,10.067593469241649,10.77817796691843,9.016331952695053,10.973202302186353,8.617439101275364,8.599406076709847,9.167847838623464,9.814049001319477
12.416279031772461,9.00186098534514,7.686560560213861,8.729083548905498,10.123726361048776,9.637951397467248,11.553533457639745,11.769194621808326,9.29670386360121,8.954696894729421,9.590863704792854,11.286594596956697
11.349005340881858,8.097969882770158,7.795050320802599,9.42981920173,11.082750314162963,10.144580180725297,9.2070510914168,10.356111154221763,8.524823810300028,8.468572947504935,9.779389953945174,9.831478702880924
11.434615662374053,7.891856776651651,7.904772436653387,8.073780877132672,9.402732935058848,9.817596362143158,8.421929315250532,10.100098211278222,8.371806137993008,8.393163516233125,9.549460954973657,9.609819983528931
10.259150226511741,6.70941094484548,8.241865237275356,9.025365873442405,10.1513925976082,9.964090541164364,8.330837012546139,9.751221153024593,8.556746958476118,9.028569613074477,9.773693205719468,9.659849451942849
11.31425392224707,8.462278403274663,7.950360237137353,8.806470107832727,9.835174769603489,10.455777732255244,10.127999292409942,11.999861801334285,9.119801085128026,8.33456300491318,9.076281959072245,10.396487171840164
11.420761321326063,9.019276870800748,8.9684367085061,8.336856823346245,9.666545011263317,10.961033160141989,11.381416699071634,12.082314888667566,9.083475677732306,10.344221936486555,11.40919718899155,10.829834610319397
11.908401249291028,8.96532123466338,8.761144499098751,8.101765179500866,9.690243221720237,9.307596772020755,8.991433007119879,10.487685045977251,8.694644318477058,9.894877889593566,11.055868075024437,10.66308222899072
10.779118823522145,9.12079602715525,9.385098841907386,8.186186461123702,9.954943433740766,9.56448944124444,9.77163292386206,10.460627042806587,9.315906165331572,11.867651210797092,11.309518440306332,10.353650404966427
12.320216496967971,8.21629409061316,7.733986557387345,7.643924951391729,10.58121112776868,9.677347262356822,12.757316569158112,12.599437765005966,9.561631841023953,7.980021661828141,9.268364925106146,11.228999683391047
13.070506567852648,9.353122102311065,7.792005830072719,9.148710245788406,11.805055837626693,10.740900629679318,11.55597896268407,12.352550531115195,9.777549292263938,8.863215951051462,9.998914394402616,11.49572522841157
13.224371370983782,9.737118079346514,8.529153734251578,8.986203038904856,11.088279740182234,10.136000148362113,11.973462421609165,12.481188518797733,9.896356726643823,8.789326289959032,10.220726360848822,12.898967423152907
13.117046571216777,9.61940036223736,7.7503275058929555,9.040501731120639,11.327278776142585,10.804441205942396,12.695370320121196,12.867214355236749,10.138849379437321,8.733993559005379,10.076198450401154,12.707413442603924
8.700344733582401,6.5389014592687875,7.760159457242591,9.866356056490876,12.468491933563465,10.283346792859076,8.439847508546357,10.52363651956936,8.630165023407564,8.891620486682712,8.855884366210306,9.769893521515145
11.42893889237976,9.551461423708709,8.24712286807291,9.7198037787101,12.303575086107662,10.82121074825844,12.720580747106329,12.96527453148573,9.707958904788402,7.931917922240964,9.625909412375927,11.77741990466067
11.575946447092832,9.013757422013905,7.606164078403457,10.137802666772354,10.474783559190813,10.228763830030035,11.296847654224758,12.315691901079573,9.380369002267338,9.7186073484764,10.161919799659739,11.056780833081064
8.589230679866915,7.096860834384711,7.542854311993218,10.008555228148635,12.287285234792007,10.236758584904475,9.128601770445044,11.053401626926936,9.117666424328828,8.836045361082215,9.227249259333218,10.170419735985906
13.766160350331193,9.883948922694158,8.302643989013585,8.11672755835265,10.547080693922203,10.2151320988866,12.573764849882922,12.824143481002325,9.75929790539337,8.479068569659344,10.10374722867866,13.969425630433063
13.407054558140366,10.049046775268312,8.403761412868795,7.193621358736674,10.446166161150673,9.559721656885248,14.03817270666427,13.092941472726581,9.891515501322843,8.186613229492854,10.323447716945658,13.533933933095154
10.710916909360133,6.48741273550701,8.091334560698654,9.104796429526132,10.491589108633066,8.979012388977536,8.715638755585655,9.56155936176721,8.402099945331663,9.63303854939493,10.410543322200674,9.819898631428831
11.65387284345725,8.235706692800132,8.151929295657514,9.18686852491591,10.532559645259067,9.570713113052221,9.77886468499095,10.360333262280065,8.522711131081644,9.731147673698029,11.82394494737696,11.239406036913584
12.500269746614947,9.280249913605854,8.480029711201116,7.35399759776884,11.089157524810574,9.815232072604436,14.016653328005326,13.102796571382285,10.19823099609804,7.789745122824505,9.75884101519105,14.843958558715615
12.97818944000812,8.931010548805196,8.204078180484125,7.544142582394846,10.607666659399364,9.82726170515656,13.50894707856304,12.845255850620362,9.919965116847289,8.807032171457896,10.843403810693571,13.896412362545789
10.288398549539975,7.637327871502111,8.806556566311448,10.086446902647765,12.415648293206443,10.468934651122145,12.181976615254293,11.65836176879746,9.29618526820129,8.262017966873904,10.08462110478786,10.709988168730005
13.055785577960414,8.994827107935219,7.558267840472289,7.544984851891627,11.48439986988007,9.900835791167468,13.519503184256115,12.836797275993172,9.767074271714772,7.759206457918648,9.240276174992495,12.359879236755852
13.187197877369075,9.59002966643001,8.079000998830487,9.346986007362403,11.338396910530216,10.983077160895478,12.654375290920616,12.6989219898136,10.051086425188275,8.715807108260508,10.02837842409403,12.466791519690746
12.549925537234152,10.135637328126906,9.185476534445842,10.114219086869955,11.723304175690192,11.113308540340649,13.006952738102312,12.990713057895645,9.96295540898536,9.498410887422695,11.366065026286588,12.23687948219881
10.120778653712387,7.023941639776034,8.21937280785031,9.20339794959668,10.63124726631655,10.090947589946301,8.878427466331702,10.42318680709793,8.768459364503114,9.418460836924435,9.996175538229448,10.02980504841183
12.343841704574528,9.392983944125932,7.9830796885788,8.123914828459215,10.39215815446368,9.88421053638283,11.514372280122005,12.32004594168617,9.418780445443309,8.616583095390519,10.166111358501766,11.447914290407518
12.260800180718425,8.973069894884263,8.091165813626134,7.7123962112796365,10.901305989087007,9.73483107176794,11.715735743356731,11.007733227524088,9.739716772551205,8.225663388504698,9.324842425196088,12.036521299229793
11.73440177355538,8.662957206834871,7.975597775722197,9.374408505489333,11.12552314570715,10.342128165409283,9.542113696557532,11.168251105179998,9.223649433683809,8.386889716701464,9.371703887669128,10.804428484702258
12.335810434861138,9.494877254396068,7.687502762820315,7.658518655004333,10.522359549496166,9.856403496294652,11.416896236978582,11.681945106370183,9.348087289017299,8.352671957437375,9.235340246830248,11.311460778453439
10.979696195611973,7.8449568178790425,7.638062501584647,8.787784952294317,11.054716766164384,9.629213229815228,9.053739313138518,10.252615587919841,8.693986730870007,8.454228398613825,9.232247636165141,9.949965428577931
11.151082637409615,7.309196446952422,8.31618179222421,10.238599849248475,12.969340362817016,10.384638074497058,12.153753810494266,12.790243191329319,9.066935326375809,7.890156579995996,10.004892646614051,11.733838312057737
12.248693856300521,8.856370166071125,7.934003105450056,7.912716032338636,10.833183280784494,9.808553319404336,11.077537630110166,11.046781622520808,9.413734664841565,8.059128602018927,9.49485115097634,10.955176681536267
13.363084188955641,9.500581142897236,8.3843217327686,7.759833438919104,10.869893359622806,9.865681594031205,11.893417173072176,11.615376396212723,9.925659579196891,8.055521816700026,10.230520553443872,13.658808326941944
12.171154633688305,9.576195070985762,8.259742860544659,10.09618498163074,11.119424208166352,11.400486794745026,11.95470169963729,13.640680428471502,10.05556629829216,9.044133931334796,10.208488711441994,12.518155271248666
8.779496052142775,6.956118769600275,7.739220292092839,9.923800513019515,12.25589778375726,10.212456795421817,8.67393367862576,10.878929155694637,8.768460656177862,9.183342849919175,9.279797359760748,10.006269047377083
12.584478377088805,8.206101389198512,8.565468174572512,9.061282485253333,11.210011208045303,10.142533612670016,13.16430556825688,13.047815301286697,10.272659957086256,8.770421184907672,11.227805549678465,14.72692398178463
12.531501863552036,10.602014575196712,10.971175573945612,10.473660799451253,12.564266113767593,12.733607493790437,12.647321265101612,14.261148862839697,10.4645548067545,9.784642543117341,13.250717234392878,12.824136845526384
11.594656505671594,8.57525550858994,10.351668575712466,11.522487536298506,12.921066888764228,11.409240235288554,13.78103901075175,13.790834134397276,9.778555028837314,8.652662301697267,11.430636694866754,10.914078177502219
9.253419586412118,6.042734797925543,8.223627518071986,9.608024263015762,11.57078688814655,9.951545886263071,9.04617648555869,9.530177798580052,8.321725897122896,8.90775251684502,9.615412673745185,9.376177883970566
12.277408107988329,9.436584496560128,8.54140107286926,9.723573679598948,11.723226513019732,10.721415104666585,13.952039829928932,14.036869728641234,10.095902211105024,9.047066203109903,10.859919311132051,12.931263110322353
11.705700659418232,9.19124491115968,10.060010748094884,11.011320250169774,12.765258614941413,12.222471527416435,13.046729228173517,13.300545368579154,9.355317599224923,8.19450830550204,11.106680196929261,11.813355579945718
11.602093848117782,7.690534187397031,8.921344791746353,10.395270046381478,12.60340037608961,10.78534467489819,13.003821337110661,12.856218686516346,9.286150581479696,7.937204739375802,10.55219941952081,12.974898812574603
13.213142851492684,9.483658955104799,8.360165286235096,9.741126554609497,10.308348037724528,10.531348859118303,11.957434290202347,12.812941166904306,9.670978044595932,9.60005580822479,11.280743299139809,13.16750899909774
11.40125367114439,8.078136984088214,8.205035666475824,9.348414167534068,10.6317528522781,9.7225972935945,9.512535863041782,9.956271383425022,8.403847276146214,9.561140437233627,11.444631875264292,10.795043481105546
10.390706981709394,6.436409894911645,8.47749383829558,9.100261079447975,10.815904380217454,9.992992223643503,9.078638017160763,10.178799280151049,8.709345557698887,8.590737219697257,9.908156405980337,10.208069323224795
11.295597189820878,9.00222354902981,7.687803086192454,9.87228004461284,11.994478292841585,10.73707024513775,10.273066762074436,11.629067705416055,9.189535554671103,8.967671086789949,9.383243565714915,10.750812470223089
12.25246559819527,8.785898927268377,7.777647309578286,8.838857854119473,10.83604247696063,10.201587350813295,10.410847939165564,10.80656780327038,9.28175790678232,8.491845909027592,9.295514983934838,10.718129198909674
11.797583757142291,9.476731658996261,7.960676635301905,9.51641173994959,10.969096145389063,10.580806928755822,11.878952764848355,12.008394045684714,9.395143855188309,8.80224716012016,9.64857718201941,11.025908674891083
8.813943555097772,7.42195785005512,7.892012367221724,9.904344176324607,11.685492583860166,10.281675781697796,8.621182294687094,11.351968228086136,8.906570394754523,9.264006308264994,8.888799052100753,10.09660197001338
11.648101706711067,8.080820040113947,9.754794002472222,10.675110846141866,12.536230040378072,11.394543891629215,12.973882659383252,13.72420274632573,9.548395375170609,8.169810311498628,11.928565505644318,12.385509580707046
13.046643967551892,9.555146139243572,8.307632534081055,9.29295597791232,10.24885407380887,10.56662572040268,12.054994000802283,13.540486822011156,9.73075714975471,9.325948078655765,11.319759961658912,13.098115553130352
12.36127409277841,9.767503970669212,8.579689779020402,9.566186058491327,11.162400997247673,11.421413896546932,12.931474190295601,14.02568927378426,10.223288641578268,8.824906220351611,10.414880672559763,13.2891876402174
13.821116985730223,9.927818069994347,8.37532726548331,7.049840701054113,10.576245359837515,9.850105299132947,12.413309495550669,11.725676334814667,9.729736485039806,8.149380657989463,9.975820710039033,14.291422410437075
11.907006623453311,10.54352605444212,10.200370351058003,10.721322284536848,12.227187030391844,12.824769589301324,13.202972649796207,14.192367323273912,10.008528785837573,8.919322750058315,11.460039509218957,12.065032840740708
11.471315443163395,8.14967422364892,7.90737642788992,8.70617001595497,10.193079830904345,9.097770476341694,8.977393836681676,9.81986129463704,8.359459996568065,8.611403016415213,9.975411036735807,10.687241609399246
11.140641907888634,8.065343933117836,10.115711229902097,10.006328366246313,12.726313180969875,10.827426480378454,11.369633134487849,11.84903275605449,9.129671756365402,8.323315096382137,11.01022935597367,11.126418441323542
12.568067159061847,10.122065359004294,11.366003978547825,10.460345884493908,12.728251329148106,12.337492033180187,12.021421827884724,13.162328945582523,11.006148914214664,8.99455925628965,14.376352643506165,12.319543216377351
9.688495597854319,7.304255676767812,8.469388819246644,9.573662473223337,11.73920300310934,10.141249132151712,8.929899126439459,11.288089219030539,8.76770399510797,9.056654012552873,9.782791171628183,10.576757531842453
11.6256636666825,10.733730070952468,10.375932588966702,11.504221244626127,13.492023607311886,14.01471613170689,13.238180078910174,12.824838890799453,9.851885071540329,8.589918324984733,11.317749065168572,11.423331054011232
11.051486890155859,8.073738314861838,8.66702644174562,9.24586162559785,10.411825080115504,10.070201255406113,9.63666251804809,10.54631917185415,8.905619269348906,9.374062074927654,10.60335226478376,10.646089717657814
11.640554563989753,9.168517793024119,8.486558706486212,9.073061685784602,11.160168042175593,10.434696991016109,10.885479217008172,11.288937759291773,9.68090153775638,8.735782121775047,9.930144473941327,13.165310936339212
11.439982308637537,8.417033086015076,8.289884588612917,9.192041537389173,11.004429718460525,9.478655800468148,9.597746036976545,10.187083855500415,8.80620212272952,8.557016567603457,11.038536985678654,11.117656648417361
11.845489091278653,7.537131896479852,8.379748842488427,8.622388092770539,9.879833459648028,9.60088675736335,9.527169525498323,9.897888685733701,8.536661906966803,9.26893385816022,11.01053974421427,10.671545426274673
13.848721468205865,9.901569491211246,8.849947550542982,7.087428541270907,10.677364359456341,9.98397580304681,14.326829654131206,13.332518262254183,10.507528900851595,7.7264682566132885,10.140011920514247,15.917657657854807
9.992582464831665,6.200639193332186,8.154682462379071,9.04885887173827,10.646852531316634,9.654842129410394,9.087251285293219,9.497433963018304,8.511134615200119,8.669637980346659,10.157864243532176,9.90646937009891
11.90355363956637,7.971929930685193,8.331114370098641,8.63820818786385,10.321152222368159,9.056411048735828,9.196594261430551,10.041426384174601,8.654353825760728,9.253005583347187,10.097584405167586,11.551001515207068
12.023761439292503,9.313622026345028,8.111812637492326,8.471002158033325,10.751436205864596,10.98487111052765,13.27436201627573,13.394735502756385,10.226788023029052,8.466557810411421,10.021943100955939,12.934479035067037
8.66798389472116,6.9328431182184085,8.514374807523645,9.426878130122626,11.523030048322607,10.176635197895736,9.08891773883791,11.137924513559264,8.919168896701567,8.484854892034766,9.865178105886354,11.134198553775805
8.99526481453658,7.26804035492569,9.322844349764011,10.786727967222498,12.973528580157462,10.652571800854414,9.194592858118735,12.607548736467072,9.166459166822781,8.815291713395368,10.082445618978625,10.112522952529714
11.174708134498571,8.1144865617915,8.018619547677899,9.122225598234559,11.254177582163447,9.721610953168058,9.312609522713418,10.720847729772629,8.782781991335257,8.493923397317584,9.964337480560584,10.062099180119812
8.602939930587906,6.188221111500825,7.901874507522408,9.692781199791249,12.20473992475839,10.510710293941864,8.391495338339302,10.575154254652466,8.62361557416477,8.737422736252396,9.465201057542458,9.992829007262952
8.831061646652635,5.860864232036456,8.108426186544932,8.15451532685841,10.5106665873223,9.675105633256889,8.553349455913533,8.559203504088531,8.557536532638881,7.774966960143796,9.33649486118087,8.952180311366643
9.545727003628512,7.7709100641852515,8.297302713705186,10.345936351368513,12.197892124163506,10.363473956618762,9.11203979852476,12.009972266706246,9.109857002612397,9.255947851618663,9.662451362194272,10.155786417663288
11.008307336695225,7.735697864623333,8.85169642363595,10.646941259824548,12.775826112209472,11.04254496371902,12.015252921642622,12.809736909989816,9.378527100601962,8.348619576980266,10.541786538189161,10.907675663321553
8.886147735628631,6.256770501079523,8.186848767624378,8.486402559264759,10.972637481396042,9.828365104616624,9.073598352269004,10.094445982831099,8.69236629583192,8.583396779189043,9.100939705507972,9.36143769410468
8.827554152379903,7.203839400817974,8.538496542564351,10.046899673841967,11.978060045868656,10.488719700229796,9.297958117863212,11.637351544644766,9.03997915775608,8.822663152275231,9.58924100590695,10.277297206874229
11.583816550896064,9.357649495416025,7.945391177689893,9.852117478396773,11.14915027082097,10.891520679972519,12.642974433892885,13.767734235529387,9.443216919771645,8.439419369199813,9.677693399616937,11.790336632307277
9.145247179540542,6.306555197665486,7.83742567887586,9.378045126917014,11.855888956898406,10.067760722792077,8.345248507962841,10.613979788399485,8.387458089113311,8.61865483603277,9.217359642559748,9.646619276653501
10.87879179175771,7.284718264098938,8.16581901853927,7.832063054524148,9.135194383509548,9.113871209092263,8.624236457716872,9.799294693864562,8.004951890739463,8.904716951800824,10.240851563286494,9.734185041562615
12.517450846167703,9.32773489378153,8.046299013007726,9.747385435190465,11.140089098152032,11.12504047397538,11.715334395442003,12.718039679143104,9.784186178912297,8.71108000929303,10.254803409338251,12.01860616149461
11.380654644386466,7.996109936559539,8.339506502204205,9.295422432965061,10.887391079009058,10.078081554361622,9.979832597056003,10.984461041758562,8.498580172118883,8.753236137672104,10.851898104350253,11.156225864369736
12.364960067075547,11.347347241817044,12.694496771240862,11.714482119706329,13.79098893544067,14.323939634492557,14.82435130751415,15.81604010659776,10.557296958284374,11.20600719850268,12.718161774405939,13.471092229358222
10.208427508106379,7.652016186061084,10.327729211345295,9.912486355091435,12.829709156689894,10.646088262015596,12.113201728489223,11.089529191570906,9.08477274604162,8.346897791650031,10.508079643794463,11.076655034219042
11.646437369342967,8.894078028779845,9.071245530529293,10.10510631517701,12.120444261075368,11.67668000907784,10.98707607262074,12.498457223859806,9.314893169462847,8.380793835006921,10.042704737699767,11.510924983413677
10.377729254089294,6.050999915327662,7.9390178912126474,9.271075029623006,11.70164683883148,9.990506341850956,9.065863934237917,9.349805893476033,8.13000841900748,8.10452435247279,9.691500326364894,9.683833334142959
9.10235666102322,6.853948258492,7.739327198551764,9.542252539946775,12.268839730374596,10.453447010905077,8.66589918786108,10.800521442131561,8.727722880809017,8.698484144456954,8.953515850392183,9.92774504809601
9.882314502434818,6.086168324333988,8.188975431816335,9.449190357950561,10.639568264689338,9.924839727788596,9.480966366159745,9.562166542865187,8.301061079652621,8.834444092167939,9.627936058491393,9.872726799313222
13.4609261875141,9.718259171014116,8.272526320999171,8.362792490678261,10.534461100125746,9.933758832814819,13.450924187131204,13.095081514204022,10.155235998223098,8.99195367135073,10.977776994482085,14.892366548124944
11.955935655864891,10.720697704308696,11.162604099476864,11.339841099451428,12.891122000805805,12.714683338405964,14.270686831019935,15.21901999703546,10.334409259713967,10.651395461872648,12.28133111844878,13.72719945765899
12.334558543394467,9.681251564060693,8.48231224987277,9.211306527643345,11.692529718702389,10.889487661256448,13.13840995577478,13.636548894404164,10.5287119286087,8.821212162532298,10.27044773131758,13.434595872646614
12.910812511240382,8.629767530830076,8.520319915822794,8.27421117137029,10.920054681996831,10.062505868508236,12.925535279927027,12.632574833850837,9.657103983244847,9.020055740417016,11.347592175307977,12.477482101419229
12.47358786951024,9.690940608754596,8.326499505782824,8.93992573996526,11.04744719057851,10.306481909783093,12.981582075285115,13.579402426119243,10.321332516743585,8.868160998462645,10.182544996471162,12.716082758298725
10.21961542555614,7.808191466180953,8.012702809845504,8.996279250543523,11.619326216312873,9.602773089826961,10.214675656297485,10.833266053085724,9.437875647350754,8.690711936328453,9.843842272911958,11.175886133533094
12.615048858517975,9.763063845149244,8.662524251198121,9.318873788648679,11.610985840320009,10.870554421583904,12.603470290649382,13.278662244820538,10.063047446056167,8.781300225089105,10.414366017889792,13.285097708458583
14.437517936469915,10.012307368802675,8.474976064933287,7.649747338219471,10.943959056358342,9.979900153144959,14.025867902775163,13.222852746367108,10.67535993755601,8.44627212254924,10.089771476492775,15.771266360118558
9.298299567120962,7.281520011034718,7.66075556741075,8.545076392324418,12.197898167782764,10.347395297482313,12.328306000808276,12.538359704835779,10.264765579907465,8.038930461350432,9.00445985296153,12.59889296635269
12.560147214569007,9.191159717599916,8.58736349971428,9.576385435851146,10.25128807378197,10.661901158832046,12.271069731952577,13.178076187673426,9.951399991679905,10.302011043588926,11.829021506373312,13.625215039050323
12.799220803849758,10.64036070612358,11.461474884774056,10.59198805152914,12.860367410019675,12.8933835305419,14.132802568672348,13.761421913685524,10.386012573397998,10.152367595405662,12.543282844185681,14.057759310493314
11.784717802825385,8.560897041211618,8.081873507427888,8.492532811937576,10.492623050802893,9.572873943460706,9.369299586961464,10.323151061147577,8.856137003063886,8.90273059052021,9.896298449889938,11.02835825832437
11.334595125354722,8.473908786781921,7.698940483305222,8.76429579976006,11.46772851833524,10.60641769396533,11.74224543016823,12.335434633982599,9.727299848144442,8.529464593453213,9.260934960845338,10.794020348123258
10.603507309992613,8.02299021387132,8.357850569148981,9.447187382872533,11.613994429807004,10.26947055204085,10.905953570433404,11.082023734271198,9.329840795505646,9.125732221143396,10.327656580348956,11.131164835807013
13.393981931131274,9.695311924558013,8.26820526185811,8.631127297363745,11.134633232624498,10.677159513579822,13.607654149022464,13.092594942785258,10.371011995021846,8.5168756564823,10.228220620561235,14.90503624735132
9.146939724845176,6.88578451527597,7.962179345186037,9.345059166842564,11.929233008789904,9.79917119037637,8.680015337164159,10.88807036184161,8.795445757912054,9.021064056188083,10.531021822951462,10.063858800647717
13.834740386223839,9.97123024329357,8.67412366300805,8.608300410511417,10.840123109511465,10.108890751834156,12.797126788658856,13.502104561527903,10.234894498212537,8.9700610157817,10.619694888207375,13.631439453184418
13.35978500811068,9.607783910197712,8.619482341638891,9.132189619890557,11.020846461045679,10.201095804503286,13.129209969315232,13.31829901040292,10.202953534462232,9.739581515070446,11.531523890284653,14.184275913277764
12.10914561455506,10.507496001254939,10.962997690478282,10.366605814999385,12.377748933430436,12.678405783974855,12.73763386397767,13.91741648584601,10.658928785792087,8.845617519587057,12.371501618898002,13.157520810418795
8.159877060528839,6.458457304099645,7.63628059194026,9.559862293048788,12.333739490042309,9.904271331745457,7.927912938626817,11.146769460448946,8.504570041411885,8.963798557695814,8.800814698953053,10.220937971677959
9.164171780877563,7.183078315484428,7.837726734524445,8.92243697005622,11.268372162128554,9.04999877289552,8.461959587218255,10.167144020529848,8.277063269481216,8.779364777856543,9.879242563573337,9.818058364216824
9.257253269108155,6.291285560344252,8.939513119545227,10.1425326975889,12.24031173731501,11.2245043461178,8.854398427291818,12.013576104257448,9.105213713575438,9.326136071227367,9.893877910421303,11.532218494072255
8.495765639439385,7.361904583239032,7.613745847675562,9.195234123665722,12.535165021609016,10.233152699272887,11.061043176897511,12.394886668732754,9.552480826534897,8.360585066002423,8.931519849988133,10.897027173619502
8.92490034158316,7.202269860534182,7.820934301513601,9.512648851385935,12.138868012780641,10.694317173542972,10.410657603551831,12.902268489663467,9.647500137508844,8.601838391671711,9.088324922790877,11.339302266468607
9.138101567040579,7.566963040323347,8.071923359982991,9.76929300443782,12.362267575926133,10.26868361327031,10.453057006395811,11.474612369522008,9.691275706344479,8.4498680209131,9.05494518868374,12.701366200609415
10.169480838818433,8.659353035622106,8.663174361278825,9.5064394308254,11.571738066793875,10.399996616502072,10.867206786418297,11.62333175917087,9.720014489597594,9.179271640180433,9.632639013501127,11.249122053723863
8.906213081967813,7.904716295440243,8.29525170690207,9.987628095304924,11.583546036208592,10.46623204678065,9.09069019211915,11.874005464324846,9.209388699928681,8.858098278978762,9.241095435417312,10.445140302044907
10.767242241823979,8.180802011259537,8.220303335595265,9.557697849329223,11.32491922085654,10.021351845069825,9.075451750709766,11.145286871957355,8.978860326673525,9.822116177442885,9.836701086309661,12.259488076901029
10.528606343354225,8.253931838218548,8.55730488333366,9.63083434130215,11.706739191846628,10.292844949829902,9.35343857192341,11.37929438944707,8.969568769486166,9.634290008146627,9.750562645652073,11.731392153357284
9.446426893006423,7.597851747881291,9.423499214049434,10.211931769297989,11.72324618838223,11.536896546151416,10.654391682798977,12.286254417553366,9.602232814655233,8.513372087005507,10.233466058284877,10.337251612924275
9.516182288964968,6.958106062662385,7.784816696691826,9.876989620819733,12.105265371802373,10.411054992769007,8.626057314615577,12.27839720561117,8.61338832238875,9.181087854173883,8.914860122165237,10.779304317802422
10.163227667355079,7.27358310381156,7.728204269720432,9.635571006032336,12.316523430731396,10.084674862883293,8.7916763263833,11.436416014859642,8.564901467138073,8.800353768433972,9.046144659348236,10.214765858051233
8.301192149052827,6.39244159859507,7.737072971659365,9.999681336642723,12.527204637574672,10.138159367466612,8.063848649152002,11.372478995853623,8.696006877096647,9.03967985896027,8.88386531220669,10.13447734298167
8.665218618956812,6.389988962236572,7.779354658878781,9.999838626177697,12.454486221475902,10.19111413559281,8.10284298058804,11.053262098575699,8.600195835337491,8.959165526432548,8.899788590537229,9.998265259536005
8.34565847507552,6.398904728788009,7.7490454938166184,9.809112401598952,12.478931406469114,10.44520859640283,8.564920230376027,11.331344427888373,8.801858909800268,8.846433533758123,9.08346462246613,9.96522988287496
10.920532490640573,9.742961513351927,11.802649834209179,10.801747637381963,13.327343459590406,11.87927794559339,13.422890502645167,13.614588501425708,10.270772484061453,9.981921255668354,11.942038619271797,12.783955346787051
11.762849154323725,7.933303488309066,11.226732608964081,9.639786296105498,12.335025109763004,11.850849376619475,12.029491309734329,13.150734126774763,9.817450839475981,9.04015432248648,11.228524919758925,13.301611908660918
9.221316639590148,6.921872874681363,8.860403967801203,10.062661559858812,12.33146768930003,10.465178952269799,8.996112263247932,11.084649356427095,8.695744791785023,8.932405052266134,9.983822356906517,10.245193829831656
10.779838694697728,8.669388200973048,8.44143844747879,9.749385744776909,10.858169362126818,10.647813438971005,10.993146499379433,10.962118393602626,9.012927244840768,9.264734369437024,11.26061109353681,11.666637397717443
10.908077509612843,7.482263466723384,9.784660215326046,9.928757439321183,12.764966936894238,10.940361955515078,10.685464470945309,11.846774019540822,9.947274497765447,9.399788181525333,13.052422230107634,12.92505511903179
10.027814369953228,7.939322121446203,8.46368599549533,9.772888590743776,11.133602141611748,10.014223318759768,9.478552825298298,10.588058430575183,8.6738671075946,9.160889871580014,10.852768331337499,11.079511458374824
11.116958133423156,8.493361143722119,8.784779456941349,10.150116502176845,11.466385827338677,11.23851415109925,11.83969357185611,11.66271649532268,9.09876072034842,11.051041674444722,12.1298377758147,13.956365074841775
9.905310331545527,6.748962649723726,8.204387715155477,9.606512502090306,11.467068021578964,9.799034632371654,8.684008970128522,10.581207832993284,8.746364665415678,9.414143012004235,9.630323211946262,9.7612532633362
8.553987033335604,6.086863698352202,8.022732810183056,9.076483672085953,10.996677795831106,9.295302814765813,8.510673585326046,10.260508640661696,8.542151190759244,9.399386374218032,9.672425890579762,9.646988281605323
8.889719583901256,6.354671992944713,8.06904892874343,8.825244151566956,11.023034805267645,9.225753591997766,8.483765896596232,9.83461792480397,8.606130476072344,8.549663182020218,9.174070620550516,9.423918577666749
11.282175580063779,8.759324938691721,8.874959327552135,10.006991710903309,11.681936257486655,10.957461243650286,10.67195622522798,11.686368644987784,9.113107453859104,8.267399019962967,10.707187178782645,10.392161035413656
8.310315389597207,6.366881121513257,7.958445186091325,10.016439552552967,11.703259524856037,9.746602139788166,8.183548362410972,11.333457774959529,8.746151269556844,9.119355144390429,8.995982884818781,9.835450612741091
8.659936269870261,6.539165813308455,8.191807975686583,8.458416617243193,11.219027191678725,9.627045274983502,8.751087527130263,10.300838753308366,8.720649342927384,9.055429960324803,9.321639746412224,9.294364286870875
8.680594774787705,6.411291405098157,7.895315557813135,9.428032846779434,11.553185659421823,9.993057665993101,8.55680362008339,11.297505062022118,8.4722914986347,8.715358861441189,9.550688638645223,9.995640823454664
9.439262750242891,6.526908878582225,8.014199036118516,8.638637788762384,10.142366484973394,9.842069910569023,8.557257776010328,10.422905357998077,8.381990165439868,8.550091656932995,9.545455300674226,10.096315462472045
8.67628388141413,6.196934898982415,7.709369506249275,8.447985009379476,10.258275914370614,9.206654974168387,8.150936364982726,10.025208485195773,8.036778384807278,8.49311413281266,8.845812187350296,9.42369182763464
8.163847370755654,6.31060465077905,8.002645883743567,9.468167128100754,11.983801396399404,9.498363414537499,7.819190040160857,10.890526050213282,8.57709635676916,8.954561035691317,8.991978954757666,9.580929052987615
8.259245321653323,6.17604158099665,7.757116161666654,8.704178267033063,11.812701439829741,9.485556686851746,7.8661209107246695,10.610323870026665,8.466021172775688,8.957443513034079,8.832815002712048,9.700739216258992
8.400493411778697,6.53181385282786,7.731251358794083,9.105063872890492,11.143638788713854,9.953861580893921,8.031509346466327,10.444699390211651,8.21866136333729,8.915268243834717,8.852195906944647,9.839291620698514
9.637512611905315,7.527419627042747,8.009974757985697,8.194365549079512,10.030503045034727,9.765674013089708,8.454814474280596,10.066664579208503,8.663084352746866,9.75424246937221,10.03207820824507,10.296115177820349
9.624684786778396,7.511307254580212,7.722034282924534,8.107064680324498,10.473367560860984,9.96183071751863,10.080217314795938,11.98138138949864,9.063725647253605,9.104411283746874,9.70833202334821,10.087985289715391
10.78963637398196,6.414562373914053,8.191794567176352,8.533852727559943,9.487768293832964,9.649466976281667,11.034945177917864,9.199772529215636,8.83454187066684,8.656889863078145,10.37464762604216,10.244914242511088
8.817177913891623,6.072445569157166,8.307277017962525,8.335384837111613,9.986068418078297,9.055503834449835,8.760545510015126,8.358176399095806,8.303403344420886,7.6103305519543305,9.437040256327075,8.729423829562933
9.606804538022837,7.005933067755201,8.174322554027365,8.549783597281762,9.89480530699019,10.407721509366432,9.138739042996507,10.518925386409888,8.619321663762591,8.805998635870994,9.412259954646412,9.970642437695442
9.445165323376107,6.796284750683899,8.048191992252555,8.689330207407924,10.247387568906463,10.03029713788742,8.698795055246109,10.333178474896465,8.65035739184369,9.369129083013839,9.545516733815845,9.718576697932747
10.410050606782262,6.6932246694130155,7.862524853054083,9.046677090650027,9.6255380490251,8.744712987863954,8.730725612892327,9.400612188029271,8.038789087518317,10.006321247623104,11.065827020098641,9.77634113470168
10.826521120991664,7.2784108570038475,7.824600019091201,8.013078824506007,9.211885188332596,8.639270210335797,8.707721658597688,9.254283091402735,7.923895143865405,9.248979889467968,10.539815395038959,9.417745375152515
9.461482382807198,6.145719892555044,7.938779726900984,8.359634523804933,9.860016581680789,9.746989066108874,8.23146585063441,9.434573725715447,8.499921008754457,8.811360089688854,9.509145784810755,9.537370169572764
8.394237501951114,6.10485117113928,8.147421750141195,8.678861155224752,11.59546694434282,9.82090889686071,7.944633966210675,10.0693950194949,8.669841938786849,8.999520913999309,9.39271936159554,9.676401899100807
8.053914761891209,6.382432749694449,8.217985428338007,9.393095453398113,11.465609842315846,9.93880684605489,8.09379368407872,10.873452032734049,8.797699348403963,8.988916215106975,8.96913100816349,9.721292599622629
8.352393342334027,6.439279728314863,8.28842444758688,9.021558655526672,11.50313952536316,9.941758283086703,8.53884767840704,10.593269484160936,8.745517696701409,8.876543039491091,9.306511863264303,9.453595752486518
9.367232714485766,6.732123049072847,9.149879989211705,9.489119834000363,11.655889439158033,9.851754786574269,9.096369008839018,9.584483016366288,8.94945529559764,8.831486157216956,10.765007629774196,9.761874403016924
9.712616063797858,7.064197448696976,9.306177119565135,10.568944849537099,11.974465044566783,12.664947836302991,9.544124848927385,12.329866659292968,9.368896365983305,8.129520406768133,9.765871154251146,9.650025093997218
10.217770312086644,6.531451833212272,9.125261206522168,8.862094335773282,10.956982593154075,9.846930235325505,9.584053940371865,9.770145586106981,8.57018907825302,7.9979535938269315,10.0391366485584,8.8326531662657
10.853817237717683,6.4757918456470565,9.711824856480536,9.95025062254643,11.233983929698573,9.948914352712784,10.282426943288648,10.046127753020018,8.381459668581364,7.70953717306415,10.22840640125158,9.285300812633574
10.354626660357082,6.817479573061751,7.937198067668758,7.964262485162785,9.329107578328246,8.667761276628443,8.746295360421895,8.868323268516207,7.935932167205044,8.727703671922235,10.2629260778545,9.206875209392722
9.719600997084024,6.023659662792355,8.217489182098744,7.639806548312314,9.104895385421717,8.317926371660077,8.999639553861083,8.005411579655595,7.975546389864527,7.270246548983661,9.742376989061496,8.034187325737802
8.902616270143886,6.1675951361071375,7.935944665013631,8.599384016731738,10.094650428217722,9.089477735209194,8.567118579263099,9.49129778579816,8.357980212207544,8.233453378455016,9.02219003532695,9.23113248766573
11.596319739736384,9.285953973543803,7.998931336707794,10.19064209002696,10.304293239100012,11.07935401505553,11.11133013756817,13.387040244817197,9.49875212670882,9.336850803081767,10.208897483009348,10.60531891361029
11.614956326939835,9.189826630920214,7.76745413502704,9.788011737388148,10.467923489049157,10.360390234237064,11.10474669706196,12.601144468619939,8.998554424786759,9.339705240498786,10.586654313960134,10.464211625872462
11.39450071322288,8.922184413951411,7.638536949876596,9.69769851750627,10.626831345167856,10.452734860766174,9.989131442689722,11.360147921603254,8.8871288831941,8.688602023014756,9.261328674964345,10.472277797848859
11.96137862465438,9.696472308613938,8.748431398562856,9.957018960099592,12.21070503199597,10.846564270395243,11.954536583171597,12.452786557022462,9.50473767718197,8.391388981100176,10.669784678513858,11.173710471149883
11.748541909617598,9.332746898817359,7.845923285475451,9.577378564173578,10.621069852641265,10.933148005595104,12.221022497307805,13.399843712924403,9.695777968212013,8.380458138069496,9.560300892041749,11.973816589439343
11.288413745992552,8.070541485029624,7.711839734517706,9.072899908751232,9.925875420941546,9.655854628177892,9.61430260009546,10.570846494050729,8.331390818070023,9.430845009997334,10.081461934348344,10.484134356357973
11.081500923965512,8.530834270381428,9.672761278673777,8.849550402979919,11.272832484731989,10.960777808935068,12.885833126070644,13.762572468184839,10.113014361551844,8.844999543893216,10.30169634180748,11.398530552415314
9.913497159648982,7.609977534591717,7.730020863851155,9.044292165207427,10.708447953894057,9.927443004275645,10.67945277522362,12.001540727333701,9.198801526281283,8.520829245197138,9.278904101201089,10.749993301292564
11.891069918311851,8.810994159149935,7.705105743223771,8.644293513578667,10.179494382703147,10.490613863591474,12.191093030888608,12.549625978208184,9.603910909267684,8.328218011214833,9.261277606004874,11.570195616212068
10.224033846493098,6.801873047029601,8.149518563776642,9.10549626136607,10.43915118010484,9.690337837187506,9.130376195660135,9.401543775132794,8.234553781683813,8.506469563026632,10.17443263105375,9.298663148392516
11.792192905836865,10.114426353073041,9.593928459025477,10.597341647959585,12.013295723939766,12.684256465454954,13.561204483013695,14.63061556529635,9.691023694135648,8.435177935147758,10.353017955669445,12.564433494002436
8.153297826918687,6.77256614796212,8.88189900636737,9.75233978776064,12.16671985983506,10.451809975591594,8.978848910557074,12.748671578626556,8.839900585272856,9.166920842837804,9.008103465416303,10.422282303163255
12.49111759824739,8.43484818040699,7.640673618176754,8.253479155589108,10.960280733094104,9.640278194812197,11.646170022728086,11.66520111083585,9.563165682841626,8.894564427597716,9.922457731369187,11.312227815494559
11.64991338472909,7.85578774843895,7.634568271967694,8.807597065023954,11.082708690741185,10.39725923688119,10.19892019554944,11.014961771698607,9.001876622627963,8.331034186905924,9.293640940946785,10.226864152884326
11.90231044428399,8.769306725032083,7.8249319044674515,9.322741819876006,9.36394652311351,11.479713878151967,11.377947257250462,14.182855950114396,9.147630619226245,8.25106884932541,9.34419767183178,10.052070094515326
9.274761867148342,7.637970836397201,7.866052208193168,9.772344700299671,11.785383579882854,10.603545125562292,10.845173559548522,12.1434420139487,8.889793965126074,8.299516720339836,9.138405962639766,10.082606205948045
11.585520287023062,8.861752528507159,7.997588838317682,9.396939912981725,11.972636951812508,11.235391309876368,13.05362235661778,13.998037028896418,9.5325107748076,8.539800051878029,9.275439347386762,12.283346532167442
10.716807356875574,8.467665572379444,7.984387293681952,9.050450365712603,11.651524589417644,10.109535546060739,12.676044240874662,12.861270929828999,10.04747785586877,8.578323247014763,10.392272337026784,12.33267104657158
12.189024691335801,9.561465894568748,8.09625625877737,10.000457439972422,11.59109603766327,11.360943018935705,12.934214585729183,13.940491188959152,9.939305137172312,8.828009955291785,10.041574742720567,12.490538807522043
12.622257985858436,10.4921506109291,9.913809297777883,10.706722475390666,12.717980929430718,12.666657235801514,11.575770879093668,12.869074832681276,10.059549340579332,8.294169042409036,10.33016609802028,11.720470587904618
11.709081026446839,9.609081508317404,8.966632832084713,9.614411461501804,12.114295921023588,11.227806042540466,12.188979777344667,13.41652699681339,9.94669315568572,8.044115546064377,9.801356998278054,12.985421987257068
11.097665448876624,8.806066674723754,7.7335683501066885,9.290176828842842,10.928826444558597,10.794799298487908,10.8227386003736,12.427573933373356,9.4168458906887,8.714372995117877,9.23435459782171,10.288546624154899
9.067938466784964,7.423348774784146,7.680434975873586,8.213466506160152,12.27034627041316,10.175526659129245,11.301622609891465,11.951163664716063,9.469944696452147,8.177975323387116,9.016775167399324,11.73894840227914
10.834037356077506,8.637233221650762,7.659509200329477,8.851564186641145,11.604029463497167,10.274250414337974,11.638074387652923,12.586927136818305,9.544363757940962,8.438943780260868,9.139825936065076,11.17188714849633
13.020965613989,9.70399148018736,7.8913358084997665,8.041999514022628,10.701472835840697,10.017373182777366,12.688990876490067,12.836632773153497,9.78444598884664,8.5486226297748,10.060677334777429,12.783907098026265
11.405562545775771,9.000204567798692,7.853882802402495,9.10771953545624,10.37797263668226,10.149321855336268,10.204625924174001,10.082903592457523,8.897596020713507,8.818061922569617,9.755093629931988,10.025692147770101
11.356057639059829,8.4320849099408,7.692352470361314,9.43648282341504,10.051635660432526,9.573066781517994,9.539825437672626,9.983947593141835,8.457002583523371,9.7030764773736,10.892775040342421,10.931423875655247
9.813819986023342,6.8390994543278065,8.290692480058539,8.479868445004096,10.510074806035838,9.33793742607165,9.408822741872743,9.73562462928872,8.61490313296765,8.530234956442804,9.581175250141545,9.682212591883133
9.732392071777296,6.974593138567978,8.109238801530422,8.882428093968128,11.834503609582073,9.27699184493079,8.718832105400708,9.9579341674574,8.079373321314078,8.875438860078997,9.968223606078173,9.692569983706512
12.423471416483226,9.532820006104902,9.77737176474655,9.672022445614626,11.414688432620215,11.22823991626055,11.20344249368967,12.62725840578527,10.553586329984014,8.617541518201811,10.522883603887763,11.509498581784081
10.46119663325101,7.840962605453101,7.682115875545152,9.340050577523481,10.87374168816246,10.053027697298951,9.573712328758118,10.209857043929713,8.692354781234458,8.683952772014221,9.351132748844826,9.930191004339266
11.36252862462201,8.949055236210013,7.698321573401299,9.121589648555599,10.679489805426913,11.148796891699849,10.91997609000683,13.126142447187497,9.562705531633663,8.577902228115626,9.298948031026875,10.882775271699586
9.134616563678714,7.068461362779793,7.751841560861846,9.294648639969061,12.063808515360698,10.314955187642004,8.931182499686496,10.656712186583528,8.76013092073549,8.641229260897997,9.02435024070245,9.655008678190633
12.952533667208499,9.72906200729978,8.703445542463333,9.760452599737054,10.737894673710437,11.1015436090572,11.23957743060342,12.77562538647811,10.523096218460887,8.801148586646796,9.936813453011707,12.002617744072221
10.03527462565791,7.785589831562232,7.686423059166229,8.314058086562033,10.5945362983131,9.806286501162656,11.8912947335609,11.98962788660045,9.417755994920652,8.193859206558109,9.150726585007133,11.04388907738569
12.153471152645114,9.435296891906695,7.810436157981291,8.744385552832494,10.477935142918476,10.388920490973673,11.892822496603163,12.68363523857227,9.669947942677233,8.302930983908356,9.518792631116973,11.290298019388276
9.146588050096268,7.179388855024903,7.64247592280078,8.705334358765644,11.337949371778931,9.220098990482201,8.651572649216028,10.541475700091933,8.493455818933308,8.848499357109585,9.25988305193478,9.972509799281166
11.103258556666523,8.851577332365197,7.86524749288378,9.207164617333383,10.397592118857181,10.072653098563968,12.088483088680249,12.222736076069822,9.197909114520003,8.360300109578075,10.10161429760966,10.879264833239983
11.259529199503664,8.130326868334445,7.706480903977548,8.698719967851234,10.317520206944069,8.844451401853705,8.805112913840864,9.817996291694762,8.105962947475792,8.970841095270528,9.940014071109019,9.782996671068796
8.65885766103776,7.3143469855588155,7.616296748434955,9.118107262132366,12.038619937817455,9.900928635989521,11.395528732880992,12.08369429982092,9.434758325236174,8.297202146409719,8.986459666534344,11.130705337722777
10.163215597503571,6.635597500063559,8.018045829081183,8.709208718367158,9.959151692922076,9.53830478736077,9.551804515100477,9.159601214969664,8.146476330382127,8.273926975248564,10.14056668258545,9.93017226203035
10.734417227539545,8.390117398475503,7.851332911453549,9.445064270355195,10.559566931785003,10.550652964608393,10.964919076282733,12.576824627672789,9.193357168963692,8.055263833402083,9.212584839082417,10.4669577490931
11.451060814831958,9.118986977227316,7.895552195392956,9.793384125872903,11.535564762788995,10.994164373074815,12.127203643379904,13.978067932844127,9.570346525470702,8.360106358992391,9.271654964726542,11.868870015031336
11.733665064269081,10.179740986769737,9.163213404846593,10.339462233935574,11.62176733145032,12.356302794111413,12.615582104707265,14.2843995123765,9.375078882140222,8.175266939082787,10.458305773015345,12.65351649211145
11.516923666367777,8.945921180355718,8.569474990085908,9.874658082804727,10.858498689552027,12.105703211338005,11.166891164112844,13.366512561229618,9.22862640420455,8.204271256503153,9.486820664818376,10.824438665917407
11.516284686908746,9.391960162450928,7.830392947132791,9.484325050653304,11.288782011644251,10.890041951022951,11.711776243702662,13.636941124279018,9.253282411985687,8.260195102591219,9.188294985314124,10.891522191580947
11.344148693137159,8.914726482648733,7.83768016956534,9.920736230337177,10.922948628074488,9.510551878910722,11.140638923164717,12.523008541151464,8.731460041768752,8.94967805874432,10.495327447073084,10.309224416092935
13.130767681499279,9.627422729877775,8.310995963369516,9.981640674327831,10.070205962128165,10.925752290535565,12.325088018734242,13.778320786640625,9.879546426312046,9.527891540879295,10.839019072211645,12.60158497361918
12.538705273619128,10.651005082769402,9.837220067042757,10.791980595846168,12.48988916898375,12.999427067012103,14.089291619767245,14.79014994822076,9.679513565083518,8.594186980793122,10.690958806707705,13.505561217963164
11.813645850182056,9.42869456460643,8.809126795080934,10.319295967889445,11.438863665599179,11.977942569259556,12.221292590909314,14.467682227845492,9.782137574132749,8.56157177015361,9.860395163636909,11.501171290150785
12.272103885771976,8.823221731197577,7.687782386583437,8.206429022260938,9.942069510378888,10.201082461215664,11.705126784384923,12.17856554785458,9.368686856983786,9.004097979498015,9.481932753010584,11.644460496613815
11.302248945109174,8.660369548246969,7.808230828587043,8.986859304608757,10.68796893541232,10.58908277730154,11.588732055739523,12.114267245661802,9.06066636140993,8.428079784540039,9.165813459442479,11.095349126591179
10.794214254182288,8.544779646700421,7.8927390555857775,8.618690751965238,9.943079739309669,10.795324766706168,11.538626456876877,12.280474324695199,8.96444972117304,8.256018330004565,9.079475035075603,10.580418946291493
9.347101269002666,7.4774507386141265,7.8688977246217044,8.861435712695247,11.133993880741258,10.503489504497946,11.771871830600302,12.201095629187966,9.16377003372471,8.492390610594304,8.905796106046706,10.689935837209365
11.24833203034868,8.809791841924236,7.399675081176295,9.327579654124865,9.741173567223322,9.9831367456629,10.17850148223997,11.438192993090357,8.663890677079193,10.17820365964936,10.902633705893141,9.771143824905488
10.474185445171555,8.09509832433895,8.146295527560627,8.421016252268224,9.773417378623588,10.321310494637638,11.22269695904914,11.533697787703064,9.072206449706893,9.563277510153819,10.247998597308165,10.432437593045998
8.0548040486653,6.513623323954352,8.083672349252968,9.512807970242648,11.854388145678062,10.247403533548155,8.744472866415128,11.843350283806014,8.958828182989318,8.737576385095004,8.876691730779788,10.571560509727775
11.357615593735462,9.195787104528875,7.751081590745277,9.6622533032776,10.980587862579709,10.547634818655023,11.684049123845826,12.956738389215817,9.223125272839125,8.702201482870235,9.538455617244468,10.594598880461339
11.336940552733848,8.052210292855529,7.723590044843205,9.55358511640922,10.646726395959526,9.469503698025253,9.18878968838884,10.495033163965218,8.297865758133945,8.866709276505821,10.331120611209979,10.565887533628748
10.941750646945925,6.895938016442091,7.675508532310121,8.521262548910338,10.061094643007937,9.03532387860343,8.88789066177635,9.614549911983437,8.386584352821947,9.649029809971742,10.57440309865792,9.790032438154126
10.662857037939451,7.415117959258038,8.486343534078092,9.68327713510942,12.056194600887444,10.491956821765383,10.07058052824753,10.511388550615425,8.883238991422797,8.19389085142554,10.437885139200668,10.078681289392744
11.944757451203214,9.090803760987917,7.7331772196605755,9.717708415798214,11.263948855558205,10.616411579399532,11.02731307842293,12.098113934087197,9.401702169557286,8.788371881131603,9.212608181347395,11.357814078954355
13.559430570476266,9.60771820791642,7.978749169332153,8.967695854472133,11.663822503431991,11.196764925309212,12.883686056245931,13.256649610534401,10.347788844502356,8.347983478505741,9.339380389046438,13.202708744497516
10.117845285701708,6.642502274717899,8.269046562382401,8.920737705039937,11.857570664847374,9.36680050557155,9.236321738032968,9.370960574643734,8.85038339733822,8.700216381302068,9.727439366903027,10.119281887730143
12.439919938640314,9.435958211796457,7.816366076839174,9.119141338670302,12.262374693549926,10.353568030451118,12.838831869808834,12.767222326678045,9.805102448885163,8.881650353753999,9.799135743532025,13.207770589597066
11.451028891346935,7.870948485615345,7.755496373164374,8.884097285383282,9.912098779446156,9.116437317358617,8.718466995480588,9.8600211714659,7.960502561935096,9.748923651324503,10.218844741144922,10.25195688800786
11.830535750079052,8.763483247602352,9.12179545151922,10.242205749893763,12.645431230389672,10.996367816763266,13.234774299814127,13.35512984868724,9.947853807525846,7.959105626922598,10.365214929201892,12.550061798921085
12.35937902156642,9.38268392004261,8.001257996168672,9.946603688244355,10.703860743865087,11.48932564857233,11.494764909564188,13.050033016779617,9.976097158173753,8.833631886826131,9.40996887228359,11.907372772279533
10.671473420826306,9.347524273613283,8.801135336857092,9.951901309535783,12.743605539512595,11.617927150907917,12.201676471066039,13.789201617880023,10.270232322390669,8.562524095521,9.412065895183485,11.533451050248997
9.008162082242729,6.237457496028685,7.823602786507951,8.885851245329215,11.59215126879836,9.336656852085246,8.50275881432712,9.79567426749287,8.397715708963757,8.570416388688757,9.158692327011572,9.869294519167811
11.524847654389319,8.982100651051967,8.003153175707572,10.361829544998393,11.439167022603042,11.694528067528791,11.609698595341305,13.784551346112352,9.346124526544244,9.47422385731858,11.076137178117445,10.691647844134206
11.26737535355926,8.618801102471547,7.558929716346129,9.612675676215575,10.396725151336833,9.921363280775,10.101225750125469,10.201888519851025,8.57926824056862,9.332457562944342,10.465044150181626,10.294266132575608
11.335370604535424,8.759864450735108,7.6875500438505515,9.377902442308134,10.002341659555462,9.813027092446553,10.335268086083804,9.949902402054471,8.804433521651777,9.129079624645344,10.155989899144068,10.163589489547267
10.414263639484295,7.952942758263354,7.716844703678189,8.905572947112148,11.41437072060221,9.723777095833471,9.761001200452535,9.702940411272005,8.858951642224584,8.542824307071616,9.353861202922037,9.678035134187537
13.13771079573893,9.516451567634665,7.515691342677664,7.670455150221464,10.812455816791813,9.922003291004607,12.68296503944732,12.659150706347438,9.865198321053322,7.7701132806638995,9.188284526886434,12.905257104836132
11.1884693528237,7.626745548426262,7.946133470237403,8.916639274330246,10.137875003390889,9.496239752437218,9.65327205951144,9.554555606066954,8.220591893258959,9.250958451800965,10.260089702106566,10.44982911639133
9.724558577591514,7.881586337769674,7.653552780351342,8.927044908592721,10.721388787581228,10.141873258233874,10.501381609573933,11.555806495767548,9.176170204356094,8.464115213608562,9.30030471094562,10.640380000074924
11.713853297894126,9.002606110239418,7.569117503726814,9.434369177004095,10.553879589828906,10.311995949639085,10.361486152163659,11.734908110398981,9.267689389550558,8.545424298966545,9.31599455844856,11.069897957747127
11.230576013417243,8.731433733824442,7.630682001512505,9.746289721522214,10.587089724844919,10.844101543989453,9.847819260492319,11.600257737077966,8.916549730386528,9.00707628892798,9.311681352741386,10.139866768498724
11.842251556345401,9.988907392329782,9.373319156739734,10.071855899788464,12.16372388185091,11.863706100134126,13.512887342300969,13.79785688709605,9.769602693572384,8.281617425230543,10.478338918765148,12.238925393525326
12.550597093854785,9.183484840382269,7.578559058362715,9.818111367837144,10.053181379096493,10.675855693082394,11.203319147534772,12.82348234124282,9.332908581844611,9.505930733155006,10.174912380243693,12.260038544968491
8.890814693367425,6.42502002022019,7.750323006495575,9.645517696745783,12.265388936373714,10.276713570764166,8.791021600583479,10.935207965705244,8.625918206259755,8.77209084486827,8.947766559807008,9.982272768834534
8.945976099833809,6.650101945513398,7.680330576229044,9.597587154087517,12.250859422673592,9.989857308109567,8.527395966582453,10.752222558232475,8.49501469765821,8.615150813809805,9.179474189082837,9.9884135508834
12.161021288424344,9.135680508134254,7.652312989706632,9.538237885026815,10.747001845662195,10.316002505080627,12.074430602914127,12.358992388821942,9.338115145008253,8.616965514062935,9.719459301100258,12.504171057388742
10.77547555688986,6.8092423660803085,7.968289110003323,9.074332670854456,11.211594752720966,9.111606878203986,8.932790749672117,9.36600357993899,8.10660785418489,8.379330248305239,10.020519470317446,9.366263328886586
11.886554751910392,9.58984803913018,7.868758930873378,10.002935651637664,12.050591269431003,10.657959182621342,11.399984954014998,12.888809100428084,9.320650184048295,8.461375342125415,9.217022451266399,11.572193793821025
9.266661467308076,7.136981378345774,7.737781922935301,8.739549627713032,10.574032916381444,10.27839240283764,10.688882065502675,12.281165662932462,9.22580493318513,8.372000055061031,8.944238307188554,10.684457823336388
9.192971154546925,6.736592881462902,7.70093741269144,8.717746676526994,11.55029026178415,9.086451211555232,8.45056738447244,9.77076618166164,8.468708816287739,8.683497927866078,9.003150929429289,9.944917019994033
9.70471448177195,7.237899861375703,7.730295142250148,9.113464713514226,11.442068937224363,10.281588642267678,8.500697592337367,10.963249665187972,8.45639020778367,8.681721905082238,9.005834371388517,9.962163316937866
8.765309759246874,7.468769991392254,8.262143292824508,7.93277885839372,10.590743527173178,10.798050137670725,12.002219245212855,12.833898698749664,9.225723569010718,8.300887737784997,9.653938559470658,12.784786532081073
11.431414666388632,8.591677412178175,7.593216774950314,8.317744026591587,11.232019912209875,9.805856777189883,10.363069797876133,10.292509856198832,8.931053982598272,8.222500243774475,9.175307454530923,10.791641563852314
11.329739386992694,9.112788674903625,7.898341003472489,9.259871880671852,10.87499212704347,10.829234002901298,11.311246243299578,12.83114502627844,9.525696232150203,8.971710600953868,10.006443657360554,10.560245069865296
10.319343339362453,8.801391527445027,7.861603317009937,9.025272139138874,12.040635951028802,11.266519556467282,12.605681778168986,13.114304884157693,9.989968566294221,8.546674464844166,9.828821892192204,12.801464841195974
13.3292673614575,9.479360602783519,10.91194190788181,10.150772944441837,12.5712462734731,11.960686987723726,12.860661429100228,13.309885596077683,11.253579140756125,8.715344913377727,12.871711119122772,13.448878639354092
11.857471458115814,9.409564886173046,8.611398359293736,10.013145624554621,12.075683800875721,11.377176886053562,12.638984330549063,12.132797524710782,9.550819332752807,8.170757940664922,9.657738769609221,11.086481360556892
9.146439888150367,7.2957761784118205,7.664151171753911,9.614627950926307,12.328678955794663,10.22969094559262,8.691961478571912,11.127895978608649,8.639770414546694,8.937959713555674,9.230034489402993,9.940245619972938
10.11685618227586,7.815612237222769,7.896737422919179,9.387607505044393,11.570951708635189,10.538982503214607,8.88834760883842,10.983379065200415,8.852573504525502,9.06486399516526,9.979833968123847,10.03602351773241
12.701009192615176,9.415799944881147,7.7105839849061875,9.458752743826578,10.886291450882057,11.120831691137681,12.199966348117071,12.89164062107884,9.713461184675396,8.63825468700041,9.568561942051694,12.24333265252562
11.085685267473401,8.90855575710713,8.38105701099986,10.034642047829863,12.258645016799676,10.373447584966982,11.158508451072537,11.78609828812374,9.208056409160204,8.16524453306236,9.918846437241815,10.652076077795645
10.621469812162179,8.14023829974529,8.052801435170442,9.583705929683422,11.472754527562882,10.465138753269825,11.747083532640808,13.257537348827487,9.604765324451172,8.618986619844883,10.125049918508049,10.962837972852617
11.746303718888875,9.751585727984356,9.794620029796828,11.470762074388254,12.421781990536521,13.05534979124206,12.519264498016259,14.154773207046183,9.563149548702087,8.50450992495431,11.157940665101913,11.142257771589103
11.960981402484068,9.493348040270442,8.62973711090513,10.347301260731903,11.96551881063496,12.347197684767536,12.878241653090722,13.343003983935056,9.935706263986056,8.329029349501388,10.185941170125622,11.60025336635941
11.527884158690723,9.380788439800927,8.487797565328988,9.92476182099791,12.12096283115739,10.536437423821383,12.892742215543649,12.82505812553614,9.647762661537662,8.228873805325758,10.119367039430491,11.597025139915504
12.063211751263147,9.674232097845515,8.568171287353548,9.19582253683154,11.538730419079764,11.412230672947443,13.004938507151378,13.021586711433388,9.759208194839827,8.074457959678265,10.05900447760313,11.954499597039863
10.672633706335514,7.278174141877142,9.072153085152268,10.064694926654893,12.408043363265028,10.382219433302575,9.724964544245307,11.178351362240663,8.93026041127163,8.344740009062816,9.989195721576342,10.001412415852577
11.9516996347816,9.230403609605979,7.743029175436362,9.77728782595247,10.757364596083423,11.130025713063617,12.054083884255478,13.392478887348178,9.806717500184666,8.765168412439593,9.394824374094949,11.76307170434801
11.531337359397714,7.901605602135974,10.274744603230586,10.530128517446212,12.959784284122948,10.662021757533003,12.035791176293664,11.746066188717284,9.017459232870102,8.144271441576825,11.108459880280659,10.944150582419724
10.950969398760252,8.02185034558377,7.684883818633536,8.879703890476383,10.681298253005378,9.239215043272376,8.987250137204779,10.030878587294922,8.389535196216107,8.731505391351035,9.301614249799098,10.003639644519335
10.490866784718408,8.239179533184327,7.610492884037985,9.278166843026096,11.5858343455499,10.144419608851663,9.821173767623696,10.23137789529839,8.829348957015032,8.592332826268038,9.2128184996371,9.979814399117496
11.170062954721331,9.299215919134424,9.109312090666375,10.050393440268946,11.82340686513747,11.321343687100487,10.673966157572465,12.355505333622737,9.270259806423546,8.48601543608801,9.528855163908887,10.614468025423793
8.899246833928707,7.007221286064758,7.691224580121966,9.959236979016783,12.348550138010411,10.645239888950448,8.510537030898336,11.207607576632926,8.548519065632803,8.93501188124369,9.06771036716987,10.155735839627868
9.887323985218517,7.490572499887227,7.854135040138355,9.23874296739342,11.908251296813065,10.537805131416723,11.063536693931047,13.068357036794987,9.595630506780191,8.623169422383597,9.24268983499504,10.86158262905058
10.057619494843506,7.462548684977693,7.902831593418837,9.396697966778339,11.735361360294956,10.148498914143865,9.757672277961698,11.010459049316527,8.977308541212063,8.228002889559042,9.295258663077284,10.134376840313738
11.748590747927018,8.127251445648586,8.608759947442909,10.013646902656818,10.691252807750606,11.66921837196957,9.493738647283578,11.252056962387211,8.69493702677291,9.258307549248743,10.17651420034514,10.883093244606476
10.047463299086006,7.784311574655988,7.69528566717859,8.283916129177697,10.688004161152023,9.778766562625057,12.316385714858429,12.385405829293282,9.711675089443707,8.466207375825121,9.243280293342726,11.998539217134624
9.249412625319232,6.281787302854047,7.734636045076485,9.09247540660921,11.587422220144509,9.999536619360825,8.331939239154693,10.466126710055917,8.608456743345984,8.638617455734432,8.946613220339646,9.75246026497735
11.517743173814772,9.03814465701138,8.253729368576584,9.988981304998584,10.610768574597236,11.33435533878399,11.16882240644935,12.912027714984928,9.113411772126224,8.650149442784873,9.401506399328019,10.325668870816624
11.2639404531229,9.048153185377297,7.677111503674749,8.696899535004373,10.125925544246732,10.4860445990897,10.5107866675481,12.138899490514365,9.195539518309618,8.563822811323183,9.255725679813038,10.43229381709326
12.50598089070121,10.427096567325112,9.079936014038415,10.60743864467236,12.281040457920188,12.480104059206253,12.950774951223497,14.108405094514808,9.750305733213912,8.241366797143918,10.35763992201258,12.380945512267116
12.263774398228826,10.404850274253329,8.537248403677468,9.649658735956724,12.275851228074952,11.338724411721245,11.172575807580893,11.668793526021656,9.54066100152346,8.324234725678474,9.443984296677801,11.721513549612142
8.74695339069968,6.842617008496299,7.6062966134892065,9.551985463717298,12.248879901552968,10.129656496229941,7.969117582731545,11.43673479875871,8.52126427164563,8.89176080754592,8.921341532353914,10.20216611790544
9.969487146173696,8.083889236343234,7.724253882784342,9.391500995356182,11.148246097581616,10.197757399344564,9.488236820881566,10.691687556753807,8.751811865893195,8.430997428736896,9.121763641427117,10.06767681281415
9.681500855422255,6.644161225039278,7.834586152016321,9.481331408985028,11.62948708700476,9.99031250862497,8.539106671942276,10.38145007652966,8.529248062508746,8.578140623848713,9.240930336702391,9.627047656386871
9.827952522577885,7.787422852478602,7.698522042891186,9.299069622034047,10.464121452445626,10.499947180467139,9.990722015008284,11.856194444747056,9.01733248592562,8.496313176768513,8.937527014360267,10.161487832289705
11.361391803459288,8.844854619097834,7.891061986887098,9.23127947170188,11.192869731509997,10.345494879848548,11.116932503142312,11.92516261400823,9.271317064853612,8.605120821651182,9.447456878191392,10.393650795983897
9.73451875397186,8.30036366225225,8.426990308610375,9.623859825431804,11.682936140502699,10.660397553084806,10.133453819021826,12.368901642179361,9.101741301082981,9.212711228408603,9.177863216449532,10.663893503053451
9.08337852864907,7.509569406149329,7.9403138715323225,9.463229126842997,11.309598431693628,10.234394903755259,9.404582351882343,11.597561761879177,8.912094636624762,8.67334022757753,8.974037757693228,10.281579685993757
8.381125202540137,6.97104865222993,7.922956082597889,9.590903523282428,12.10781606162016,10.061026866279208,8.055740337313994,10.933732820644263,8.77769063076948,9.197556878969717,8.840411900773043,10.119625565921792
8.555692920587704,7.7574094422413875,7.904540446995114,9.388291973252267,11.954363098307402,10.261734241568554,9.683376253949477,11.826664789837588,8.826645722939045,9.005816207235213,8.91501158069881,10.448844425834993
8.75449193528474,7.938490354485991,7.73306537104458,9.408689044503468,11.734178946968347,10.301026341164578,10.757486835164103,11.932155949522983,9.496367270536753,8.701760637034127,9.060952257440475,10.997943092825142
11.878154434794142,8.650999251634657,10.135938927177337,10.597606870739893,12.58805774751279,12.124430454061866,11.68205511860873,13.28931744985495,9.835296276486568,8.273501843261846,11.211911761543366,11.410583723596016
11.656103581187974,8.58597853279597,10.13946182182619,10.720868147510373,12.932471712112468,11.74235364804655,12.312084481056703,14.032284134214724,9.717805560453144,8.021346547946363,11.331576087598398,11.495806814743682
11.474879890282036,8.642234554355735,7.915362924659718,8.904415161535157,10.273554924243781,9.952517284270362,10.359255483144238,10.685439376353507,9.180156849267771,8.853782179213802,9.747209626314504,10.594953347777826
8.619293676677666,6.2368097555484585,7.977758042463663,9.089329439912829,11.356185513755024,10.124805925554474,8.336656499164153,10.655781859328448,8.483825199390632,8.547674659356948,8.989806960065044,9.721601251425804
8.52725225341443,6.553298396355134,8.4474047224261,9.94364626802789,12.136401193379237,10.176778362518174,9.486113606402114,11.604911789189485,8.779063181487526,8.778757071458715,9.30577992544347,9.879914151489267
13.02476266550149,9.44120759338627,7.711332571649892,8.9747847966745,12.321251042584574,10.63098224609442,12.86913179724327,12.817233104498609,10.054765750906032,8.572116333099311,9.42770119736669,12.745769709423858
10.727889854561283,8.250383538299063,7.8674063880905045,9.328189529164058,11.895619949417773,10.28841574628819,10.631902832433646,12.459367312745272,9.284457002110253,8.34580914397101,9.503794238554008,10.152840792031789
11.713509810439593,8.979225799696659,7.554831079980054,8.376046863317345,10.494755171109121,9.948458719115447,11.529189879915592,12.45178908577238,9.301562817226545,8.365474089537662,9.243905433710953,10.695068510313888
12.674906315544192,9.72217252287819,8.68227354203581,9.708891145634402,10.66317963192982,11.611665845145968,11.253315604706644,13.068765265586979,10.032037294182796,8.69264711179234,9.651925998802307,12.358851424170513
9.933277348763367,7.3483163395462805,7.964368720080537,9.83719845420148,11.973313745013124,10.228741389504323,9.282923851840033,12.088709661131324,8.813011675466207,8.15831917323897,9.365080062277832,10.145170585240514
12.261965581142924,9.371792280302884,7.636212868073314,8.093526559559933,10.755490967707479,10.086978558843358,11.173873316542645,12.11405878329843,9.359067640969,8.333771402352944,9.359286006787853,11.218109907669605
10.269654836281337,6.915958698206632,7.9001933897672885,8.70245117719582,11.625412449014846,9.522564944971716,8.982851752776398,9.235981097535559,8.613095637964909,8.607865894872372,9.621784376933622,9.970628241767459
11.7747210174131,9.02767182080547,8.93112479112628,10.235765256784743,12.181003095579756,12.014773670674463,11.757027736397754,13.43337912202927,9.652713840909836,8.209366266837419,10.088248551525654,11.582156643236464
9.833919775207086,7.47100180789801,7.602375374574507,9.27374373763942,11.830848777389214,10.399749640829109,10.004342968479037,10.27560767147117,8.869018721275209,8.67328539039598,9.011681667769231,10.082594484295209
11.045708845244464,8.516667007313968,7.636483381616405,8.570685308333564,10.96179294744047,9.772654796581724,9.727570665960023,10.374908993426303,8.779935410952573,8.45249119810775,9.318840813923293,10.017753922186277
11.801554758054186,7.504867446356963,9.11642898203864,10.25434242765384,12.691681934349335,10.614687547572663,12.553507381852077,12.643346065111729,9.22846821202604,7.955306778529172,9.989075828379711,11.626703975111136
11.55991260878427,9.365687181999848,9.50442516244975,11.060511117482445,12.631004947148638,12.104794456184301,12.464666612308168,12.203671840791465,9.051105343863448,8.330364333530367,11.331033386549091,10.641580944687583
9.509688094321294,7.826801343288542,7.783498071283687,9.328117923437018,10.91108009199249,11.014235132098316,11.973180916793785,13.343058767924282,9.36216975473539,8.371222645404902,9.11685203107097,11.147379506584324
11.02373818918547,8.480978212328564,8.222540183731883,9.154220470294852,11.628255608254637,10.685013334379759,11.653188073063896,13.168251760540272,10.000452965894908,8.67263700279342,9.315022528729003,11.570766018174108
13.064688113046584,9.564138438983838,7.913781142675649,8.413391107368113,10.955735752612084,9.848496513614172,12.520619365765642,12.476219799844314,9.765690005973175,9.07107742502928,9.833355540645982,12.182489742100818
10.107993617353273,7.6706810464149795,8.15759159330836,9.78128165334819,11.73846965422653,10.821111239989646,12.363479184388183,13.950285118416224,9.396280585027661,8.259189244485357,9.839599809999603,10.341677595530825
10.255672054962943,8.659195942997755,8.559732485723709,8.842752601720965,11.131700711725568,11.39253030300347,12.74331495712995,13.23719333578682,9.477936503871554,8.301205826353423,9.186310420892557,11.96026557565349
10.53087005752347,7.537209767015892,7.978630351820595,7.622839147494566,11.731041905588222,10.059303553841522,12.946829757833589,12.293546143385505,9.656312709614951,8.588644459511663,9.024211543673575,11.927837027368613
11.439605216610273,9.11099653708069,7.618859097800445,9.143504180318784,10.30947687588404,10.939456640541483,10.58370947881647,12.71820895889983,9.444052478489661,8.721080705188067,9.325181406545152,10.689217269340004
14.14607188019977,10.072094367599881,8.193623867492644,6.744123475501426,10.811974616066824,9.907462972548295,14.103717342040621,13.317124294312357,10.386999163901093,7.877112765135239,9.51248175347211,15.337878893769165
11.069482882276677,7.880410811746987,9.115702509530657,10.373821066464156,12.453267989442107,10.63217868922445,11.980448052606762,11.816531231359903,9.014971468805745,8.01796396308501,9.756765671152932,11.17060400236925
12.009066140954399,9.512598363022612,8.029129904855765,9.346805558374983,10.893226759082559,10.419345584389362,11.142626900765473,12.428198970677382,9.357115550104385,8.725666126105354,10.110915433872599,11.473718253368686
10.094117372266645,7.692665592795506,8.185751196733344,9.847104387135575,11.763511597219717,10.627749121947282,11.136729357804278,13.760660837438548,9.334844077427011,9.116657814769768,9.623769113078424,10.19712435298956
11.53398388497505,9.01700411932734,9.457707518041735,10.957927399253855,11.823680335514082,12.777986926818611,11.282574141188872,14.09576692449267,9.297535917385217,9.735963416005612,11.178528678215802,10.954236970611207
9.314512218233956,6.254421769267763,7.934487881119985,9.559887829419537,11.502299887993056,10.418930041514434,8.892011160659955,10.56748108410928,8.565483352389755,8.530992991337783,9.112080950077688,9.403085156890592
9.860232868786271,6.5655373625881275,7.9373184992140215,8.796387629538991,10.64945377474562,10.074391424779787,8.869818171267147,10.068518939038407,8.51630170336075,9.251037295586032,10.251439478729484,9.910530065959376
11.632477441314455,9.030446130612157,7.6530638626174685,8.66035848233614,10.321844558271472,10.423369955368198,10.378260084547323,12.072428436052022,9.203974699052694,8.423979240729727,9.238054370299414,10.903515402889745
11.341322759518773,8.764676748625918,7.574865539450058,9.541001853757805,11.412948227097475,10.482469364345405,10.079004906340412,11.470722232123562,9.012710710722146,8.457378957884673,9.138453080912644,10.820438569029175
11.243370359801723,8.819131153211503,7.524235844852498,9.14107275638604,10.336108468448202,10.560295502695885,11.01555310102694,11.866323321605579,8.821117931898936,8.985894055050878,10.021288648064619,10.271490594506847
9.594097721242289,6.060624472162867,8.001921348248985,8.947688714184508,11.680841244009438,9.048074204264477,8.782154613700609,8.705239944215531,8.195559436595094,8.273493373836057,9.495853899158204,9.133683149711178
11.298666561548526,9.174782424440286,7.762095320495905,9.031697373402723,10.663137597748381,10.53262190048714,12.139089954535953,12.665418387888378,9.442224192139603,8.421203535642954,9.300830761032882,11.389027943939551
10.900303841326405,8.418622736961852,7.7807274710987455,8.362350327287844,10.647060988998986,10.241748736560313,10.309861957711373,10.524252847436223,8.964675311211963,8.463829532716664,9.245742224842177,10.077192552077094
9.576943666002911,6.814290931159315,7.64650520711163,9.109891625388896,10.869766317597351,9.984934370482906,8.68189520042987,10.249355915785248,8.417103666999564,8.651477967510836,9.125555227369135,9.964140484369059
10.03422309268904,7.670499503687035,7.6153982052440945,9.242556268048656,10.669843509631505,10.107282119179619,9.151019645818375,10.445712720782103,8.56535880144829,8.702712769365341,9.066021307702385,9.981873150302977
10.29466543881322,7.954919408494169,8.833339901791241,9.691810518821384,11.339399629941672,11.059119696948635,9.663695856919995,10.754490568000593,8.821584212576292,9.184123988299435,9.990152661888093,10.261894062682591
9.659421102822677,6.035148475108994,7.954364405645143,8.459321420800723,10.46381205500017,9.429903359226596,8.685090634752969,9.29326086635033,8.519110428006249,7.889408779405696,10.050418713012201,9.470438899077216
8.751027251878604,6.369069831050608,8.321520326597433,9.071994016378286,11.232409751124779,10.250879502417853,8.851531063670125,10.55197211625478,8.74496574693304,8.664968511848413,9.11816273503388,9.96480138735645
11.782812284808802,9.605918809553177,8.303899404567039,9.867653774326817,11.810638554114664,11.935776667733693,12.246999396967366,14.135800064121632,9.835021862315266,8.211120639249177,9.695270356029745,12.869349955968802
11.650641282050705,10.133200456174949,10.027079673124886,10.628681135293775,12.425026400971385,12.484200599797278,12.878083135428504,14.243476643403856,9.791113598436773,8.639639349086313,11.768283287484554,11.596631197097494
11.850715477294179,9.324546940360259,7.881353414428881,9.244974367840816,10.795974129276583,10.244162820244624,10.322235534787824,11.873889882384155,9.402879566471707,8.901065878040843,9.465394814414925,10.692994426776638
8.40768106154353,6.915354636245964,8.377186581218648,9.340902922611583,11.332184865972467,10.322204237940115,10.177240197436186,11.736396482473868,9.321518016281948,8.71660619978073,8.923865758220165,11.203142457371118
8.734346396774823,7.613518211098685,7.758991197691714,9.193093834133771,11.869250850402652,10.227924224566044,10.657750499862612,11.905469891897662,9.39397950273562,8.888148818332324,8.954313397186164,10.929976891904332
10.008681015195327,7.571935323083306,7.655643115192421,9.435884403573409,11.601769291145702,10.548126473472244,9.56470294763259,11.017437998343055,9.18886194384732,8.62565936548257,9.04907878991624,10.03871443532131
11.534538410764412,8.876910316109164,8.001123221180846,10.088745661892776,11.510829093155847,10.879021535431894,9.749291796671882,12.307076612048153,9.042840514948475,8.9263258745834,9.513907066479703,10.132584651253053
10.5302344661484,8.280346126916754,8.071566191304274,8.896981600770536,11.055773380984801,10.121395660476304,11.726528042686434,12.53185540460092,9.699658223439647,8.432523239461263,9.268140994978266,12.255568154180148
11.126260426768015,7.573378356474206,9.051271119315906,10.175346258276745,12.275726226917628,10.547842825497504,12.663950084505643,13.163539050040507,9.072542413246731,8.233440761175775,10.6605505403788,12.3038029311767
11.604789261717176,8.902343220533629,9.793050430452992,10.464256895719865,12.708170215743717,10.92878942055093,12.073403394637314,11.859997222453632,9.18021837754972,8.328172459256146,10.823626739505357,10.832122830929904
11.25661171665729,8.495985460365985,8.00234963608436,8.626773559427718,10.723733800340037,10.285908173866655,12.909880135284295,12.485196894183085,9.76859613171143,8.183210543925664,9.377669930751944,11.204387260036249
11.430032574233566,8.970910703622323,7.77253595176466,8.794044279205657,10.541664442598226,9.636156084173868,9.7325791946967,10.193947781088657,8.949552630157811,8.953673880620746,9.459673711422752,10.314813481254443
11.042269485946122,8.276223036853677,7.8341075530754445,9.555522455010163,11.1622953337919,10.276395450997315,9.43026109647766,11.006816305052734,8.502824188301345,8.737484204901039,9.492881419990914,9.884733902010261
11.51434234735479,8.316700533434652,10.156599394888701,10.31069598541012,12.510973775293328,11.759582686880702,11.960257811148189,12.284010363966186,9.70343146082855,8.201926504919527,10.822231213891612,11.228680199542703
11.944507137458269,8.422156134346148,10.321484919723023,10.502552013261866,12.42897953998638,12.14186469853077,12.525864736010018,14.460316750429516,10.515526055675139,8.82620446729205,11.674942080988119,12.11709714742345
12.202411242992088,8.474192870092013,10.35143676665553,11.753260792235539,13.093834674988038,12.49248149346662,13.532295486417734,13.556606162207311,9.620237100532597,8.435009072058156,11.249484407635796,11.33612707960221
11.69869488858734,9.187985027814461,7.730101692527269,8.848044251551897,10.622356959687934,11.109581578579391,11.790058442672194,12.618563815963597,9.6421546879102,8.455783763003978,9.250070750311082,11.413567811510896
12.115274482628278,9.43764551736295,8.981484767599708,10.241216523154325,12.129708301147417,11.846459079691941,12.837748089331074,13.302169220812422,9.506150360195738,8.424298993468737,10.146660964831632,11.431604054397793
9.57472517504164,5.971070141226499,8.074009219934439,8.094496977319615,9.333328978821628,8.905468350191619,8.712945863753925,8.61450967559573,8.157169207495864,8.292758921964786,10.19871380360447,8.868036851533505
11.89687309553571,9.036391359747626,7.751983926179339,9.502071369632853,10.655181850274444,10.19641962429135,11.255583396328474,12.04990040936969,9.307202594267904,8.495468872754612,9.630305262342919,11.34932445834469
11.563918123599638,9.051527054732292,8.402613636732315,9.43300301954195,10.813175523507507,11.385472817331584,12.089597162664418,13.585594038514966,9.218945864034877,8.310141845539993,9.624022380689599,10.695827930685319
12.015732931722498,9.730676534759931,9.936487921894388,9.98260119153178,11.828647816478354,11.996940407566452,12.609794920696155,13.591599891475184,9.981354237508752,8.438429537272642,10.767389776500055,12.322182762770039
9.712337295703156,6.342061374519301,8.390427419305855,8.489382087415208,9.640469974020625,9.800543762090301,8.993265284499852,9.260110310167864,8.336770351790046,8.85265010766342,9.892811860328022,9.801811187878839
11.481427426566116,9.010396644039593,7.589509170604936,10.335878854506612,10.578328399864285,11.19579065540374,10.50965973721783,12.606747400188084,9.342312754769242,8.782827649630658,9.626558631885786,10.869775835258146
10.644272201458516,7.73721208358424,7.559750967652664,9.924839172246207,12.151862471167888,10.784769136354347,8.62849318893347,11.133922219422894,8.582198038252196,8.932265169711888,9.124302298166086,10.04423381050411
10.641019186529201,8.462073303930287,7.606655863351309,9.094961355990568,10.95842736819223,10.68039801849652,10.66248146296294,12.039832719137443,9.38135504530987,8.565881982278633,9.274339971850377,10.450898315815136
12.272433096939569,8.872773009156816,10.105035709525835,11.199981830394506,12.48597091109589,12.576351329101922,14.414664860259693,14.622179431365275,9.750806738617229,8.705325135416576,11.648218965819664,12.673475406617282
10.867322724640548,7.252693430527373,7.606510256979242,9.825961658151133,12.115375696621799,10.398275952766255,8.68917883592478,10.561801482332134,8.485391925580016,8.845599440529806,9.189430952952822,9.82899954318204
12.292257667070153,9.187994368118687,7.92399695995159,10.176333310568273,10.695698160614654,11.675982098849962,11.076642175283915,13.500170032592717,9.493498922972663,9.663238933805083,10.625653330252792,10.819379223404784
11.160501482286596,8.765084294319267,7.739955906051679,9.655341941041947,10.473756509892494,10.44561024091055,10.764995389741399,11.976053699759678,9.027989218282734,8.70000494140059,9.309811838687143,10.190945410752203
8.658119415026478,6.201312877906752,8.114120668679444,8.497141166668428,11.331654980789489,9.937031726106879,9.74666028103664,11.747525017877013,9.345219877385256,8.752914995447174,9.136356102172034,10.074876384135239
9.967801167838314,7.482949393781908,7.668534702190292,9.035753415256746,11.257510795688995,10.067904092293755,9.95503980451823,11.073238633591343,9.026019104114228,8.187023301707185,9.20137962120814,10.224475688069768
11.180715277196501,7.68897616598266,8.006286486260928,9.76863769637305,10.92458513721992,9.857891536712998,8.992635795231154,9.881210224588926,8.240729669897297,8.335326413511725,9.725691941048712,9.524196290555748
9.576830769320981,7.184132896420036,7.816880006206843,9.212506157650374,11.556276780931004,10.064329244612612,9.8451179348508,11.132638672851856,9.081780799318024,8.193047144210674,9.228646670117241,10.12263326686355
11.970342393578553,9.602788256480434,8.975956811763234,9.602331568734419,11.83579108197816,11.36305901071375,13.050221345376768,14.134586223657964,9.818295053616808,8.4227762078444,9.822096606723322,13.038066564417798
11.71186102200497,9.05080494202798,7.742778933637201,9.796760408687843,11.232196388822992,10.811823286644362,11.983858527671511,13.271813862626596,9.193132302539727,8.927911403428489,9.630250001879652,11.481211017007293
11.779379859435071,9.239738472300802,10.437832552120813,10.29980539637882,11.981509807474122,12.395876241166933,12.689905675464432,15.116337252462879,9.48913065256899,8.653296046998253,10.184277322254859,12.86130380039632
11.761556841977283,9.12626508562799,8.691791179089648,9.63794005846565,12.090462632399689,11.372971142954974,12.416387786076774,13.875136341778198,9.318522030697997,8.25432062778008,9.14166360955416,11.32148221849754
9.580420899481304,7.716626110868196,9.779876432296673,9.769291717347668,11.986309127450289,11.005789459658374,9.55897567946486,11.154840924969564,8.906177288581949,9.848693152464772,10.06733245912161,10.604727435593567
9.952791785885209,8.18769668446832,8.468574161320067,9.363469432551275,11.173774151655337,11.008953874346094,11.725734661065117,14.079362944255069,9.262885428917293,8.845874136857239,9.67129448520344,10.318494126192162
11.518299837689048,8.101621010092147,7.854777911104787,9.24281635410416,11.806562688093406,10.271552963631937,10.622718354421652,11.136774833264804,9.224974209638557,8.172105912627442,9.935221621728498,10.13689330063613
10.85942881307624,8.472836483765317,8.552964755849377,10.163417937121421,11.53817328599001,10.625134863169517,9.634986968935195,12.75047641573231,9.327854214661146,9.376904020743288,9.323306489097831,10.38388708840167
13.940811078783858,10.347004260839167,8.847274137044648,8.812707255838967,11.770198644153306,10.829340929309122,13.686872767659155,12.95674007017047,10.10620877885367,8.265681416173312,9.890926423357943,13.095668482806031
11.613573445876957,9.628753939643161,8.376830754469493,8.967665578906596,11.622437935106962,10.572242473404161,12.196154758486594,12.915604765631292,9.729852438362565,8.25282612295802,10.052226356005178,12.067338560477696
9.399956346480622,7.757986348770934,9.297724180260966,10.315800851958189,12.641295302859561,11.040077821123566,10.66049578727007,12.11108711865446,8.86183377954311,8.866122341929383,9.938980242850874,10.81518120577421
11.845238472994627,9.446767684713615,8.429016605986316,10.833974800246997,11.07700927984888,12.29522509232639,11.525612177631446,14.2732164950222,9.805872134420891,9.363280120852602,10.567564247056966,10.228245588065121
13.21753099652664,9.934737171884283,9.61165547421947,9.877542917469686,11.37678614934217,12.226462317817415,12.223246920631642,13.628456154806502,10.251904179797073,8.981900117561308,11.438868654958915,12.625516007242664
11.953867583595551,9.927267243894507,9.832646301380036,10.16018558070536,12.328798534490812,11.714650775639397,13.91024106699321,14.667612678087156,10.13719218947228,8.582066811075626,11.235584812730849,13.678493368036316
12.174493408602023,10.18535235276373,11.698371488271778,10.197794755004633,12.498550060780149,12.365465130577535,12.010781158374622,13.094196234295365,11.276153991612722,9.485225194699126,14.728980728072308,12.601239734520266
10.817215865618959,8.775801826929527,9.312601901328884,10.214123488229342,11.665218923082124,11.63232624896533,10.790093149493886,12.851285488719766,9.534084875422355,8.392868077050231,10.825396802136957,9.851099870425788
13.51826483586191,9.400862423710713,10.817910972127306,9.804967188534125,12.426667120072802,11.389493393831879,12.670307155906578,13.10381968456989,10.721902970970564,8.190503573027675,11.882516238776324,13.957318686498226
12.982483560652145,9.30458374031385,11.465791195269155,9.514370720199379,12.302327513050658,11.545071840271882,11.509069482909178,13.14770541818936,10.733587823477855,8.981758635024656,13.838419483202943,13.19041124632697
12.15634828364728,9.557360256809776,10.527974231035529,10.851509297277508,12.608567700484524,12.14715045955429,12.70184878403921,13.435893743158385,9.802713997138866,8.13426095607217,11.67811436469917,12.302383696083206
11.68844714525286,8.95117665408222,10.878885676224508,11.587104465897683,12.873703224185848,11.768916547135664,12.00607687066798,12.493987392457061,10.981530926721383,9.19362179670816,13.081944330467046,10.37256749142987
12.358576686980044,9.778976151007964,11.085558040712298,10.24817705379935,12.699202452861673,11.772530529193581,11.491615137758533,12.20978004490059,10.983193972745003,8.675235405004404,14.449451919326545,10.540279721214578
12.213261768170101,9.380310517386654,8.086436103202919,9.615773232999818,10.957206262804426,11.204158957845431,12.141787352275555,13.484545117778264,10.135378990557898,8.881036188897896,10.077096712494248,12.229651854334382
11.246500040364237,7.9569499529662915,7.600826355287069,9.878183654807568,12.41789484385256,10.924161456161633,8.568145894825626,10.941583222547516,8.386611502807854,8.97155003704658,9.190782532576339,10.218166535203471
12.118169676077658,9.616206448579474,8.989331906005685,10.259875982518354,12.1556645086642,11.291688440705627,11.452053977826546,12.484973923803741,9.205443270993758,8.191015870798603,9.851193230248656,11.441231455862315
9.805325989661807,7.348148538908242,8.276687061392327,8.168049991363183,9.944477268643146,9.574909807541582,8.978397714266197,10.266788688362242,8.799334382055152,9.673253488744281,10.628255994481233,10.291301876922173
12.545482546145058,9.36748727684971,8.616302071189295,9.403314935498136,11.722924274350081,11.326989238246718,11.282703311431485,12.513938686787164,10.439593723055438,8.787726528682033,9.585169602849321,12.03556167836034
11.24963250648052,8.37981565008255,7.718411788123522,9.735770316622045,10.870760757881902,10.011633388214506,9.313496230933769,10.868693740963467,8.457933770450433,9.194702415908768,9.97152681902795,9.976043197853786
11.01271570061544,8.51790523874693,7.759457222080725,9.604031490399752,10.975919694717636,10.45349896389845,9.889771903365927,11.42586868941321,8.811479196753934,8.490971915303398,9.365194466487573,10.10689321210975
12.489862466648828,10.002054138058382,9.565726316005199,10.270378707189298,12.03760814143817,13.114758098093299,14.273960251619382,14.404789977518618,9.979853889019706,8.45044235017059,10.439640439291123,13.228980825615096
11.320835433182532,8.759129566848621,7.821139218010268,9.473575403232031,10.572628175300677,10.859372877241327,10.231008106477102,11.460116279841658,8.904248276207017,8.564818098254277,9.115217848188777,9.818249799960292
11.448326188947902,8.183592504896419,9.163297100078928,10.961770302569875,12.501599173159688,10.975715259703398,12.248895868375946,11.684364157692807,9.115829741407513,8.708295374937725,10.170149478048268,10.7948559588252
10.615164411456238,8.21692900603694,7.742705744540073,9.67179437179897,11.309231870479568,10.734312978832387,10.207289608942837,11.892178160290822,8.922579389464477,8.671699079088594,8.958059329097255,10.310123073880469
11.589476097627633,8.91721735878116,8.071405340316733,9.229146905827806,10.560015810738026,10.305391120282723,10.43052811786377,10.862098939642097,9.15072423468871,9.129859374799226,9.455464798680266,10.670467235511506
11.870344930506297,9.84839644627478,9.966633429237806,9.766218135819571,11.645603954968061,11.686216564296785,12.012097283321824,12.896926591528722,10.370205760926053,8.675858001156621,10.06837313914653,12.16789975332493
11.229430034068352,8.882156957885803,7.711494459287769,9.479460954591275,11.772035800811759,10.25843749164496,10.443025235966537,12.247892731555622,9.328136600827824,8.353389657740532,9.48684949469193,10.346755086245782
11.88358777549126,8.843373220692401,7.624057293165732,9.698948071350612,11.018746682738918,10.560388822435073,11.700648376106562,12.90315904199067,9.009799938062832,8.988927727129747,9.785056407232226,10.940708289142586
11.37224710138632,7.691305884140998,8.982348403005412,10.780094759590758,12.442466040251656,10.747521070865014,11.545015169085348,11.896806285028216,9.131676221161825,8.395950900083667,10.40354794850519,10.41068962447907
11.543414549296097,8.07461629926046,8.171187334345868,9.022786288543964,10.191806984057001,9.845405290286392,9.021247363960187,10.369608248861171,8.400843446915589,9.099763345986121,9.857115010943966,10.808986954432315
10.993185473307198,8.76659839422062,7.639828512439384,8.444663363963747,10.736926453332647,10.27850001599119,11.637494979107517,12.624268133588663,9.619611247760185,8.189140270902804,9.21773236034146,11.127139939579855
11.238552185492173,8.520630074876653,7.414937186250997,10.069393769680353,10.343741970464658,10.110283620026657,9.42435870302108,10.902845729650444,8.505767879879224,9.989231816857174,10.002099170791338,10.16716823020938
11.040475641609804,7.589760799330018,7.825249107950896,9.332340166648107,10.616507268284462,9.2342933694002,8.781888323765235,9.86696958837597,8.02727651094977,9.498197861905547,10.14842631145001,10.115590957224992
11.193064618691709,8.896540006420345,7.798634975526605,8.755703487919137,10.693031335895443,10.218814989844432,11.033820152060505,11.696152050635552,9.39135888695384,8.392236414186998,9.186231442911135,10.552503407054514
12.457393098356901,9.236719414213155,8.95144595586979,9.784967061714859,11.598185783382979,11.065269734015537,11.6603477458974,12.80965854099306,9.737271872029135,8.790438130421137,9.61346281844775,11.9563316170254
11.069423176610465,8.900691694683566,7.827276723799253,10.20112725259308,12.76293295335197,11.28962839606699,10.87728755728312,13.124638889314733,9.188298454559181,9.017497752978546,9.341505270367916,10.950036118184034
10.351984808582044,8.47185160443002,7.629007487208565,9.257943102183043,12.276836480804683,10.858759908114676,11.0271393361677,12.194376776708658,9.254048397274737,8.859064726097786,9.10339596711344,11.41820175877749
9.990714070406478,8.050266595305144,7.618332067020011,8.436974817384707,12.127643868751838,10.172749505802946,11.276513429476665,12.054307753179058,9.283910592888063,8.569907116265448,9.078356701553826,10.866922389768614
8.52953114498152,6.405995986215347,7.862387470706135,9.451353251757721,12.052249050411563,10.120872469024556,8.21851924439213,11.358655272858206,8.654377959687029,8.755692835597575,8.883573353361683,10.161682235050902
9.753907316843966,6.436574174082791,7.932146713255282,9.321478870465734,11.704747607430795,10.171548157817467,8.729543667414982,10.51995715656561,8.40171807627808,8.430803213040459,9.195445209965262,9.732546457921215
11.36260925151397,9.011143798513402,7.4339534483638525,9.96704298907193,10.870027762264062,10.380990164822117,11.634093518974938,11.664795339546862,8.748759617281936,9.412601652270212,10.285739239902046,10.636176369071642
8.68136789838199,6.147329332697054,8.49121406727261,9.014844975054041,11.481943806014948,9.817865582738792,8.605761205027218,9.988844517351122,8.782169108012077,8.752122905342489,9.325804703910096,10.033866163948115
8.950109349190399,7.773040001224828,7.974741795462857,9.325095083058,11.780743142742267,10.289111902595039,9.383471564640736,11.88788720176127,8.865751193356559,9.092654139689403,8.940304749929831,10.15486123840829
8.50732391295478,6.677022722049935,7.916272138190248,9.444526639036377,12.044552467813968,10.16370437589069,8.782147327861296,11.417558567545697,8.776160084840575,9.118115568504141,8.993046484774862,10.254273368712166
11.235354792746165,8.699211671589147,7.511326911914122,8.662779431329739,10.753202172177469,9.678910210915031,9.86242295946425,10.291613878681243,8.811421478380652,9.018318008371443,9.245352190417536,10.532547018470934
9.594166739321306,7.337299036774842,7.847251100497756,9.72940486236185,12.046268368204483,10.58290909074203,10.096455976500009,10.489778252961603,8.913352995756048,8.183472634478019,9.395320559913547,10.240857707171111
11.908084925485552,9.23074485042176,8.0356896523767,9.725080269229622,11.966075044776774,10.547693774577256,11.222674645958234,11.657373712289651,9.437475314600109,8.26132769015079,9.198235082644977,10.873126632739922
11.851198124427844,9.147288206937782,7.793155069068554,10.034767398505378,11.527607026468544,11.228155260109691,11.798778730866578,12.926222255883054,9.36684937937186,9.050703898821846,9.35198068142277,11.982381599321304
11.1853900777474,9.424533934179763,7.883816155459452,9.313087139737661,12.149308391693216,10.171606993743385,11.407118517647824,12.46403634070578,9.48184588010866,8.574372107478313,9.119062033364065,11.44308433488199
11.534614887681693,8.750672154594527,7.646091553590101,9.74753355467555,11.826262162269563,10.742351301883842,10.708779690556868,11.757588058937742,9.217466737327273,8.607525063685591,9.154502383987689,11.420850798403603
10.000395054409472,6.262045468455915,8.057883526714388,9.081085291824769,11.333699122384688,9.662680947614968,9.238736932339163,9.12661450584611,8.235052514971457,8.358215246524386,9.737604168167387,9.326859979217131
10.45766834456303,8.045900316587472,7.537700944118039,9.51582639614216,11.95363046134025,10.290244581753882,9.157135131250998,11.085083120553195,8.652018528347806,8.795832863936482,9.182026852102682,10.318781850553307
13.504694583640456,9.510330337609497,7.6882445989746655,8.303582147391493,11.18794016679131,10.338408374116778,12.38240015182777,12.117125112263942,9.771805083033923,8.606198197144046,9.368855956386717,12.171069020267892
11.953636636478038,9.096782761572848,7.648932602989333,9.409673402138656,11.199029179791737,11.247652109442765,11.690322702774118,11.990253661702829,9.499111749427502,8.709405374250077,9.245043374356023,11.414945155218753
11.184925491763329,9.067869990039645,7.803294151738399,9.092030891946639,10.668376309085609,9.76011158101896,10.761482925284712,10.021379065265332,8.97290367170211,9.058787635860847,9.621330313451848,10.703449972357939
11.5498711875161,9.040160896843524,7.6993710452640896,10.142066426494553,10.731003103406511,10.906774621262882,10.961562818009817,12.48179596243918,9.389243570972141,8.879544925622072,9.287325384593254,10.420985568973421
11.314035030242321,8.424053585838129,7.628097716363868,8.613472994081985,11.595513824665705,10.282773516393576,11.458761448976594,12.103501496073555,9.284666127992919,8.221068780728828,9.218945494587082,10.774538971469775
11.122881627510028,7.707705969384452,7.774861877217432,9.320894607412844,11.549351876104936,10.059475454591992,9.00491125187987,10.664123271795225,8.39136064325624,8.50679743710959,9.227931060577063,9.960044695890579
11.225923827962271,8.8307242693058,7.58378473339944,10.36603905447306,11.0045642660066,10.51125048147938,10.144412605119163,12.259456291938703,8.774211380553504,9.580202217725626,10.089893210076003,9.840621843494592
10.970524641592299,8.579799001468926,7.8973821584158745,9.708655738624481,10.70647390447379,10.75965401397633,11.478606899866582,12.500137546495122,9.323874058002616,8.519726485183371,9.81913803697315,10.863786537052743
11.579355675354153,9.368069971907962,9.571043548098656,10.498423604622495,11.883503900502166,12.084358001667413,11.41646257462688,13.603954925389782,10.014654010558466,8.955790202310869,11.026642158349045,11.259728093819616
11.366799351393372,8.870378360775463,7.6048420138995425,10.671455615516445,10.646721871038354,11.827194317248441,10.475374220333983,13.619702252716637,9.21207477251709,9.060245942384066,9.964066814721756,9.996482154165196
11.509265617030659,8.867019691329432,7.762149234773815,9.736564749188398,11.008541530204303,10.694170974961466,10.995015494798322,12.021094768080799,9.344589590118591,8.511917722000216,9.254385337821173,10.923286728473105
10.46708361497995,8.0915785390102,10.101641775751114,11.240158700890278,11.612368995977025,12.26596723245935,11.692646991707825,14.191132826205457,9.696218115795544,8.439210408505227,10.650934044387416,10.72012857811233
10.313411599225208,8.761647728172823,9.936045323677114,9.363746075400266,11.012943304395797,10.449637131760346,9.967338358077761,11.710209615044237,9.424237659069433,10.029812103183597,10.93072657408863,10.892456329787239
12.18035112850128,9.352159403115778,9.548157873536148,8.81454913285955,11.211159268941655,11.786255612855717,12.624430651691004,13.68530391817427,9.041587383868915,8.721669058449626,9.965618920949193,11.836493735146162
11.90634938462715,9.489270807179887,9.615720939726428,11.604029066921424,12.75356311288026,11.860052195798838,13.993462633939416,12.564934969997317,9.451511160368458,8.30978933333846,10.877585737799956,11.838471566089412
12.242785238153752,9.58505654102264,8.58344412379575,10.193851818820184,11.380957448207859,12.042802984188588,11.188908052936817,13.18092551279031,9.828661312053415,9.28186739574141,11.175777307410657,11.576698671726886
11.546525006164423,7.8522573464053265,9.420301193300627,10.464510958669944,12.710987102860315,10.84763108545853,12.72926854205061,13.014547023499654,9.445688304540695,8.402864746346728,10.754576446155816,11.779805907038337
13.136234460638386,10.627156234342872,10.016310642808296,11.514899691831141,12.98153351357506,13.818539046806736,14.044351638473533,14.085284365709036,10.214298209547248,8.5747801195415,10.937884813557151,12.118531187956462
9.545733860858242,6.593408534709402,7.798733908481907,9.588560799306284,12.094480094968795,9.969360573381607,8.311391014286784,11.193696845313418,8.522358002961221,9.226650050535557,9.364588248769694,10.127610554535794
11.953159967939339,10.319198000930049,9.210470994262554,9.840144581595533,11.823173707889671,12.291747610193605,13.225010873990781,14.43409564719231,9.775973547037287,8.212699740132427,9.673742910340195,12.730642283220105
11.714285440806126,8.795704907892405,7.779918617116318,8.384579226504947,10.55464075032894,10.131170645938836,12.590512370267456,12.515183578456174,9.60813530570175,8.504892310830249,9.503749722043608,11.041867473470742
12.238483409600931,9.582056159253328,7.720933651999846,7.490620622279669,10.525301959072978,9.591639465413921,11.912941443348467,12.103613970921241,9.496887226381663,8.35770381252816,9.663103466881605,11.422634744268214
10.929061781071166,8.760299976044122,7.670375552931662,8.82494845464891,10.906292003909538,10.549129481914914,11.501948748236618,12.330362575321276,9.347135768405112,8.356326799675019,9.148556143130138,10.592861545805711
12.046493566935427,9.762608676648439,9.285494398277704,10.13087865913947,11.533791812727438,12.092314153956943,11.418740724815418,13.137181275063805,9.735329950114787,9.164097335357566,11.46529620259228,12.019554649674822
11.164780643452271,8.789119942529847,7.7205823901967365,8.612842039227907,10.97971322453001,10.437679302299669,11.844272491434564,12.610544810468669,9.805743031066452,8.379446853556006,9.576623934226436,11.16029090825796
9.668455495069583,7.674317608626854,7.661244739346663,8.501495007059905,11.357160355231454,9.966899631039716,12.33469707438562,12.143722184613766,9.986709625806586,8.36758414693457,9.342482593808718,11.328360306089092
11.446562801708176,9.24874648513,7.817806758338306,9.165974373807884,10.5930246911159,10.359644482451104,11.108668767560815,10.390444253977101,9.063801243784367,8.61576083957599,9.469435740765993,10.479251428031777
10.954856639596754,8.127941711205745,8.33497266850928,10.372648005960434,9.82652029436448,10.682730665799394,10.477842732738043,12.200435374836237,8.52633897407006,10.130716466163113,10.367896410270342,9.847312662904331
11.669482910514942,9.791774216323011,9.62095596726522,10.49028749757332,11.656567062145603,12.274673750497026,11.540253823657977,13.700798962268264,9.855801042531674,8.905300437666984,9.867243970535679,11.478356524937913
12.382295492571357,9.016214341808285,9.05337440766349,10.37118258901259,10.105795608899655,11.787242502360787,11.365444811195973,14.481711484219062,10.126973615931794,10.561012272535091,10.970789279538208,10.111805947195235
11.658896512124963,9.982437537598445,8.798165356445633,10.25832553401687,11.638663526278185,12.127304636758467,12.633754299955791,14.188593092438362,9.822396098273375,8.644645872268196,10.0630336075474,11.376802515555328
10.348012780929361,7.764445084187263,7.690203564091857,9.461865903365625,11.743451582451987,9.98861290849579,9.499706326811669,10.110259168790007,8.660850141017235,8.650326397315155,9.206314813776146,9.894986741819526
13.316985320916206,9.343269232960422,7.871129838628185,8.586001822752053,9.499373092093157,10.499429104228742,12.010660178620132,12.718024762169973,10.161861208316823,8.601412943217515,9.185448806853737,13.10337069926145
13.1211920117103,9.571464799627266,9.51229950271839,9.883572555810202,10.233975961227188,10.563477959098714,11.730657742398046,12.298088660915948,10.202631363408884,10.056313488094272,11.050939833404776,12.34358505951402
12.036082042869685,8.964984894957649,10.64676700776381,10.533876256792558,12.637624196478148,12.086096402673322,12.610271652302082,14.382403299109107,9.9001352048284,8.318052818290575,12.290865868903513,12.702570108943968
11.546526503271735,7.99164221064244,9.07076882706875,10.861008940887471,12.523823985414964,11.275478197953076,10.454256385690526,12.000023661694815,9.1904013428279,8.195424108172235,10.008797725724564,10.581585008152338
12.552709070615855,10.416186561854467,10.194755117771265,9.911677407776232,11.535105615625348,12.26800242337823,12.108214464291834,13.575722093797513,11.244604499724378,9.098764268551468,11.850222442113175,12.889153815052019
12.020250205477991,9.340338358365834,11.550373086343644,9.670355238579015,12.404953889109999,11.844313677852137,11.188845709070218,13.167045498185086,11.9406127480512,9.358343358176425,14.711619907433548,12.14044286070563
12.68714331026603,9.988322959474326,11.482363823825493,9.695159946775297,12.529855139211287,12.139539171692316,12.857233155214383,12.88857822865747,11.941977778376087,9.351775038169041,13.607455464015484,13.253438695230493
11.524216557986659,8.949210445448319,8.746378059640254,10.743007287658529,12.751474648964663,11.262502722151797,10.776400000946541,11.696470737445189,8.70611368043713,8.511546850218169,11.374354909777956,10.563334697361357
12.352060387974975,8.491228098687465,9.872917779065176,10.828123794207203,12.976297920085681,12.618190070547085,12.708168507087935,14.07468469360974,9.8169022451547,8.13867073479624,10.923177387163564,11.986132518783585
10.990274762965868,8.791923586883337,7.718806060312598,9.027946121932798,10.621196350907269,10.370956160670378,11.94127891702787,12.47911974669642,9.34708386633741,8.560204927797264,9.332184399162687,11.015388799191006
11.280708032717747,8.622056867543387,7.616744889111288,9.969655673407678,11.171512183933645,10.837643614105115,9.755756365421158,11.259594253894795,8.778128516589312,8.880355052582896,9.356996956040774,10.249681352703643
12.187608744337329,8.703757870757888,8.126757770268519,8.140022000203306,10.975097098536091,10.027088949540293,12.454692453446098,12.816032514166878,9.90522329180815,8.355604012965568,9.921773202738352,13.792884321754558
11.440020245903957,8.935335063916614,7.636308587552741,10.320021504145737,10.978896758956465,10.041084499772195,10.57809730856579,12.525410167096155,8.785202592184442,9.529066472432875,10.509868196146813,10.550603841940811
11.798634138523953,9.410464785025871,8.614165230326018,10.195027902429048,11.208825020684012,12.288835292776149,12.332300073454922,14.31129176378372,9.776159568887536,8.315008493912975,9.977703891137955,11.784635048571337
11.560294909119419,8.586509038771892,8.05138960988046,9.491067937670508,11.718822111350939,10.438031954942526,9.538285188684107,11.567222516763618,8.785513803522928,8.27732557461831,9.343325922639687,10.444370352410871
11.58719234089529,9.13911815423902,8.91862551575404,10.12119088671243,11.469701842855338,11.654030910151118,11.103854090730657,12.619007927716915,9.118979951451117,9.079743014333546,11.972730612987194,10.583770333331941
11.91611128398868,8.91988617172912,7.821351000830045,9.323662884906057,10.62926057704095,10.601450474068708,11.966089274687072,12.487305205153033,9.429963109705772,8.435820390281105,9.758353639533798,11.578479404213892
11.293599440371462,9.23126715875783,7.6508918925570715,8.999037999038666,11.405198304769018,10.177055325899543,12.530647185218976,12.432061413658266,9.63147800570341,8.364957204590109,9.522903456849715,11.846218935477731
11.57780972315752,8.632410192209322,7.69617717700448,9.445957854159097,10.840744862646671,10.801470296680117,11.653360828930857,12.798250523540633,9.028407615342218,8.75863357011675,9.769262369984917,11.247261259292411
12.401691572725145,10.085381356707305,8.942341193553016,10.569962435691766,12.493335253001579,12.085277114910381,12.570370502491189,12.869962936958636,9.397399294626764,8.21127079728392,10.639184231781377,11.85966053527179
11.689351647089163,9.018058508663433,7.7729469400660065,9.921490515573732,11.052753111760733,11.214314355264188,12.088991232009118,13.319928551578702,9.239164765810967,8.603841584758323,9.521689788680098,10.86021195936892
12.339852592052411,9.842468485709537,8.309995164367646,9.820010436161065,12.373499930112887,11.669406585414002,12.562505617450034,12.524558769674963,9.522459028650255,8.167151969081702,10.55449905948822,12.39045617667972
11.193185528143943,8.82456937290764,7.694915729284059,9.720220596049744,10.589505512997329,9.84674560053071,10.764845994537682,12.1286056943329,8.978232685918158,8.783789317580906,9.78479651535481,10.16996170939462
11.4817856125449,8.710144206055169,7.7232278628722195,9.686768493683301,11.004607226196573,10.742861562807697,11.1283594437185,12.42894939400022,8.973582223705247,8.711106659782942,9.40261366358822,10.668392523183204
9.210722539289717,7.05374530422417,7.674321059899474,9.888770681066397,12.143660386955649,10.684693287252607,10.381517467027914,12.330357110409187,9.072723049466765,8.705040438653707,8.89401039580049,10.732531184713077
9.171739209872872,7.291747824998879,8.597162474704481,9.180587815344666,11.445366371408456,10.770231379235737,10.905827987544619,13.199257247446692,9.24133982363769,8.668656754396974,9.201030004216305,11.167746771878857
11.76621357412588,8.929922048773017,7.799911571814099,7.697580409118617,9.96724211950357,10.610360275815477,12.22820169444721,12.403620905081178,9.038009873856197,8.32428417668609,9.241606962789723,11.527862145097032
12.297722826300074,9.131502718782908,7.6567462127435935,8.816807820767957,10.315252222166938,10.235341972147847,12.623809344464416,12.50644590725506,9.172529238274947,8.862096737905203,9.456771970633177,11.689403359292807
11.849989206087916,8.965070847244807,7.820469029423307,9.599432646625605,10.241911246771705,10.954649652636718,11.160867493812475,12.401639674944665,9.218323595292482,8.697704673872371,9.317438328645617,10.470964395837726
10.097905922405948,7.168257187455182,7.821793715925072,9.13202418510899,11.415238510238469,9.684225674129406,9.079029675057612,9.968991499172477,8.484189912138605,8.26236482285026,9.704542786169748,9.767107989764533
10.658965346260421,6.367132998684222,7.764211244027586,8.960529028120801,10.981551928554426,9.194139150118525,8.903678446669062,9.833582843842741,8.38556362819836,8.858443321072812,10.470271785948858,9.884200215225574
12.440185591447982,10.602492382886643,9.020100421056755,10.079345039573479,11.874622730645068,12.469394614285433,13.18598286131812,13.846342424062941,9.606252100520688,8.21385385881408,9.836325919425603,11.912058150020645
9.366634387874013,7.238146668852384,7.7543107720380595,9.186062031901532,10.651217622009723,10.160367903928856,9.97095572934185,11.644848760542931,9.118810184641484,8.531994188552916,9.069861604045155,10.527367088161935
11.330571140931262,8.722543023539302,8.258452202682307,9.42497923239585,11.072089654372384,11.038346678204467,9.52034281834771,11.179714912674001,8.686773118730073,8.418050008567384,9.115853507817436,10.036414293259943
11.167793937614432,8.910639040065009,8.711662776974338,9.167201679338604,11.264680108486083,11.242018160252382,12.245804179997712,13.451200351193393,9.370845310881176,8.36381222331287,9.334375591805887,11.808566132714839
13.073116120493426,10.18493236572301,9.75093918486517,9.852683544401087,11.90652662007342,12.59669514100573,14.172481070994026,14.692626321681418,9.972270483849,8.669818260247306,10.611565614168518,13.062742547304264
9.707682508571523,7.791134600747427,8.271430838505323,8.456486480195142,10.9627837224996,10.824475967635014,11.87875424199973,13.164121113641082,9.25758333030881,8.896635726917612,9.889126227488784,10.655422640071741
12.266387656808206,8.946175210967438,7.674549039813145,8.791873072749691,9.464305342852146,11.186378469845575,11.25551151059339,12.850012784251863,8.697635353291048,9.214909298093794,9.117564959414782,10.954216522529391
11.970875318938175,9.539552593206922,8.329655257141459,10.367682677484911,12.219802620865922,11.805848402533602,12.022745379537225,13.210158977722184,9.163093378173496,8.827967829629847,10.649759738678995,11.087878258197485
11.257266939237333,8.584239401683202,7.623750204380131,9.852354618659255,11.980891633943795,10.749923756065352,10.272767595638774,12.068057623600602,9.230533136397408,8.829075756589098,9.163591487519042,10.71689490862845
11.018031610783272,7.969161257403716,7.842978674830621,10.198033654752562,11.59105367864148,11.05251069132338,8.978467305296373,11.2467377832533,8.489781297352208,8.587040291163005,9.414376777917203,10.143683079281793
12.202116560873034,9.433490257201246,8.66133555874687,9.79674742515351,11.775994004138061,11.160194508708082,11.293155214173863,12.786664187471406,10.171111258309416,8.920403756732304,9.942990070252446,11.384544692795414
11.646872158459464,9.153301722633309,8.418373422282249,9.411396024588004,10.14380001495491,10.497689617672409,10.432613173623855,11.38791775245154,9.276191552045804,8.928200661649214,10.511588032714647,11.275872764710673
12.271364352710897,9.838663058113198,8.584553354474995,9.522007759992029,10.439819974058322,10.972259105102854,12.711706054554243,14.580834595592478,10.183149902336634,8.913267208927149,10.912112539667568,12.918644664669367
11.781591925294425,9.097153971498381,9.547063146509531,10.35373027085059,11.612488547758941,11.416234256116772,10.88602260297253,12.671026830766255,9.946880216749074,10.158380700180583,12.523136127440532,12.25465795867623
13.168703680407408,9.906751305281118,8.468737770372405,8.290628741348558,10.818331615808976,9.969702424241214,13.561065151961941,12.846417058380723,10.098496117530189,8.786664452556963,11.091037651681198,12.837106487411441
11.928162514183102,9.169312471157996,10.248220713589161,10.09756220204324,12.416787034979684,11.72935952636628,13.084623750750438,13.967891758242377,9.832432714682048,8.165640477339847,11.085954281424812,13.952202082197564
12.047280025699155,10.616331863904295,10.493362710649244,11.516078424852207,12.75944197756416,12.952954175534721,12.637887094026933,13.198084170251423,9.823361345193911,8.540854152835164,11.596408516429259,11.134006325211592
12.951437819396983,9.878487247012728,8.723584573075755,9.14542168241579,10.812219666183294,11.29507598428008,11.740450918549422,12.80561474505708,10.013143277331729,8.726849049107429,9.628191394372045,13.222298447376703
11.269531373111635,7.929328772526792,8.269084925339458,8.677440643900727,10.56486428364703,9.821005014345964,9.480649406910844,10.449900083154162,8.909692177341862,9.150194720520544,9.938083696423373,10.61792044818713
12.200099034943497,9.652663884362381,8.064464342974903,8.765005049246755,10.760507987899345,10.700055803169073,12.51665380178677,12.994578673052517,9.835041927799399,8.439615551118731,9.71408210229531,12.975626231884197
11.782912581620801,9.164170551907214,7.924069059971633,8.36599235355791,10.695917836967135,10.976410044508363,12.574718951730615,13.242694748362878,9.821682337317421,8.328529264551477,10.00665002274769,11.538778404201382
11.41376095094781,8.92589582832838,7.895646920697144,9.036847711373225,10.78848256432881,10.541759768314769,10.008690646974898,10.979548789989177,8.957142994704379,8.983178229747905,10.029074637559756,10.46698084818979
10.82445056228247,7.904296822709301,8.295054179977333,8.741778076291778,10.791439211120437,9.720676235070728,10.51237855353554,10.269869002744695,9.419778838931961,8.55906292566988,10.017435591545862,11.689012618207679
9.567566943809158,7.576521338433828,7.91150364035721,8.86379224688498,12.026917578960559,10.731148901039578,12.104726690013473,13.095259856871523,9.909628534688062,8.404372162731596,9.440773939810876,11.552417504075473
12.245563383821414,9.201575843718858,8.620332098058572,8.737797393424039,10.085259847417673,11.406801606048754,11.563986726007405,13.509279916131064,8.727627307967133,9.248871646041062,9.674983329164258,11.711091760147061
12.025333154139068,9.710576304818526,9.731390281896612,10.475719161675228,12.041434242153265,12.387229940177457,13.07345359943363,14.390563627159718,10.464991298200204,9.267273016724532,11.95817555367746,12.707642805277958
12.285546259205194,8.96438577902585,7.865397919295498,8.794272048105649,11.315478891157282,10.450260288640592,13.171668320512728,12.85724265891891,10.00721510094599,8.272670038573548,9.711436712573475,11.70831163256556
10.384759014398242,7.736218634002078,9.250185581684523,10.628690392040369,12.365614817696617,11.287138779487021,10.147354179361137,12.74969522480241,9.367761906187493,8.940495126052683,9.623018734830497,11.249692818347915
11.51894262947618,8.42275897638603,8.14325420395783,8.88004971475534,10.334008581904742,9.40517719879324,9.197615483655879,10.220432604287675,8.316505235185165,9.191738364536075,9.88176457488968,11.40704546837511
11.894411056765861,9.017120046626067,8.197653689818772,9.191166194159486,10.870353842894692,10.529717885392424,10.480482277295524,11.477372179819513,9.307075009701306,8.783726062002978,9.654664553277842,12.032703729541552
9.739195565138935,7.934754973689882,8.605429929086506,10.278554519112497,12.930236978159902,10.707934944647599,12.06455362391872,12.261614541140403,9.621579698417634,8.446836097612854,10.03098376237934,12.456147289866896
11.029127200358252,7.016346302465563,8.288717433147868,8.789844422788848,10.704443551116615,9.660119895858713,9.580664558737435,9.777383976911278,8.858604543698988,8.427367471006152,9.614499727461153,10.337082687610271
12.708227606674566,9.69138051739411,11.511672270121808,10.06543583516854,12.074644795211979,12.221635978944635,12.13801776515492,13.152936600751078,10.550431422726623,8.59177719656462,13.093544274553903,12.713225363183984
13.154348938317908,10.393381349761425,9.686400131992345,9.364694088688701,11.637566180024402,11.94079151482051,13.443182529589357,13.397785272347416,10.86011595718329,8.931091850039056,10.455422258064056,13.478012455394145
12.159143669465957,9.459049724545633,8.055084740676925,9.521707412072901,10.587632284682368,11.071497509952996,11.046627769400562,12.534895454831565,9.531668101900182,8.7987346118991,9.443086778736497,11.934086552123217
13.15670659013955,9.642750047131011,7.95173558382493,9.294776878385086,10.726977960946833,10.75611450193884,12.894193062411626,13.015920074101574,10.010432676119995,8.494859769676966,9.460025875256504,13.974902974334164
12.112396178527444,9.668097686205034,8.028051029541494,9.04239177302652,11.15209186925345,10.257916120206694,11.218289457417898,12.519804841196626,9.457945683193396,8.580130322900972,10.116735905647117,11.188423421693752
11.838313328009392,9.582562764943123,8.369433114149553,8.997553515422489,10.78374515041546,10.83140172370474,12.976137863987807,13.676886829898903,9.879311552274416,8.44859646597075,9.654030756109904,12.468641319582582
11.650659501013461,7.787794062087936,8.559406723187683,10.901337954652869,12.468957430208274,10.518242572076728,12.55493114706504,12.412392056819852,9.37085722330558,8.283231991097884,10.897850472914575,10.886776152192752
12.525623252111092,9.885683855992816,9.288563505269607,10.347667348296223,12.211180858199754,11.754977803659509,12.498282748022755,13.112359615291872,10.102627445414731,9.368354839658295,11.829341778896914,11.62608274206264
12.971693535760139,9.304366566894009,8.145796451538182,8.050116946940127,10.395550565987794,10.406465326012063,13.276461979967328,13.245861838851306,9.812645758127893,8.148862748213482,10.039221412924375,12.12750912347381
11.221005138298777,9.402247900588927,8.150583353990132,9.492545924790257,11.80721090279945,10.334440811169806,11.6248649652999,12.267952422492755,9.356836738768685,8.175529519288423,9.464814008859088,11.054677699489835
11.771214411031657,10.276529276197374,9.169596841526328,10.23729413633849,12.091601036719188,12.031912741091096,13.078212811042068,14.354868634151998,9.653552460461368,8.27403359871797,10.11622891251429,11.879751699161938
10.015054528981052,8.098823007087962,8.084968577122412,9.911366196884059,12.295325898486235,10.604627383933082,10.987349393239528,13.417273619630953,9.417856491322821,8.812305415219331,9.922182992263384,10.759606575722575
11.45683039441928,9.293784821766417,9.32403805363731,10.966952089578728,11.156233587728774,12.71270737713345,11.040102746116602,14.157084558460593,9.742060010725345,8.952358358750597,10.220125731893335,11.214573544597743
11.75301901886305,8.501937959227758,10.119378621651267,11.015126329438939,12.909853105153287,12.359539668838414,12.813351277149337,13.941513701549857,9.685801306945919,8.810729030979205,11.515573892339805,11.514601650397072
11.977012696966442,9.395797080609729,8.486693320836096,9.59147996401931,10.069215727385759,10.537563430016222,12.470968590793506,13.453189018612397,9.844965296533317,9.955719421473662,11.50651394130154,13.20249312571813
12.070834727639836,9.302629691261247,10.318137157938736,10.348455152705204,12.838665252133564,11.92191112539276,12.712195988394567,13.16329554239942,10.00541952995754,8.064682743911874,11.31360800147334,12.63413090840182
11.034153670788232,7.710193368464288,8.585429297905064,10.374326892175668,12.263896163264684,10.663832742407081,11.942420349674151,12.33648668798525,9.499224508560237,8.358477520827597,10.225490862807474,10.92352006937996
12.004286848419717,9.420469961517004,8.541074604517933,10.122790848347972,10.735497124829411,10.864933960963306,11.179798405716632,13.736611703887174,9.988001972208714,9.076484261820127,10.968147376936901,11.11564923586081
12.580235144342627,9.56456543619789,7.879014067798286,7.712691818640144,10.949134649397399,9.670599053003434,12.028684569763188,12.032769328673758,9.629895872817142,8.011329851877242,9.645817641868936,11.759609249651444
11.895798205301478,9.45328622493306,8.014725180060973,9.588376804305266,11.038334608689643,10.817749954972657,11.652001838881851,12.940473352099275,9.70649943769502,8.939148474146045,10.119642956528109,11.553866281765405
9.34359719829773,7.622116538003085,7.782758824050444,9.35252964834819,11.863669242259155,9.952835063232724,9.487631916077843,10.484386313582412,8.881803008252193,8.926343199721822,9.898702476957164,9.759970818743227
10.854260944558323,8.873361293399144,7.724967402993356,8.260634247897029,11.681691349274447,9.987819408304315,13.032010985348615,12.854078240532262,10.106717649053575,8.233748764786222,9.545294375431945,13.325015526605155
12.33495265769019,10.0120403982745,9.26020973011335,9.621915068058918,11.745794021576781,11.960981369440693,13.426578843291743,14.36944085472745,9.877085203589807,8.105591278635774,9.980649580362806,12.738345632345794
11.50087751733925,9.586884079461242,9.94676638492934,10.481989087158945,11.675291323590988,12.206980007937384,11.331578146603851,14.2604580967488,9.613554804534129,8.561862580482263,9.493455641667303,11.417317773142944
9.99925889278926,7.00780983489195,7.63628315691562,9.69239664892659,11.611360557731148,10.016780187002029,8.497112697688785,10.462392940556589,8.62677263550944,9.57966523419559,9.013354374621944,10.036728354999259
12.376740040677511,10.372031553813502,9.104566626929023,9.854777829054747,11.637161647066748,11.95858205025589,13.282683190446464,13.281216076787885,9.92094112271803,8.277852983204648,9.717436668820747,12.724521069547066
10.436228902630305,8.11409210837353,7.6396076684884235,9.597145028541899,11.621105226363923,10.282834203069555,10.371530348964406,11.953873818639927,8.992720922215543,8.75752076466196,9.075569499865624,10.547327579976374
11.003915145270561,7.676836837963095,8.992025206946183,10.196042995917708,12.647764246971047,10.638746849741215,10.202818806306398,12.440222325805566,9.107472710939783,8.231261438747506,10.29579069072853,11.891653278624036
12.846883098050348,10.580155803121485,9.937092075370014,10.269803529723916,11.830094738225377,12.332199969221072,12.605586428387394,12.692369607192969,10.279248610351821,8.43788999699759,10.86504837513724,11.875261663816865
11.628175481951839,9.00474971536627,8.920912975542354,8.962210864236742,11.443648801485256,11.56345533632517,11.826789098839958,13.493918775505797,8.987905563226644,8.75718436475973,9.60822411124512,11.367859416544531
11.400904124634474,8.776820594715172,8.562155967114377,8.928646770487175,10.795731713643853,10.879913770056444,10.945172472175711,12.348058073060981,8.916698171644477,9.950733154126915,10.466480712638356,10.475184849759595
11.258142147066112,8.696917242116545,7.531497114884155,9.53045631647372,10.963363279451483,10.455190873386256,10.402494847978145,11.635919319618647,9.151091080224868,8.85086705279496,9.189896452174661,11.002917264861075
11.200974349439567,8.045729202517778,8.564683742863682,10.276091984573634,12.232162950061575,10.943025218579889,11.533594037890257,12.402941156645282,9.278866681123295,8.356874492409979,10.260002254591837,10.73218784332673
9.48356156157608,8.923907223319997,7.938424574245644,9.919459948097767,12.362727630285246,10.603683392336539,11.135146336646326,12.414442869851284,9.50231484568971,8.633665861694674,8.932381935749104,11.577825125358663
12.860395109513252,9.54736068110694,7.861369878792436,9.110927619449363,10.692949209170697,10.64106873125067,11.411880594548691,12.566012146608292,9.640935438438227,8.753778248067157,9.415063077690792,11.77856135066074
13.01363211188509,10.655880033231616,9.718469102623397,9.076975767149534,12.146171032226329,11.210092663186378,13.644429380231513,12.970184740335643,9.952566561640905,8.579177594309769,10.486800953218259,14.176017236508105
12.381224756909425,9.101840995417447,8.340789842349777,8.871188324538322,11.011828565733124,9.79231290654776,10.515240285291224,11.132724904449265,9.458856860288181,8.428447541637116,10.223073410306991,12.418459733409634
12.71629551480691,10.446970261299134,9.085233123000446,9.896824150426287,11.583377654435372,11.342547039241646,14.478131914219594,14.187523943519983,10.109452821652887,8.449614291474392,10.01587621098245,14.451235558162828
12.415557609173574,10.02609792577966,9.78883890162933,9.94860781093198,11.495282715349282,12.117385824932198,13.136768792171022,14.245565857637803,9.928373556215975,8.515006745978624,11.047446284798156,12.449783660783153
13.05213136227561,10.588153922930443,9.78098243392804,10.82611173583444,12.088260592316578,13.309418894928177,14.25185942560574,14.055493053054507,10.096156276121715,8.655907773708984,10.950501419236808,12.135459716221197
11.22831796363583,8.661460953594267,7.694732014629262,7.7349336462078355,9.79559146415046,10.347631994960656,12.278836251163108,12.366188423053877,9.050706434260825,8.567584127614476,9.847130488196136,11.952823663447536
9.596342891913336,7.173670900465762,7.922943418224559,8.130217239381517,10.90960468673997,9.802363792179138,11.08096118277722,11.627981996958992,9.234160498595758,8.8495642186335,9.785503405946026,10.527499078707827
11.956593169489057,9.139350297571818,8.181334489722381,8.378018325728664,10.387986023386242,11.458371897017955,13.024027188037687,13.924583212499925,9.38941164749069,7.9271714062135805,9.469816187227796,12.492623787457944
12.757514490988846,9.543460522750872,8.07894115616673,8.750140466578085,10.702250225713266,10.763101635030017,13.316316935518548,13.12738404326556,10.22173368377891,8.273368168736521,9.282805421713778,14.385570285713897
11.33093626356381,7.621772082640873,8.405859688177054,8.944813619358042,10.405152051226356,9.16325899106087,9.410050703824187,9.515842484064327,8.315308920401074,9.312651707607266,10.588938637268871,11.04438573578271
11.55982503167922,9.554718441988479,9.495924315108761,10.373124141875145,12.052209313815819,11.681942984302056,11.472767247159133,13.563867631853178,9.755408407117367,8.52431426014646,10.3636682981131,10.90206919407261
11.738975005413156,8.80486989740189,7.778028621127346,8.740486238657574,10.491133577284188,10.23947506635819,11.844000256542275,12.263528535182873,9.543872826180856,8.321030978790828,9.531951604744318,10.556054063629713
11.189298076558197,9.858556656864184,8.700400513157817,9.467451845776287,12.003777452629375,10.876542078980947,12.794749631190147,12.544739888952574,9.648926091556735,8.4817894326719,9.512292475116828,12.327498222533512
10.4287354726674,8.14176749069897,7.899392284161396,7.865521485854487,9.434182749998774,10.65008344014141,11.408159948862798,13.103109888951568,8.671487836044822,8.793333985330996,9.31320119863717,10.883059010714437
12.195458261503488,10.096610968189648,8.977122216943497,10.122076770559124,10.893005781723476,12.034974412148017,11.848595165045982,13.882222723510614,10.34654508836779,8.848329206541607,9.780089584785012,12.519616163150996
10.86000307839542,8.503645279018277,8.052976480524562,8.188565067708996,10.231477603710895,10.889036273201592,11.53702300001058,13.148379854916696,9.08285369867401,8.240391872854707,9.218808382612394,10.791910094831485
11.449875445553852,9.47407853377706,7.934076545886468,9.721195503109438,11.14373398548659,11.328002166955628,11.679482789471676,13.118233725476731,9.097426048609542,8.525224585563711,9.185593731679749,10.72457545807103
11.325723122036122,7.866811655917282,10.052581266897647,10.626902722066314,12.969346044217591,11.09354879380503,12.27334841320682,12.82201736098706,9.284438165017972,8.630208054885475,10.866324606592016,10.78200449352143
12.130960770725649,8.87701731602718,7.634246225168162,8.619006503070914,11.009681417124161,10.681153674170721,10.547548156129182,11.220161350248437,9.068210055491376,8.448546646577292,9.200507675359207,10.884563585295016
10.794347338991596,7.557342695980671,7.7608327535483905,9.33053221784954,10.923626026036413,10.345169701645753,8.907961249160467,10.90849418547933,8.670557988557615,8.721183062344561,9.308812103677568,9.55169600332389
11.582989173077847,9.629303036639186,10.080237410233103,9.610066283017868,12.776805340172363,12.411832269753905,13.977195402644496,14.582550855903488,9.623519708632253,8.482898470832362,9.72491446083852,13.06558325067354
11.45791063300278,9.371465759398767,10.191385532033642,10.416033644395368,11.676098031256828,12.240907220084555,12.546473271142583,14.666225472766342,10.121890900172287,9.914955778559618,11.634330161302454,11.012881160277564
12.458630185524841,9.749621910713415,9.735186172097567,10.010453255082727,11.570214801296526,11.945216834282434,11.709276416807523,13.044627714335293,10.348879459461255,9.108227403953922,12.24885712025162,12.137976911536791
10.945443086238205,9.121527964862844,9.656651237110362,9.887963032702492,12.09728243796828,12.166589048381944,12.795769269067813,14.078516814663999,9.294920285430763,8.86215028553073,9.759628179571385,11.189705571412011
8.845814652145242,7.274269066402232,8.963166801353223,9.862315582298523,11.968745238513,10.78047586965356,10.617499910821158,11.763530002303106,9.122558192464096,8.989199833510794,9.237558957259738,10.474683955169446
9.570233755383745,7.457629075264122,8.05384192191271,10.221578041726039,12.247464302016903,10.79641151017789,10.057428026711985,12.414682365094878,9.091115881576913,9.038518660224321,9.915911262585187,10.035794035793943
12.505335701354312,9.403233291357955,8.731396538935414,10.009499216627034,11.365089471028881,11.647239499081017,11.373683998042095,12.838104601580495,10.404080101479892,8.794794898292208,9.684310945573396,11.349982768240205
12.178901891366394,9.34100883286008,8.336841730859023,10.670832257695622,11.362853129509574,12.159273685536025,11.147108874719414,13.698357046267786,10.060310238633484,9.069631201392651,9.922456616657024,11.09473116752433
13.418689093618669,9.601608868616138,8.453426841902369,8.702164089794735,10.687832751255288,10.122144580085779,12.585443039200047,13.369316542921156,9.831952603213837,9.180506740778526,11.042928892947206,13.916147340301931
12.767648880458003,9.533143551422333,8.20519376729261,9.410336043473167,10.790256664875233,10.543399915356195,11.673444371083164,13.41766462318106,9.462892741786499,9.380212935503016,10.812686609612102,11.621096166677917
10.46010949497316,7.969482521588055,9.185383911901722,10.73695073353964,12.339179239745466,11.319636348688348,10.378341194940367,11.565207210315512,9.26357118518215,8.228437626034433,9.794080548386416,9.940388767791363
11.446935343865603,8.942510506920671,7.611170627366936,9.713666510877985,10.8224135858412,10.46640138272971,11.200285553406154,12.005924490534088,9.337147211693845,8.677590223094269,9.284249478024105,11.642420037768263
11.428924669340741,9.223602194245577,10.460930285132468,10.430234731711955,12.019193800139073,12.29399960545076,11.484277109338342,12.847822404345866,9.492965906375794,9.287681071019943,10.829490806869696,10.776529819969525
12.34775897963942,9.772584972527415,11.226346216831503,9.780341621414403,11.966689396045746,12.13881881654138,11.812976200668498,13.414056888798433,11.449576371564333,9.090752016076587,13.215649552743734,12.714689059638792
11.71735801150378,9.43251740477961,9.17690184847839,9.742802994663476,11.52768454723854,10.846952554745469,11.825627259953416,12.48533524060042,9.719170126722881,8.233588402163534,9.914582863750303,12.277831661454702
9.816766109713463,7.284297950885537,7.839787972264077,9.148283428199123,10.76175218169636,10.335647413802862,9.000404760860366,10.594143785526372,8.766785361220562,9.198898447396795,9.316499916477866,9.941764701581107
12.036295991312194,9.205527971131016,7.773178030053053,9.819392681299947,11.385635813491152,11.122005776671779,11.203434446625128,12.607346608511683,9.392646811200262,8.620964612506226,9.342757811738705,11.199832836774817
10.670918175161866,8.408974216255354,8.146891893877127,8.818599371385835,10.183447494128679,11.136493634136006,11.720083886062291,13.399342617649943,9.381683036771625,8.22029834844699,9.417148201741018,10.787338866625579
11.069338535837595,8.786699073114356,7.845308194243027,9.816177354529874,10.92108269044663,10.596351063021793,11.076915721264454,11.372437341271397,8.917324816080889,8.59766420951216,9.791745236504658,10.186497057080878
11.974718325118406,9.67015555029421,8.55443475573658,9.97347276474374,11.991887024555512,11.982512645094111,11.826825555996239,13.341116154559382,9.261591239970153,8.100644858286477,9.52633563932799,11.591951624977277
12.155567837763083,9.613320177120466,8.1663290884556,9.200750282407444,11.562376812569498,10.962495323594107,14.28397879149787,13.980435912315437,10.264429344651463,8.297932172826366,9.488462268463252,13.378490710850144
11.40363171147331,8.815911505051764,7.682477444516377,8.860804354441347,11.705256856561792,10.660694479411617,10.567747154078583,10.969181136773456,9.208808058906715,8.491947760624766,9.170385025147203,10.743868919941741
11.657394964090393,9.809768829708577,9.447848677437083,10.694922149827166,11.772739244482386,12.419042723171904,11.653022205710535,14.142081588423874,9.564851522138035,8.589658928334215,9.827430866351623,11.48787054231091
11.612020938106578,8.98260633799037,10.182972442551057,10.500624703441565,11.777850396900542,12.46309278385533,11.584381658962679,14.80469107341101,9.308546584677838,9.01889812925115,10.42203715637973,11.816168742902905
9.485618204834052,7.744388612748176,7.695090804624318,9.764158913587647,11.803967689332787,10.662485058110882,10.047357539489921,11.603928235435138,8.958716279442855,8.579455059520088,8.965567014587487,10.388732126456048
10.667419617721599,8.896638896145381,7.877463225492338,9.679662255384732,12.544346380601889,11.23783553330818,12.991068489276197,13.649901244879869,9.340666432668936,8.773833727390416,9.959073098611688,11.724506466460632
12.878731768915614,10.656130510815641,9.647419203397973,11.593151185983746,13.07377289018338,14.276672585703023,13.431727945012744,13.833463860553541,9.794174060047183,8.40825704529979,10.706972387644479,12.140086137370387
11.286961093928596,9.217229621211372,8.315535689173858,10.055221059960976,12.40903553876286,10.907962832641466,11.075631862109592,12.19185277383278,9.417879144508937,8.76288849551666,9.23348145511924,11.210411352723
11.914913949220285,10.033518079484514,11.03894145224334,10.51458636079176,12.668218766268854,12.34574356735307,13.86949160752416,14.439956117491187,10.39245518139238,9.953321146546285,12.899103995204749,12.975341852792502
12.921180735216371,9.902960410864516,8.903685270487896,9.96630235044793,10.944826007705196,11.998881442741775,11.993663860198737,13.279523292150751,10.13623089961317,8.691488317976205,9.635325077694182,12.898560905703174
10.924960166609932,9.325287673769568,10.07238570322844,11.061570496240885,12.628725862121055,12.084788421379447,11.943691334983258,12.582116147304506,9.64984709387076,9.024261373310987,10.30918235065747,11.256273323678432
12.440102592031554,10.512619308421662,9.754718765784645,9.720731197375537,11.843017421944138,12.073946227095153,13.795299184017898,14.26824032527993,10.304748628937261,9.01195536981244,10.896460705943559,13.60183875137067
11.072135049947105,9.288198940222747,7.902599448305065,9.599084962101086,11.985236244992773,11.510505848461712,12.939029558971114,14.145785316398227,9.309334027417982,8.394135192724038,9.192685369749375,11.422461424033951
12.017969921544596,8.34857603389491,8.542831611597059,9.510294446161135,12.139895481612252,10.297665720441739,10.384419877015873,10.611663264664442,8.642752332109014,9.067050564650504,11.07688963658264,11.0285976930106
11.732587460697264,9.387029813193374,8.239642849322646,10.272492280957312,12.12336043199643,11.387130493799065,12.12181714913146,13.428184622553417,9.492921651515251,8.33036465641136,10.84988906583524,11.591582758581888
9.156663388717892,7.025095274633205,8.156461014757811,9.563431194945725,11.877065866573973,10.500021614397903,8.604690687443952,10.660359941050096,8.701059568848997,8.558884490803871,9.26345373824344,9.831189463142028
11.5119469243387,8.897568334000626,9.00809062223671,10.202055613045221,12.85241790727048,11.539259733925647,11.455012500482345,14.04892567830566,9.518872442844776,8.968086232186044,9.518373070221093,12.163694552696734
13.406893166307588,9.712394817901181,8.073723971882778,7.923842991875892,10.757178737303441,10.808558805072346,12.955807717509716,13.475102979604008,9.977451518888556,7.9889387285731965,9.958983125551871,13.39584535579778
11.22687278087262,8.6991175670635,7.6724378120355485,9.5094979730469,11.461026468309033,10.638084625118148,10.789743655481278,12.023705040559594,9.018936444359014,8.534080184762225,9.06290204772979,10.598183186660364
12.306914588411676,9.183530382531776,9.664045068218845,10.695818898203632,11.810871117458388,12.136685301825038,11.089767153309849,13.264955132898084,9.440615097960752,9.440766463198948,11.300894549689732,11.198406950665152
11.754456447204571,10.697406333482517,11.17781132929605,10.829360936078196,12.75104719603727,12.788167557967082,13.255200892130418,14.7453583033965,10.176843625912621,9.56030123840644,12.516915284794964,12.31310287208002
10.355426993780725,7.193972553361306,8.6645620538286,9.7059980466636,12.50617260828718,10.264608368806652,9.132057026556222,11.2235529182766,8.831921388634628,8.990002955221524,10.31944684714032,10.080764294778728
11.225097399481237,8.826384493862786,9.467987396003144,9.903332985429051,11.87131744725226,11.042956955360648,11.101018886610097,12.417006450941502,9.643592168879797,8.709561699807045,10.40777625206086,11.720971912180916
12.053876297117132,9.811306326113685,11.167953303787307,10.794949112199708,12.896644558740746,12.644802702276339,12.931215051691398,13.594579530401482,10.205994458140983,8.374372145034254,13.049149039404591,11.934338961458678
11.43689796847669,8.708789550316869,9.457909579083372,10.300830908877517,12.487759590676427,11.91431385874192,10.272606239692704,12.299127341282869,9.244348912763895,8.753681392231234,10.518495037498361,11.198087198452841
12.545366538815466,9.19538288961124,7.549698777975835,9.863819856271398,10.366519070847307,10.821664688820755,11.922846216345823,12.88327566819774,9.58142412311217,9.454144005189088,10.281665743976161,12.192043759889295
10.808516955035362,9.086045739409396,8.173378059215782,9.915149660022248,12.574869917163296,11.499044243005601,11.691574204351332,14.659418596542798,9.320131923580888,8.527812269515106,9.248512242169273,11.130450985821453
9.864877034734722,6.2433167930014,7.765397646290851,7.410452275274171,9.13952124816602,8.319742504868156,8.82375892280293,7.978522594820029,8.059261886666306,8.173669571736331,10.380515734730698,8.583912202335162
9.10000095428039,7.334647488841973,7.807748839865641,9.052994176314334,12.034928510739412,10.03338137751139,10.464317360427243,11.528917422189659,9.013590561607533,8.391420441997543,9.028032500193488,10.560898485190837
10.277143771752316,8.33873115683166,8.034216630266956,9.349949973643284,11.638226886101894,9.912948756180914,10.077725727837564,10.507921413312024,9.381961699112951,8.768087955199716,10.035963514269865,10.842212223027333
8.989410497929752,6.503402676337774,8.74963424171719,10.01972998760179,12.104029790180727,10.367751680209826,8.568061710732893,11.366690357350912,8.676939379240151,8.895537530976016,9.280409923949067,9.828200916163087
11.89459185571142,9.44120303026354,9.511644174191293,10.320825567865972,11.551092353583044,12.071419224780948,12.767329203303662,14.539564773876798,9.921971944916518,8.600086677628664,10.202127833201935,12.030434017609002
11.512553554632865,7.916659096865627,8.89367386430996,9.948560513873721,11.5225465007813,11.019863939196227,9.538971157446756,10.912213751347428,8.715723531986699,8.261985852256755,9.511884311080927,10.287841277005517
11.362928368998332,9.216295278669199,8.090857765190439,9.591743411502664,11.424220169876698,10.726504874863123,12.634880510066186,13.786282993551222,9.9706623148575,8.871644152359595,9.908602751570008,11.678052147529936
11.26471447327968,9.151329014048885,7.819841435979221,9.029132782629379,11.609994786442527,10.22499522217956,12.20270550062747,12.739667425769957,9.588148849395946,8.48721258874079,9.392650621833889,11.831043263770248
10.39064990891722,8.220371058406974,8.166971446883343,9.517655447626268,11.99371392457479,10.361076719829882,11.07751314040986,12.606311471527889,9.372086920356733,8.268790647444927,9.68205518388812,10.946786640068678
10.95307821530665,7.731139418996892,7.781437689145088,9.549103246179088,10.683451086657751,10.302053245848827,8.851244211312782,10.344466094802929,8.078791773128456,9.036845100823417,9.453518034711081,10.090781100032425
11.672472695081922,9.711117746622733,9.291862375746833,10.19012473587314,11.963592003927037,12.17135034039624,11.321244804932068,13.531060158975146,9.45241329349749,8.440578192483752,10.698155836691187,12.354328491146429
10.354484027228638,7.3631474624122575,8.772640873495092,10.136821321148188,12.428538595382204,10.41693365559252,12.680934900976284,12.605446831010253,9.33173304496083,8.045175233631962,9.95421007789094,10.55433953850441
11.500682137035174,9.272487235086878,8.926755591160715,9.134231323201591,11.498400827262467,10.506125947154485,12.201882269131426,13.825021540245077,10.278494246425923,8.893453599254771,10.608873581374892,11.982920269775049
12.13858106943543,9.946458684137466,11.015327731131766,10.330423941069107,12.366208183206703,12.530146848825675,12.458982287484895,13.599116279914043,10.105368586101756,9.62222403856538,13.56001556660906,12.442587429307853
11.62047727197224,8.986818788016699,7.8090527352798125,9.608600520582955,10.893785424550506,11.018840333214023,11.942928830416326,12.648522390936117,9.339688081983889,8.345705267121483,9.683855324526135,11.594330469973993
11.873739924857206,9.606486109203928,9.193026362837427,9.941762451798382,11.941604700217823,11.536396228496523,11.436537788244236,13.383040881579154,10.13456449784751,9.116733155190667,11.410966797700084,11.308371205206546
13.479840656361162,9.693762179062546,10.154760644277582,8.915127443193377,11.311193376794872,11.289365380284872,12.054319776915024,13.03865136335198,10.852867275379797,8.932237814121608,11.122199226543945,12.398852801558116
11.841501997239519,7.871082029560739,10.496461228575429,10.786844108723146,12.900789232465044,11.560491591332937,12.189682613354742,12.12088049504354,9.379259685720456,8.219762883585647,11.08405464459578,10.607013981025545
11.06310747138414,7.45826081449063,9.011709417278878,10.724722807920816,10.3130402327823,10.586419558539694,10.898373329740547,12.191908248182777,9.422420550178643,8.334841705300045,10.951184666393287,10.410434584160335
12.039681202741546,8.207850699946187,7.456014847300727,8.519364316478752,10.97530464254832,10.188004568249982,11.329703471345866,11.794308775594077,9.078837740139893,8.780487622826852,9.803339339773313,11.32637350145746
9.226799579068858,7.781268545948721,8.402165853304407,8.518912373923717,10.366334990791266,11.178164996752297,11.763071498684413,14.234189912740325,8.990116554043027,8.328072661264157,9.852361936526545,12.047721100174924
10.161463940412872,8.536808823696026,7.629122482452967,8.806843170061272,11.904246684724988,10.024495051182885,9.92600465812799,11.009874221204042,8.937322134956624,8.51727799389979,9.083781500396507,10.805602073551178
11.130427453129988,8.500748762756992,7.574760952995475,9.228183697557839,12.032015842185492,10.229839544074101,9.240949100824322,11.284767853147526,8.666859374643376,8.936643591974871,9.200921932737183,10.517000950043311
10.78848996982193,7.237874990467947,7.697043593050898,9.17473565571535,11.16438473285989,10.168525806931862,8.613542378491642,10.39273572093402,8.230506145496864,8.719617214309828,9.270158001851911,10.104768133313906
11.212654553503645,9.144767526459283,7.821989043108312,9.80528317077042,11.264740161527106,11.035405262797122,11.874512535355153,12.115709970233684,8.961153269391705,8.667252204878913,9.512491929111171,10.70419045228991
9.131868471233531,7.276255887777625,8.524084576124945,8.722640922997375,10.700906242737465,10.30416825985301,9.214701757349888,10.080095979614331,9.072019644289476,9.08685746566454,10.666642808120201,9.669968263969192
10.438329196305512,8.162327076705866,7.561694845890111,9.099651922334907,11.028780067653832,10.389700907595147,11.308825459022433,12.204743018499768,9.43537367477104,8.704172687980295,9.106546670030365,11.047103516905231
11.607805491009787,9.196701653047167,8.077766277954858,9.24861691400491,10.649535794520085,10.36028291176052,11.237514651599966,10.099022146027501,9.198806197257051,9.02140818656635,9.986815349092671,11.056192035556048
12.50934183191942,9.406308871443391,7.61145226996451,9.766628139804782,11.061482129448011,10.99908122312097,11.82104915269185,12.866369027858033,9.924053350829446,8.539723537795956,9.38057078923355,12.347589643683524
11.757790559414094,9.386156938785241,8.159076496536235,10.452682742311872,11.105960781703141,11.93937816336389,10.881434126203244,12.960116204442132,9.449413765648709,9.315661773561422,10.283247238262494,10.78174960888769
12.00353254199351,8.4447902532311,8.480977807860986,8.716844688476506,11.449155272086012,10.393603653549375,12.892384506497763,13.66634862730989,9.971847794090843,8.492071564650377,10.316250193521407,13.411028271840415
11.453806915889306,8.707689637792926,8.413901915242098,8.897424905586119,10.614291771336925,10.111814458847437,10.247679635213006,10.673212301081001,9.243721239834613,9.386901443923824,10.582377909630669,10.816620769629608
12.281014487711545,8.791801034311469,10.378492839646453,11.327698361345726,13.050145402669587,12.710883285896497,13.794027143706796,14.225204684640438,9.76999088129079,8.676297145738074,11.24337373070067,12.011159470037326
11.040310688590342,8.575805199021566,7.64538176430951,9.819388144483373,11.017924270130097,10.679987037125844,10.207500369864256,12.56520489663267,9.077274428488325,8.656663983914596,9.051163951590603,10.415787578926087
9.404252314680836,7.597742994175772,8.412831245996502,10.192645099446121,12.180729245694232,10.631730899613615,10.14327300618225,12.970751758252943,8.859055058960083,9.080716239396446,9.277758253368939,10.940396227252632
12.397564681241434,9.106917829147406,7.634859820701802,8.50737343325841,10.364085384857532,10.045119113063237,11.56755964047455,12.092155473949886,9.295102478192423,9.348764119897389,10.101109023831324,12.007241173144855
11.720061068288262,9.526335029566587,9.61573050055346,10.731510964763647,12.039324525617692,12.412003677476662,11.501962592406755,13.548479801652812,9.677587832288758,8.502662020299171,10.101130789486955,11.839883995138695
11.726664554476743,9.297691177948561,8.761862422599329,9.984017997295252,12.297563060589244,10.767677163153422,12.116272289962575,11.820300494085194,9.903866871632601,8.216108476176055,9.92223780128037,11.439801523479572
12.155702397850998,9.423578566847477,8.023337492852223,10.03135884881849,10.446962637869776,11.716029257742045,10.948568068167715,13.244889524419866,9.46543146967463,9.281518773983551,9.859251928108172,10.378215471088993
11.569112184556634,9.284784996231155,7.823584811928211,9.176820640302175,11.204757630228974,10.326836979324622,12.10088228259127,11.956460722731268,9.416666324285226,8.533220524615695,9.30664603366332,11.245760812529973
11.68279074632088,9.693762759569106,9.366693421633741,10.448772379176392,11.717861019829447,12.238040350619006,11.976398372549417,13.997758209359729,9.837374701277447,8.646745363415363,9.892423338193964,11.777045535193563
11.872780467989832,9.196565504109367,8.017905572874371,9.783200791432147,11.978753898778342,10.614008313576564,11.947814499660282,12.811713279542497,9.317171521927921,9.030415442198967,10.633423105892364,11.315563268078686
11.490758872309534,9.198339124291769,9.66834243614387,10.163900906119283,12.041456122379818,11.596243192987304,11.210775802474085,12.666863063529366,9.492431819112376,9.49286746757632,11.76712491890019,11.253515290272878
13.737364009520439,9.694482642292753,8.086931346770607,8.718477707717787,11.000685806695577,10.195936961356903,12.954931280572811,12.777018847304046,10.221268235166491,8.46988342627108,10.28760183254213,14.2412650102495
11.645450576747564,8.34220362742214,8.59452395414103,9.016096541058575,10.432835201414424,9.405865475078292,9.709489081023001,10.566854892819691,8.638772835468902,8.836938555574278,10.705039157333939,11.428239474196696
11.509162435594053,8.795785346179201,8.18403637771878,10.056762078290722,11.196151096325998,11.001467751929086,9.730424317897747,11.923091695570433,8.65416069152141,9.538676280401871,10.856787843158003,10.476838819631919
11.283946213098817,8.943999141174146,9.45839056395046,10.114449979158366,11.391803179733047,12.038226333945033,10.947830090450605,14.185868516536427,9.102159737844936,8.520698812487788,9.527869199589308,10.556081244168206
8.799477488691368,6.928000578304823,8.265426260698025,9.510119424712238,11.803930174880968,10.275276242550762,9.159236822193565,11.160538136130183,8.811666155383165,9.1592006752665,9.49048056219859,10.518286942032683
10.810332557368783,8.595381595339882,9.928373450625822,10.215053635590252,12.21789950022937,11.401683724987635,10.829655282317923,12.428584928637987,9.086194870056415,8.90757966973875,11.007390682285791,12.191587033673265
9.717423932941083,7.042170133428996,9.347898272231712,9.389449939463134,10.526839016530973,10.045950533828353,9.56130154569888,10.01627473344664,8.660558944222688,8.491869602430768,10.198313517666927,9.708320245126549
11.132745864258792,7.701515326741319,9.079403857691716,9.109284950164772,10.774844287386506,9.84272854026721,10.258407227011281,10.64772339721518,8.726218014854139,8.372990539328601,10.611555198077435,11.020702918474612
11.070710361738513,6.893027637835759,9.196905459688129,8.823485999688575,10.352709912588608,10.170660270792279,12.509637166917063,9.903473204767744,9.00804752454558,7.916986383709511,10.720628047496625,9.914750980829744
8.81527836143712,6.411156888859073,8.490413428168749,9.651328191309045,11.956836412757244,10.578397307529015,8.439882011317986,11.30369065232581,9.036160180622307,9.273389986203833,9.066356455272631,10.133988567450276
10.09389714553126,7.129751659402578,9.049541135957114,8.993506554095188,10.610048347491299,10.74156112926096,11.181487507981856,10.091429824867587,8.98521940065283,8.077831940798024,10.191506155445495,10.092945870219033
8.683461250984719,6.062289059284365,7.942527207856572,9.597642164497655,11.986668259801739,9.849281354733465,8.476209332900474,10.333060702883445,8.390267600054699,8.56435362356897,9.018130009845827,9.823407459815158
9.515725128167578,7.176369750108523,7.963752839743916,9.597247039435874,12.190219989030805,10.55018427374514,10.500822889577181,11.335187584126873,9.3093031037906,8.290958806529916,9.369269220678257,10.643110367890651
9.477036239836746,8.79769344037018,9.004399973154232,8.925827601725109,12.146118259180568,10.686301181707167,14.290166206908822,14.03919384823845,10.408142550390497,8.46359665989482,9.831354340948497,14.942123512164205
11.454316879854964,8.97438422169987,7.609624430856129,8.92623239583296,10.53232404643123,10.430069606620355,9.958760299830479,11.655972715558438,9.080554187160674,8.540469559929155,9.171554260196897,10.68971183716645
11.892630481976733,8.941106252876155,7.724598898606626,9.552475817442332,10.552790683148544,11.015203248563203,11.469882775126306,12.740759917113303,9.491196964443832,8.332830798785093,9.101597628887554,11.734573411103916
9.791704563709091,7.129634049048478,7.881514669962495,8.200353418289902,10.553629565009148,9.03286628755075,8.9905028068183,9.340348560892023,8.544056084970236,8.445690304619266,9.077224713635507,9.169239531266165
10.98276354050199,8.588852497337385,7.637778091912426,10.611843610690915,10.124013676511007,10.918042868390025,9.980255559359826,11.934128023559767,8.698586081484077,9.243857907305811,9.806111367075317,9.361370963018938
9.883349723695076,7.92730455096523,7.739415574749105,8.647814970403822,10.591918324170786,10.118593981741363,9.505971633266387,11.07538578361288,8.750868117660046,8.338376087530445,9.009030360903875,10.173513544834824
8.918864707105739,6.200874648725682,8.05937180601166,8.652676270073487,10.339746837750523,10.088205335690157,8.25906588163756,9.92388572532726,8.752485900212164,8.927960809252639,9.063705076684078,9.500474774856317
9.333982977667596,7.865486388997564,8.177576883654359,7.994374486716103,10.69199705593836,10.319442636939138,11.366742536926335,12.249505083267339,9.6042371651203,8.567787845261474,9.097577035026225,12.241771117024854
11.752192740445556,8.924916634789653,7.820266725680773,9.032083780454048,10.319045720870468,10.309878552076368,11.761117222870178,12.095371995779056,9.341977393708301,8.380649751234685,9.527253204154285,11.596025508526216
10.34137734325452,9.945360758736506,9.594714465302912,10.541192086805804,12.2405276091576,11.824526410980178,11.538759042246332,12.692833590642552,9.721816256329115,8.805437085380909,9.29213644863737,11.761830540037487
11.135917663163996,8.31500309177562,7.862620208124588,8.601646239622116,10.304330126331266,9.575812570560577,9.761369865594459,10.680826629639423,9.16443446547094,8.998154032744287,9.833972267027614,10.4970027725484
13.150242695413107,9.743071271384707,9.468442204565681,9.562852583268375,11.155634251417803,11.523856964514003,11.580464530201255,12.853368179437663,10.536217645933277,8.735872537952533,9.903839287019114,12.74202310278822
11.885794255356236,9.155134952093226,7.819707930442349,9.866442151705419,11.499312417163361,11.483533128434239,12.523057907792447,14.079353858032555,9.870304071151782,8.721429230939416,9.294472827487139,12.017104585870568
12.58535765594922,9.450491089376936,7.636482523306305,9.142571558052154,11.115512190517308,10.477791479852552,12.071066217663272,12.605829194573635,9.713446172001015,8.307070544848958,9.431103710756556,11.72518468775061
12.331240123593089,9.357699360547086,7.8063425709649605,8.11084340790823,10.309514167206032,10.54952031565249,11.200988279460132,11.50636458262281,9.457340513103071,8.178279120204452,9.381901124037803,11.082460858410816
9.295576390178503,8.099780765550344,7.632166773998384,8.364901790937564,12.10796040011027,10.130312143815381,11.572124335918472,12.010686291041985,9.668537756198008,8.596213159647894,9.034507773980074,12.01836746140703
11.555106550268203,8.941497320131518,8.181871112774967,10.204427876242645,10.159611653167543,10.43396429717563,10.287893315829486,12.271554294370853,9.024409506385446,10.355861976033875,10.938251669357536,10.481121402222977
9.107312815773852,6.3800997031363895,7.936496748570249,9.401251938699723,11.806733802640201,9.927832861296462,9.030335570402944,10.441149920990615,8.789907355698846,8.723434663720084,9.257083079309782,9.600998129524577
10.38862550595826,8.248646215798548,8.141933677452585,9.055776055579328,11.935708473960036,9.784977478989186,10.374602391903819,11.410556477594987,9.298986210145205,8.738973351096996,9.435527330877589,10.129886617335318
12.882078553886906,9.422819497491645,8.133582388963406,8.45703308585631,10.90306925813126,10.346864631971027,13.500282290448775,13.002034404017595,10.153077184180932,8.113860880487925,9.537118170421017,14.772987814247553
11.834738226649769,9.800044563179807,10.197272789487453,10.307875370293898,12.355621749752926,12.319050337801942,13.116208514416353,14.12188308305389,10.12053131451047,8.955592775400849,12.499444589408908,11.982315061620826
11.139480512319846,8.756092584517841,7.606251693721676,8.817560943560563,10.671780224423133,9.933530049637342,9.814676756262642,10.639910363917368,9.012952508267956,8.780573090314402,9.189496349032053,10.451046814984212
9.119917851422016,6.636667951548243,7.688464644387362,9.105870954790564,11.842288279165924,9.97339774624453,8.564290971166974,10.515329124237038,8.543661975380335,9.106044638112085,9.105513801623134,9.949343271334923
9.092095972158399,6.794692860236707,7.8148045558881,8.604631878636244,11.576852529814536,9.062657907435074,8.469782575198593,9.723093600198824,8.390609571072364,8.642493699998033,9.04522482025576,10.03283026377312
12.110013204100987,8.947646707491746,7.899658731403003,9.108147521038362,11.362210559598209,10.66035831973273,12.177326852187184,12.824810190793446,9.379208808186904,8.438015417180257,9.183261919828691,11.946857167758004
10.152802554565994,8.196311280261503,7.838640665755471,9.027303445115013,10.287452932535189,10.176472835148,10.066514653780752,10.610325758450626,8.969821808508353,8.03079892100667,9.167198462974111,9.981802059670025
10.733066269868887,9.038094736822956,8.063534606527979,10.372310489386473,9.89499958864883,10.331564340223913,9.790250087270955,11.547578015234269,9.857974937076067,10.054795043926871,10.585255967608457,10.28343241242802
11.634937071733813,9.252673467267519,7.72088068698714,8.372685558485413,10.275885401642979,9.617368413585313,10.085497377410752,10.933261873461918,9.217348538874857,8.681842126391329,9.424204356100471,10.728759105416447
11.840510637343067,8.837850727026318,7.879971322771098,8.119132275834168,9.909051363504114,10.18791194828738,12.091837974657036,12.156223884456667,9.320802061343892,8.08100534400001,9.289053155022504,11.572189633722761
11.998785254265089,9.206237407906615,8.734476844066563,8.875530278053201,9.911428405865953,11.355492261857972,11.924227937608388,13.702223591176205,9.335248080683103,8.80251404050954,10.052459255581937,11.685686544465558
12.301261816429372,9.032117983037855,10.340924799926496,10.932432962430426,12.533240987780653,12.15801898057087,12.707849161058018,13.298544471707562,10.047313406466328,8.034944732063726,11.261284952840278,11.898078865396092
11.376372457262717,8.922355297783064,7.5908964872246,9.840564474319537,10.550054849652922,11.229361505160215,10.528310268215252,12.255152032277282,9.249902245600332,8.935078131264287,9.285152928572264,10.415383185297644
12.36589606925188,10.335854722408865,9.814121046736155,10.403664752853365,12.29466255498201,12.31917060965383,12.444265354843427,13.156536268802881,10.010007313940486,8.37256161598242,10.158720591463135,12.485124495353153
10.022106860637102,7.807920083364658,9.977478382937324,10.610914855100757,12.712234611920087,10.7648898133327,10.321241755699715,12.405330239087213,9.236704202536675,8.891394915950363,10.554021600761525,10.447212586440926
11.854999672942881,10.036848951917317,10.343292424433573,10.228842177055753,11.832459570635267,12.168019024618067,12.349283371727708,13.9336889830078,10.608877877142248,9.255452727415813,11.866751850874381,12.052238869833186
12.607600576031233,9.268790816209572,8.122294128631285,8.668132352908957,10.744895922967084,9.861466536798794,10.160677222928177,11.170021102698525,9.367402850427565,8.696392152844762,9.342830237506256,11.937071147203813
12.83642926519638,9.396659920216962,7.714803719268479,8.080903263478463,10.58370952041264,10.193524482305287,11.777771700344566,12.623796888556187,9.436043868654385,8.3195548161776,9.368772343167667,11.240787270088136
11.977909087688387,9.177747128754257,7.659456289834681,9.248705070342272,10.571279124747528,10.842280561782013,10.66622029021959,12.094593956113034,9.423571381423974,8.732446773515113,9.347796313338684,10.781564987422916
11.031379441468628,8.994249466402705,8.387898104502815,10.024071817351352,11.920125044847085,11.066497210399955,12.085203633010048,14.27330241791475,9.761105793263203,8.953020045968568,9.691039818864361,10.985769542480709
11.325943497203541,9.19212795135642,7.789764972021303,9.588767011026237,11.638011476444676,10.734898148500246,10.59424013122878,11.879755167798521,8.878085321118359,8.464652218909759,9.182304412149549,10.364789044951117
9.844755637287557,7.421705657049394,7.8853039158124165,8.715103849000306,11.418296890466868,9.66713750019338,11.65465902352283,11.898209627400242,9.370734518959988,8.341349572930921,9.13095302432226,10.820176817144313
9.047195634235496,7.0318096244792745,7.831825983421125,9.166303230887907,10.90289327888621,10.541256016663375,10.372486268610814,12.256565540000127,9.099397286358405,8.554417709924415,9.02504738902615,11.029498265235823
8.794244016751758,6.017468997943647,8.040046326036423,8.05280185037801,9.95441593214837,9.172776354076058,8.459961365234193,8.526527861887423,8.193263858722084,7.778303670110408,9.680494317620315,9.153668531583902
11.594818044478139,9.37193855584907,8.077695582185669,8.805561001019912,10.876149500864528,9.869053368848142,11.268992399909525,10.774826109997422,9.350087514484168,8.929707049989794,9.468374895664816,11.148527195161114
9.321777984543955,6.743157822313025,7.824862607785231,9.145851058365839,11.772024418977983,9.96342854851565,9.024698501971113,10.258170290950734,8.720469344369922,8.83168627111736,9.132517608769671,9.74598157987211
11.40284304116732,9.076383894391176,7.589481255751806,9.899013098379,10.747941376786407,10.970482204324767,10.553429302732429,12.245523913470594,9.427520575434611,8.57625995624686,9.211851469046227,11.151988642909451
11.490149483076857,8.830639290062534,7.492598815449481,10.557894852025125,10.257971439297252,10.977101956677028,10.592370719788896,12.899024324148723,9.033353269095262,9.54483871687223,10.444388872172093,10.308656071818827
11.799576863902685,9.778857046434387,9.179156920350552,10.027667044452702,11.59639115877488,11.924197904599788,12.424925637012073,13.428497873338056,9.726874473077826,8.342534461743591,9.77385107674744,11.64145622307085
10.57897962187402,7.56322296037882,7.625570964735507,8.642813965118775,11.332415702734995,9.401765540691997,8.780262679635822,9.596519096285624,8.595228979802746,8.499752975265684,9.20970378739242,9.68874787551575
11.553641356690775,8.752975455638627,7.5669216331217815,9.942855028326473,10.628065073364704,11.177836629793898,10.508019808131586,12.988109550583424,9.150560296331347,9.422430831876419,10.256583181644306,10.52519258193499
12.078960009503255,9.944098556242508,8.74060895818467,9.850909170095244,11.367724305546357,11.770545676515258,11.551702107106967,13.240934135930413,10.114856229301944,9.0426848311635,9.849860170484991,11.282656232636118
11.490125018948648,9.008549799340043,8.03214800512473,8.965360972721625,10.934929660740389,9.82973237167614,10.716734448536217,10.29474441581955,8.89957514673257,8.683272881715249,10.75537229716394,11.049565159980618
12.652533703064151,9.499676680270635,9.892304454423087,10.096354451387636,11.945652437209679,11.950351627443263,12.24333143126282,13.20791081958626,10.366918159672418,9.001824259533771,12.412776121774424,11.815488554440563
11.891642106078647,9.733456563470144,9.93684754492935,10.830628757370222,12.444029168832191,12.212402391199493,11.721420226545352,12.76359871603634,9.582398807579999,8.676330247401895,11.377037656188975,11.104334719993814
11.783047451285993,7.554870679838565,9.041352620663258,10.795095248093912,12.818184213601343,11.184476534499384,11.600395976492996,11.669865315762353,9.197470509189499,8.295875785148905,10.508155337413625,10.225159325678904
11.46787467268839,7.854519486296143,8.909696166730452,10.17818210401973,12.62612313123811,10.586013795790018,12.816828234191114,12.790245100890777,9.462804808219788,8.117945134967835,10.300988854956312,11.857640149191004
11.176503914731455,7.791703388758949,7.99501751409288,8.613692858372138,9.84345272980335,8.770560539228297,8.795721816025088,8.78583838921229,8.007431918374479,9.701652381088836,10.907233146012004,10.012846334628854
11.143088683834703,8.187492636472017,9.965889806732807,11.664163451280945,11.18789855772092,11.059293664970095,10.108328661489585,10.959150055345336,10.029658068371264,9.365814658926434,11.359716699947821,10.877844795786393
8.455273329400015,6.392254040914057,7.719122898467377,9.890075534490366,12.148461626215834,10.593327968594977,7.932892412085542,11.363751673384057,8.538054815408088,8.773507684238847,8.801125870639124,10.229789467552662
8.712432406471544,6.616617496402372,7.849217255321989,8.828507679681117,11.60772805295935,9.902962250020078,9.528718415356051,11.248832195292202,9.053692138255625,8.664557113819564,8.982397055584245,10.207266862131384
8.76543094925929,5.960397171123159,8.55698680638739,8.880971717730265,10.473036065407214,9.768362998298796,8.279747824339383,9.028457188561461,8.512758903296856,7.916460960393462,9.018288458401974,9.286120349856917
9.011752163983502,6.613856860655718,9.51670836486768,8.92083644071835,11.671020265877246,10.749811576533173,11.788426000567933,12.774636529984878,9.736493138672524,8.82379821430756,9.140263124600002,10.956161029283408
9.853818552602108,8.049677937912604,7.761372122680241,9.587577275959775,11.669534056458385,10.57180359488578,11.256113645709727,12.442058267694991,9.354422299482806,8.533373247934712,9.054037192536777,11.168013045229074
9.777685361409079,8.086382781238772,8.705428740596087,8.857405896186904,11.045632725346664,11.135195779469917,12.240849550108923,14.53695991708044,9.363978085320811,8.397030335078096,9.329974996564982,11.754982706518218
9.261208846599702,7.876094991945905,8.661926491886142,10.484089298577233,12.304097230825603,10.954727769785467,9.612041178780075,12.8526889780656,9.158932570003826,9.013786749988146,9.852518098381866,10.325235799494772
8.618257011237137,6.6968388753179715,7.880853175196842,9.201590237669253,12.324261755615114,10.76209606379102,10.837833302440984,12.302336617592463,9.38484371521251,8.390580903706423,8.935693688379907,10.353338582611379
12.213627374734497,9.26259140054111,8.47178628298115,8.88563635349675,11.638185680491274,10.46640155758887,13.524515545947137,13.509679853486055,10.650594763864252,8.682094472449483,9.941145985825077,13.96664743555797
11.561650411476759,7.863730780282116,8.577455295705509,9.515841523434277,10.992088856410447,10.042572392269253,9.2812836736794,11.577135742721433,8.377979805792396,9.404621517089353,11.722999927397098,10.88596697106626
11.341537503360492,9.230592400115135,8.182371153010978,10.120380721647356,11.48534489269994,11.22925212633221,11.148276483603945,13.087248145214915,9.87187858059346,9.031420205500412,9.973468865324577,11.111143495855831
11.076000884711288,6.984232586607063,7.919235994054534,8.562653073639266,10.059753564194942,8.87447306927764,8.783158855363002,9.360622085436109,8.115275196361758,8.676591600289976,10.312948405390397,9.863821247298489
11.682705261368914,9.409013515560456,8.534043362366505,9.077733823325945,10.235638017037761,11.00236973276031,11.602343543040092,11.775651080290407,9.439651231879274,8.493131965472823,9.795594340873597,10.976490394396173
9.420222729822889,6.277775455402571,8.159510713713546,9.21079823136737,11.61391343691564,9.397350879417987,8.692722563890017,9.096435047775978,8.59539794469987,8.671576383054722,9.541837583339017,9.047321318648041
9.234610247326147,6.451960199173515,7.9400636938682165,9.677815673479147,12.248796771967465,10.411746648388432,8.773219555549915,10.723703163485897,8.644503653585419,8.6948725741402,9.639486253400328,9.646530992799393
12.265673981679225,8.263529754584201,8.069386619240872,8.598930808049333,11.285581805861309,9.617473953351066,10.54424742288107,10.780296264633735,9.383409698293622,8.270671315880886,9.672626644693311,11.770564908148529
11.87829756110791,9.561119700142507,8.176941438814746,9.045280725969382,10.74988173383153,10.446111739333064,12.715338760561679,12.948251839804351,9.96686199105274,8.58520300606065,10.415403443811574,12.35202746010872
9.08383860479495,6.414271209966944,7.887754030198618,9.643462076986498,11.852585381296013,9.76875186848944,8.454172995103441,10.02539545132696,8.716668587978837,8.940617068390313,9.48156075541229,9.60568815538816
12.96077802780596,9.785771386001448,8.109225766462327,7.59746750559253,10.646672954306647,10.173314390767265,12.43701938837546,12.711700176770007,9.91475552206098,8.255340747484434,9.961134025950264,13.827987774976036
11.06853566548143,8.848442939351049,7.635121833344092,9.419734615948244,10.496194712603396,10.601980724700612,10.20129003066772,11.882414271854968,8.91877084578773,8.911803510277172,9.803385089587595,9.967516475051331
11.825388773180496,8.79066627897745,7.710621557714717,9.439518320535857,10.575203079590647,10.975268512698582,12.144201472294391,12.899193260381612,9.353693020635683,8.43467849252384,9.17313438753964,11.665404714022415
10.816069341836984,8.025166302435919,7.706672250243966,8.124166833935668,10.62218143177679,10.023835840445939,11.429148091065171,11.92039402569668,9.048677294174036,8.462680489261153,8.990964902421918,10.583783978682069
10.692231301954736,8.473544222126494,7.841137280040196,9.283493616890501,10.484330446084025,10.748616545510501,10.27379227548664,11.59914210486104,8.878972651807999,8.411929269571734,9.101350235403082,10.064440025979264
9.501907349910166,7.488249809015332,7.739557552002208,8.24125468017233,10.28091731631081,10.043065009509773,9.978519560753401,12.069315984183058,8.92358635662126,8.639980685158891,9.040627422974005,10.36925728007374
11.491607926218812,8.538828199805048,8.434316053587512,8.665955967226996,10.832336069136433,10.738168259117241,12.18067565020704,12.54991712724127,9.161774920730766,9.033229116440484,10.366364711775889,10.996825308402592
10.244684664498694,8.037324426643961,8.61548588555654,8.580387183863138,9.836413365672453,11.125108156539127,11.207181939474165,14.060825223825526,9.03663567289323,9.653138860188346,10.090028526133569,9.950154131796923
9.343904928507236,6.565389832670228,8.443303534940048,8.361985861634905,9.72597309246709,9.166512991715,8.268675708447264,9.112797308077706,8.494830988946369,9.307778438395056,10.601391111159996,9.882744112425156
9.715818978996888,7.409507619163279,7.551842436388253,9.019193921726787,10.890958656557553,10.081561239890908,9.634860956658615,10.386259387687238,8.706910642450138,8.433100148674253,9.027044497927202,10.238343760362401
9.437328023732142,7.635846742296291,7.581717507545009,8.889757291149035,11.789640597862814,9.786132176152297,9.30646481785662,10.797793321321757,8.68414698009948,8.846403940613829,9.093863720862421,10.067154821670877
8.734985327893577,7.144657869959559,7.709057991453971,9.675456243428043,11.921278441726384,10.39530405895362,8.695983765733907,11.828153047586834,8.776372075244218,9.253304116170796,9.035380616284522,10.380784581227568
10.79628008511278,8.120689884685383,7.585947950315821,8.894869400969043,10.74263965980181,9.966483109152302,9.519562131084738,10.691060604900532,8.974107833436396,8.647866731113362,9.215287896443112,10.19800225212889
11.488053683988403,9.368706048324468,8.849265144092861,10.056268754352706,11.983867466464625,11.650813662338372,11.263801332841917,12.322827134323473,9.512107648896022,8.562835076712341,9.4232178332253,11.729511506696952
9.826700964343209,6.212678290262561,8.291375051332126,8.150331872172455,10.478403007664266,8.798278183051888,8.747092786460597,8.696701513401496,8.59532827424543,8.04799643618993,9.877178931890871,8.767019616808541
10.475510758349891,6.7962086901370355,8.116880457732645,7.690722709274453,9.631326307737723,8.534868566469141,8.88288908482759,8.326519164791106,7.988028763361017,8.463818474532014,9.810704189771666,9.460224478304967
11.196538212060414,7.47553512610824,7.79323856036903,7.68976027003382,9.621794421246838,9.743469444136256,11.731966914366907,11.959131348703762,9.323068983255194,8.356968809404126,9.0589516719325,10.572993958272537
10.317219325518128,7.842542992503019,7.941417817217055,7.708830114873563,9.70311266615606,9.823720380839738,12.071414868912742,12.328916692782581,9.48142075001465,8.177332939538596,9.25569984798304,11.242940114136514
11.428331595083826,8.736765957544035,7.7020000017735,9.437403385041488,9.6146949759566,10.773566368392803,9.846893726940992,10.998658185413667,8.840677727725668,8.562627092095397,9.1012034107207,10.092358337333732
11.557678035910477,8.763930423540813,8.048850837439216,8.76525325767723,9.832140164130893,10.917942990309387,10.26512183628068,12.09313039466951,9.017471014601975,8.279201639500887,9.295632157268408,10.132792561079528
12.724878939567605,9.887310392071708,9.53676040301852,9.892568156171412,11.065636222675337,12.299427806409435,13.279418779436245,14.469986923617222,10.327143560164162,8.984034439144557,10.333357404104968,11.762318570464025
9.574522174602867,7.042149337589713,7.818146468789972,7.592088783612483,10.330358742028572,9.601338934525318,11.584633902062338,12.517830831585211,9.384014277048124,8.50470986473936,9.338631062457956,11.418594256091229
11.797346160142183,8.63006300806249,7.639023877373841,7.695870569472337,9.764602564046314,10.040570139858362,12.748728406687214,12.371388090927084,9.604076355694371,8.500718684772874,9.213255938449539,12.395261063886942
10.39807851196406,7.3567782352266935,8.023502572628203,7.414761056595721,10.01678417620837,9.73650698688483,11.72884376857866,11.454432747183693,9.025819663158964,8.177910502088551,8.872839218422472,11.045657927456555
9.89245552938442,7.408251341039786,7.949148832066243,7.610226963656056,10.700837039404167,10.231149875210189,11.83245968290823,11.895781746924483,9.102317617423113,7.831807206475783,8.992450045994994,10.715677971393735
12.166186310417615,8.939651804671904,7.947338706546121,7.990443781350944,10.143622234277686,10.040985031894625,10.857140979297144,11.277223285019375,9.20525286790365,8.199974228003509,9.439922638672613,10.290931329273949
11.65598081846346,8.763929575596102,7.774298427913782,8.920774505041154,9.54777080021729,10.83570497313499,10.836020243202746,13.073827588151326,9.255545166607599,8.537139557800312,9.307475470963611,10.417526766546766
9.291677239152007,6.634309059129927,7.9354949320779,8.811237986031387,9.962895058139905,10.253616086486188,8.792500199821017,10.306285791469953,8.425900531282952,8.432578993204695,9.595184007896625,9.968385877950622
12.499621706506579,9.678457935297414,8.43005913745223,8.68853943474268,11.423772273021495,11.549864863774015,11.847181204919053,12.400970095712312,9.587313029503202,8.350567335020735,9.4010438867895,12.070916513587688
12.006790294483407,8.157976525188248,9.70807329825343,10.827057725574388,10.924300170914071,10.56301814182007,10.757838965257992,11.42183258997647,10.29059433359337,9.961612522534859,11.200886184064883,10.555645565882395
10.732737196878972,8.534621775116973,7.84206997272832,8.099593990045578,9.626706488816511,10.097105137142675,10.390568739237692,10.786654100393925,8.994720461952372,8.274960254751441,9.054392752930877,10.23417716500351
11.273460647631746,8.771687880758025,7.8487073134528735,7.952091906053528,9.531760823337788,10.30164663783069,10.251090288819409,11.45072594771396,9.051397860788965,8.454529424035725,9.388760575815434,10.190085213966238
11.582351797439758,8.659164942508776,7.742704058780549,7.754257964626941,9.51492079784132,10.17495799280476,10.413279029426302,11.669106406369481,9.041930923096004,8.349666673884004,9.245126981001885,10.528036709030976
11.276782244534635,8.643553771666799,7.831451826470803,8.94569632694232,9.8978256058364,10.12646119195059,10.372087993414574,11.636524301584881,9.035910048960865,8.466490092269686,9.44028758011653,10.463756968243485
9.453433793471607,7.210625363303573,7.85658766269967,7.987837438776249,9.834456979190666,9.663972302942454,10.24574724719604,10.949905004323588,9.18200928261841,9.025611472149821,9.960913519021975,10.020274699795957
12.078689777629108,9.38338213213141,7.8442929272341235,7.875777138740438,9.586451479624236,10.764716429320458,12.517472112235401,12.577635450607044,9.112905079972485,8.297642671424047,9.363237848913787,11.608951146245305
11.3576190226081,8.461582538295676,7.923241878251448,8.614514235354964,9.271663206148888,11.251171854978203,10.88442542282298,13.577099356265881,8.90216433616674,8.360715638885281,8.74587631512268,10.100880350301672
8.78749686763519,7.450783932167633,8.098502782491451,9.440955272310498,11.352569569979217,10.206418096268507,10.332220882864533,12.02229965821083,9.008986443555145,8.839834150584347,8.903319962147672,10.35192938686203
9.721733590375237,7.686772293598251,7.880657150691753,8.342627975892839,11.036426118052294,9.983854538319127,10.816303214298872,12.112762377134153,9.18646453850351,8.209068595872182,9.178906878720767,9.96737754904867
11.010877454425678,7.441584361271069,8.228966069759212,8.05215430099714,9.439192361433307,9.097118752966127,9.099508288019043,9.525429365118658,8.105618989962279,8.861197956802496,10.177997317176859,9.348527264760696
9.461900848442822,7.649877698173262,8.008345698902563,8.14913661763219,10.754585325496853,9.803567648359259,11.858488638637755,12.503921501894881,9.78488279649584,8.169262984431679,9.426760530842955,11.180763158829341
8.658141586918777,7.752992272025593,8.021659045854877,9.046738539990475,11.321366502316545,10.111430792221805,10.278013372831385,11.716163447611915,9.181370689871667,9.229737779315156,8.855429940476563,10.905352098992575
9.389276511782413,7.885054453465435,7.85836240341425,7.952957114126842,10.279547816950275,9.773338472013874,11.099294287569064,12.115121214301723,9.283338351414454,8.778894443265894,9.763106462903684,11.941719874665827
11.428614081242662,9.427683849614112,8.280368365488993,7.739365337623281,10.56649099625755,10.292476718850263,12.814220163829702,13.428598463526388,10.200351354341004,7.959917216891772,9.83894283185274,13.741211523912929
11.476759051570175,8.972823456809811,8.291240312522222,7.219734531651095,10.69455715543903,9.879642911021055,13.129054264733549,13.265230943346404,10.376098841731014,8.206736645814706,9.770485066253258,15.150644005837982
13.440095071089242,10.037173288757222,8.479089205425435,7.065464083095309,10.259211942127209,10.433342246046875,14.054884358258041,13.800928819303879,10.563193566607344,7.708358588172967,9.852117950066997,15.358092838099674
11.216628357084712,9.621307454050777,8.505680331805008,8.880644055655697,10.45862771337471,10.619173375324243,13.04292798034081,14.103027056473993,10.131287334968942,8.100480588086883,9.540978924531776,12.910534886683768
13.229029558671696,9.706111532758733,8.166276810764288,8.252024055830953,10.010234970647828,11.185930993830425,12.607377208141088,13.84550865641893,10.043540705935259,8.118878991373215,9.759068921210204,12.458270124856927
11.237246213291673,9.113207088543165,8.370971314204748,7.785514856177353,10.836731094659713,10.186715099603836,13.89621309508089,13.477066342615615,10.563925598329178,8.287468671879408,9.641030920139233,15.558196995148043
10.066936604612687,7.216999204566948,8.196342237324018,8.860410893360237,10.546319230197364,9.769315907379381,11.072974628003802,10.775134425200076,8.619220163525743,9.412301542680924,9.757650778860157,10.646165323142673
11.746444337119419,9.755593708185318,8.74489884770306,7.728368597737011,10.756188175728424,11.291166782949317,14.208603490776829,13.915050322545731,10.535299427071093,7.8300701175529355,9.636598458673117,15.250488325734775
9.637194039935105,8.951273465011775,8.409638999659512,8.80576398774141,10.963006315895534,10.375225757458802,12.28246466348238,11.964291076938212,9.836358286237294,8.58648727785506,9.791737155702954,11.574842688631719
9.342571503290843,6.972275033562729,8.152109772853079,9.236651110448424,11.379516488319704,10.301410956639602,8.860062833428513,11.584038286993797,8.903598885190332,8.899469480540233,8.997117094687678,10.353694920288177
11.439885370054158,8.638869534599543,7.799073949295942,8.755390053914759,9.479008103076637,9.352185471299064,10.033731184176208,10.821328514516916,8.492903253512976,9.590432782355332,10.710076232913686,10.484540864001277
9.485535040046086,6.71051108903753,7.967023944458065,9.219620398199172,11.133845259135347,9.845472033446944,8.719466127338356,11.305318782739194,8.748581594495812,8.896714344011823,9.59036252885152,9.927006265065877
9.456658302026078,7.632816668731774,7.8935055356655255,7.982331751990147,10.374524460508594,10.191095744137112,10.795216600708024,13.44587117224851,9.367504367843846,8.45154256123917,9.425292244246222,10.095106072763247
12.453368103772865,10.506701705410546,9.79522648243993,10.984894024506643,11.956809563679055,12.946804165140737,12.825142387513257,14.220498732196797,9.883830506144347,8.563449369818471,10.465629440481866,11.89057598090829
12.766920966749307,10.547294236739322,9.56577488414432,10.075575439034479,11.176169837238215,12.45030298936384,12.667854597717973,13.625842378124002,9.665604632919452,8.330680906620401,10.702663517041705,11.793994880476191
11.451434112233905,9.001925956917184,7.668628005864359,9.052764444073453,10.111464043657147,10.386767423333035,10.098357309914304,11.91579549593078,9.100448975303944,8.868448342808593,9.27840661685707,10.408324811198444
11.097805584509505,8.162500508304511,7.360246002758649,7.507257942830153,8.918325625998634,8.42717892301895,9.336074655204389,9.695529650313837,8.445919042828221,9.213150432752192,10.01181134755323,9.673784126875677
9.945242742093773,7.92681142040188,8.296120173545557,8.092677592969988,9.746006495563517,11.200648730287032,11.432563868105573,13.374389260366728,9.057087622009716,7.97373693657099,9.175982324273916,11.474297353089483
11.352081132906592,8.335172340490637,7.940223074560925,8.744619216145464,9.316262852643915,10.988841697940309,10.915211791699814,13.137640420507228,8.917240624327855,8.384210952432259,8.733076143198737,9.463216290577877
12.259551963765208,10.024708609366687,9.058639609664333,9.745528214733623,12.032680953526722,11.978815933609175,13.709535969242484,14.640928016649907,9.92569322186161,8.23463781078176,9.896892642545643,13.218415904351216
12.438237407010831,10.38698288239533,8.842263618216322,9.701641072876962,11.236683815545632,11.727270388362111,12.262518387332488,13.504476154326177,9.57593161113919,8.355598493966898,9.668771244347944,11.589940761424543
11.26348124188356,8.042558539872973,8.72432909232645,10.081002423426222,10.076924801866966,11.201892241013466,11.06885129707344,14.08542609109358,9.770439485467726,8.404663952558451,10.175043362627342,9.97927966981564
11.212429581409186,8.637305328960364,7.522643463770203,7.5258939390707,9.238880594693512,9.212719804299143,10.223227909254131,10.610663662139235,8.937727131196278,8.923988154933026,9.675495223255666,9.90578420683533
11.263318142846735,8.1696523668075,7.961320379861689,7.603025022093752,9.178892126928332,9.330854573819419,9.321928428963169,9.913025808148394,8.159897776906707,8.696637541734995,9.611024316513141,9.755967394136745
12.259896306015422,9.072726889603313,8.181629315975842,7.905082169957203,9.621992013039105,10.971700503006454,11.408906660236285,13.073429557064372,8.73782241585421,8.671645056190647,9.472582673697875,11.544222000766814
8.770750686504844,7.155011827841104,7.610581962475053,8.555923759888843,10.70042958959582,9.916790549809608,9.037190072169606,11.34538853676695,8.720289222959737,8.760392941317754,8.909248247860013,10.101259191445287
9.571460262277451,7.11245602467039,7.754580101533619,8.731147889967605,11.338178350615474,10.045420976287371,8.084163305042466,11.158432352610928,8.79520319572314,8.599318038522362,8.868269973484916,10.270243673791033
10.945512368912375,8.449338596016421,7.84382403252264,8.136491691487588,9.587290039570766,10.401252752342806,9.938147652661963,10.939975768183203,8.808917700291767,8.256608041136355,9.097791015566388,9.908502570250292
10.25221772976984,8.204532109481114,7.815494198704191,9.642434048624592,10.228026738064452,10.182929027894001,11.348388168708219,13.068832233485445,9.156299669112855,9.281741541638244,10.157593858305255,9.983240310947203
11.351149832599118,8.371641753366852,7.564483713823577,7.975238153809126,9.063000932352923,9.453774071559145,9.359956641732373,11.370876984222798,8.748504127606246,9.547493294861997,9.948940012029263,9.544796840992918
11.88032843081245,8.626481945738472,8.117488006301414,8.468813390469473,9.48159454723613,11.286238203871191,11.63255568421954,13.224602762400517,9.076511861820244,8.243704421806644,8.862779708009327,10.08929029393963
11.592997288289162,9.053715914040339,8.271148022970307,8.446146036252825,9.849875429106623,11.338653615899355,11.825820529643527,13.478278538590029,9.275331953063501,8.03752897124035,9.286181259904211,11.309610228443802
8.536194458986866,7.062981825843454,8.090482175323066,9.588450437900903,11.707570058780028,10.078279751072257,8.516069148155426,11.175313724185417,8.90148439626965,9.408496053931009,9.014954910161435,10.19470379283537
11.246285364810765,9.561591087444922,8.819213893074204,9.150770274968755,10.923528169256207,11.049034057987356,14.029225406591985,14.85384157393329,10.54416712978176,8.781679815195409,9.823995131831134,14.546574251867323
12.881571325982447,9.881657238814885,8.69721052421994,6.947383855839322,10.779223512555662,10.643947596477977,14.444538442599676,14.292246644685326,10.88187760806725,7.9699413385756435,9.496434708249822,16.581299860549183
13.618830530081622,9.966446815336587,8.846677295933699,9.196058531457899,10.53831942859897,12.126870550774742,14.65296723888859,14.852236481652286,10.518561094172368,10.294156694853038,10.644751026893687,14.618790768586738
11.348057089700283,9.341232446639472,8.672565765050525,8.975384049965506,10.962887033916292,10.94522057731604,13.337245163054568,14.382423280124849,10.305204331976455,8.615367313710678,9.998852181701308,14.760453904244754
13.110203689764928,10.114773104062657,8.688099352936158,8.014940345238877,10.817301603872728,10.778043369081065,14.281519736197584,13.920969712121979,10.308067939281578,7.95532004295295,9.834328022108297,15.145982974667225
9.172977989309025,8.465332876079838,8.294184565633898,8.982316040918962,11.092388412051495,10.19456766719536,10.991045439589662,11.686944851802798,9.86750412470833,8.819351287170512,9.571313512947526,11.599201771819102
11.748983307825922,9.750223692240139,8.432385796056012,8.761541939785985,10.988361294132092,10.499484802015463,14.18681026819079,14.055486467172184,11.012083137089409,8.320011934798513,9.726280495082424,15.043691365631906
12.806638470886819,10.090559801703662,8.614813614786113,8.342207428258057,10.704560833996611,11.558789458549782,14.678629034896579,13.777187362238305,10.54641627520389,8.244582326387428,9.889039671905758,15.401334906763926
10.86991679527121,9.64965246904724,8.739567292040013,8.624313450173682,11.20357619921224,10.82204318238722,14.346444934261545,15.101789616697998,11.06570858794453,8.271768091940206,9.724611543936481,16.07971127478585
14.044437936732702,10.237717385538302,8.492238129839293,7.160445694623521,10.323639817043349,10.470298403165835,14.49745461394144,14.113659315455852,10.507647018754183,7.696516966374488,9.857907340321164,16.255552668901856
11.584336753670929,9.239842663043355,8.475782091389213,8.977645035156574,10.45401812630697,10.738752408914236,13.034372311712284,14.434956063217518,10.039950586383576,9.5000593112541,10.380293481456844,14.13150200117695
10.29187610395106,8.759008609115659,8.390996246130545,8.308210582832984,10.882762372081359,10.266128318077756,11.806483361809043,12.956717273811762,10.07282095197898,8.131618386042229,9.443207817142696,12.308811858152804
11.144518239480611,8.929738772006557,8.20900625119479,7.078069049493133,10.425780295377542,9.720737393503988,13.138734311195323,13.144390878058065,10.503074331453298,7.604617835846851,9.397871689588316,14.819341637456237
10.138389605653433,7.4650640729857685,7.970954455677195,7.402767531154912,10.021684262764502,9.950344855496812,12.23314422946507,11.906280401295266,9.23660962502432,8.104897744678633,9.203406539322796,10.952558616029087
8.896037325658229,6.9528832913533245,7.951827028376629,7.836988684607658,10.837271793250318,10.016527242167237,11.568617062826945,12.16791847500974,9.5872095476692,8.333585002750631,8.94933482201125,13.234091367529624
12.299626276496822,9.62049675202349,8.287044426868093,7.806381611918206,10.328361336532954,10.128460249234905,13.984801190998697,13.3673860700993,10.568143734464421,7.789435450477475,9.688151355873844,14.441659732899192
10.566479556068026,8.470637287051716,8.252761969778781,8.289869584759538,11.337245732229276,10.393146873635686,13.065647476353208,13.435798445440508,10.424747895490635,8.086070192517171,9.550584326435601,14.09608947815111
9.633441512942381,6.043726048920846,7.961179482603623,8.240964185512011,11.28794512644015,9.77963626448643,9.024379664903492,9.836416735230175,8.537980195544412,7.884925436724857,10.07650441718418,9.370387383113588
12.059244759383695,8.566805047760795,8.61143155499091,9.499778721421697,10.57685480433853,11.157495877192666,12.14174969100155,12.843444507215018,9.640139814315553,8.837468027915358,9.935719391529744,10.182919171960718
8.582316276097536,7.178887684376306,7.848397223822382,8.441493738176458,11.388389035035193,9.736480438723513,11.72363174988427,12.410678207668331,9.753368350559246,8.254468859136686,9.051806638204756,11.864573636352176
8.572926146922343,6.071054725566496,8.15011410364457,9.172354862451051,11.59240632818844,10.049399810062733,8.502211442056252,10.533740299195124,8.651996134791107,8.627022909889963,9.112733354517635,9.776681704175829
9.80554904432488,8.288561911990868,8.190748524461124,8.097249987945274,12.14318159322836,10.306059345712596,13.38532052260258,13.49070114452579,11.000888171161863,7.8713201726682795,9.158473435423218,16.366115057642862
11.96504733593821,9.758052712307391,8.589054368399557,7.53137350174782,10.55898300368521,10.424130983593068,13.99112723458633,13.389606815323187,10.476547540447536,7.732698539409048,10.198991603237934,16.185661363527696
11.472618301916256,9.366194759535807,8.600787595779284,8.976556079494431,10.63621248602031,10.913090284173878,13.221041304006938,14.293704140370082,10.199862972414573,9.1887058269769,10.274592385529905,14.586679699230109
10.571509534584221,9.038773730061594,8.813393073225614,9.473869598690937,11.22521073449684,11.223414852723332,13.894962917311547,15.266359739268943,10.22646384855505,10.326949205798769,9.936007558487256,12.292005339512343
10.935883120251702,9.476508000579258,8.662007196964328,8.41583609040826,11.104365816311603,10.815599207766418,14.767624861379748,14.673713137439533,10.98159485570699,8.195737311913302,9.64213394840238,16.30829646103663
10.780516664755115,9.015119610716209,8.5271459274488,9.573561259120002,10.755634826774203,10.761570210672042,12.939976991136573,15.372598495174394,10.014536725117289,9.62591725608283,10.221828062305658,12.156099175507345
12.976092083520394,9.889879921380833,8.669503611268658,6.765052880536191,10.891503918796529,10.545091184029507,14.662888597256499,14.144425835490344,11.176528069634003,7.81724970034995,9.472017785827806,16.920291151058652
12.07980316206945,9.765916772780988,8.602209792119762,8.449338316375156,10.708416351424455,10.673000179162688,14.230129629550508,14.845865950593643,10.51555898818167,8.230072393381185,9.56354059022984,14.969347628266481
12.130355485715116,9.691600206546907,8.584274298727324,8.337893123320983,10.774821589079238,10.688125795118374,14.49503194448328,14.617177423509574,11.000576033006377,8.116011521376857,9.632247996227374,16.6913251161159
10.1194479593671,8.059981379404421,8.435855191452946,9.48105368752192,10.829855998277102,10.756175545988093,11.483101921214107,12.795959219664434,8.905789129603372,9.37418336607977,9.817794166860928,10.876696554747092
12.780370638467424,9.878447004659545,8.322684661957998,8.065870474269486,10.500206800790536,10.238556149330643,14.029790893309613,13.450708412964126,10.598476252266236,7.837644639523213,9.577324642834986,15.11481814102782
13.006993433853266,9.701479370667238,8.069998213092596,6.896445013280374,10.379431151719205,10.054364668914745,14.550501787883356,13.326989531703616,10.926543556898503,7.724811660073348,9.355537581045988,16.024607774362195
11.458809976481552,9.440094864726177,8.417508757979684,7.4990846007768415,10.80444473160859,10.005179034005767,14.089222512854255,13.313128834962056,10.77965211741666,7.8924259999923105,9.7652783165402,15.896279023560886
13.10559581869847,9.676533743865978,8.698629942199156,7.578846394382425,11.072944907567193,10.664576743861845,14.61392579631645,14.435393150637813,11.139450857610248,7.95985544658844,9.387473426103668,16.907804921584983
11.164203149089868,8.322353618616349,8.08464739705429,7.795405470897199,10.973602451770871,10.083660358762053,13.198356883839049,12.777799028447914,10.413532269587382,7.806871831468157,9.342149223749015,15.165840566378005
11.143206921684966,8.340129667969313,7.840898880992351,7.181241839199183,10.113727818655128,10.09482504307373,12.137602335874515,11.90970539361212,9.42481041482522,7.976557932836894,9.023670803348113,11.152999395694303
10.250399320887302,8.576197902660974,8.279990210228258,8.09963831337471,10.799375507446392,10.096677143469599,12.808780387652744,13.35905569855433,10.125257649154399,8.13169872494836,9.558264739545006,13.227346456767872
13.04492644635993,9.770762163021237,8.467478761018326,9.456568090255189,10.073620388625955,11.593230602645113,12.558183359221397,14.210058656880513,10.063337682977417,8.335389131046806,9.72107973187301,12.625550226761236
10.501015582766247,8.8123935034885,8.365517621167703,8.431731416098643,10.750322125496902,10.278299451469309,12.086131469782222,13.028192198085895,9.956700231143346,8.262988754930877,9.459333234741617,12.038447058830727
11.65324608055047,9.381534688280892,8.627866384671682,8.312771202875886,11.197463651512898,10.894283309525004,13.58206395495328,13.834962444964395,10.436270768214879,7.878216344881298,9.677454376702066,14.926128116122312
10.056030301871514,9.120991254851473,8.783479957722312,8.83187435243034,11.45188090392993,10.817215267846576,11.672598812940176,12.221934320829591,10.143410738731074,8.306376494116208,9.604035928435588,12.728982366691405
9.001327521470095,7.051304601844112,8.343572936398733,8.888545738656482,11.050823200160258,9.87144011138507,9.229155509511832,10.741915309052356,8.98172534688492,8.616629402806012,9.530160425225182,10.504263627790648
10.93906679994173,8.921630290057026,8.299951588525284,8.544563772799977,10.51507289658039,10.034818967654765,13.058595925607788,13.382973018262511,10.17258658940369,8.069853716557255,9.732156821846962,13.984230679482787
9.1442212506405,7.986822380099286,8.223668214377765,8.58459765866631,10.470918431150148,9.856086820307452,11.030595420439651,11.239584205415225,9.63078358431587,8.321894200616667,9.30785829332793,11.70663380219486
10.825148900663423,8.604382328712532,7.9650183745188015,7.190094566055068,9.658632038650433,10.316282408570666,12.90925712650464,12.659866323345396,9.855752767183084,7.684010724304226,9.30421538890383,11.191898775362983
9.237689543289903,7.142523205294445,7.8839566812221875,8.457607494212242,10.810968760688544,9.763765615824354,9.69405452912747,10.620567055118288,9.063730551358544,8.227737934655462,9.151565396779162,9.742972848337548
10.580727683198894,7.911891697684045,7.926469498336821,7.582998243247101,9.856943705953997,10.015506147866388,11.701893061298405,11.813553382525013,9.497841636913234,8.199427392770323,9.297713691178341,10.796051392839955
10.303950989042272,7.732222738070189,7.890903576698095,7.884365616408246,9.511102363149641,9.715824321449103,11.841474174501744,11.9520483845854,9.331635310655257,8.214607954059925,9.280704812054529,11.018299904718099
9.42003407600748,7.218361941908057,7.927983763345518,7.984629623562798,11.137267695459817,9.6017996151284,10.865047693887623,11.655409067966746,9.499711576188377,8.179092651014523,9.088557476230926,10.649954071374864
9.315638765596756,7.525035118979608,7.821253956640199,7.460498443046461,10.62877486992096,10.12851607195203,12.140759447206067,12.25473256868632,9.818897070553746,8.123977007483257,8.876191706580045,12.48426247913819
8.614525934990775,6.911451264286981,7.912590864787611,8.066070980631418,11.198911162824935,9.639290410033505,11.393076132077718,12.05667610690973,9.452459901204206,8.197347244900453,8.937331794778048,10.80373017736554
11.36434905782899,8.394110585526219,7.827129611825158,7.632140522179646,9.950712102097073,10.411306917944893,12.333782345414704,12.450553700021667,9.397668102864204,8.310812662091651,9.18777988726714,10.972660301758898
11.712668858663074,8.67783089575676,7.940081423894056,7.730607990272632,9.931076003066188,10.19227131975067,9.787230589198087,10.507541574431452,8.970639952495755,8.20437753267478,9.72056269304157,11.47866235264045
12.179449625699265,9.638413316930112,9.080971198629232,8.72617398583483,10.73658472275447,9.306588432455573,10.892373693678156,10.910036577496331,9.884197708633835,9.851749625681899,11.210216575692586,11.942667293952308
9.94476239151392,8.063488337134464,8.473275906260783,8.90550965900609,10.915809611889197,10.006647218967144,10.550357873181662,11.208154683157632,9.531894171659886,8.91371379689298,9.524153087461318,11.365894464261206
9.57885816427059,7.427369931221257,7.8172200380187675,8.37591634178474,10.426259245074794,9.840486440700555,10.059558551973566,10.899352175811028,9.155111467561142,8.182296588828716,9.170110749915573,10.382519274166325
10.4719125827508,8.027737538241256,7.911338290339743,8.053430937269335,10.894725580653335,10.204427680583736,11.323420316237724,11.991703450682905,9.634519951309963,8.22745991545536,9.129336524556042,11.156843434562488
10.216747273893382,9.012024190878963,8.374845498948355,8.431345397374812,11.219019373265924,10.378190239963015,14.23365437052026,13.593534432476483,10.785864098205602,8.158174621394556,9.444562400843685,15.383575648862964
11.816406030708531,9.35437174205104,8.454637773662958,8.09492306658197,11.279636913429117,10.532228928315625,14.567613889273487,13.748605221729498,10.909730539116664,8.023143066603758,9.315629766769845,16.259942832143953
13.730671211184044,10.048766681498472,8.546446666255747,7.117518458625141,10.62780460690971,10.469862675781709,14.95675438623734,14.206178082844671,10.965572248733853,7.878714049605318,9.603678162583765,16.548423145270895
12.8417189996184,9.96209686782012,8.23177765345727,7.467575332301678,10.465677677759627,10.193774447632496,14.448902004889842,13.502835167780313,10.866498447694822,7.840404896184391,9.564659684074938,15.77900959342583
11.511958081656935,9.555635898081396,8.676163144894263,8.730379897749296,10.800732820413055,10.916610945831751,12.583289861841426,14.724866620043871,10.32274358020171,8.166014363619947,9.86553562469335,12.670370476324694
12.398080177897647,9.698002439924966,8.383036910341765,7.222512068862073,10.42992426673234,10.238604616307653,14.353704877002741,14.00200433830723,10.557149252754721,7.573395943193075,9.973352871746934,15.786490505883348
10.70609226096688,8.977877915234979,8.227934990983629,8.185557432806723,10.389854327872664,10.112508488106771,12.880142082235507,13.33851850095364,10.133974865416086,8.327019368738878,9.947507803393037,12.074897451167093
12.412425868439719,9.956465579171503,8.530174571037735,7.979843260092171,10.437222436447785,10.71381270954214,14.401605340922012,14.70184553612618,10.650752217427451,8.240494228378028,9.685854585676584,15.024091760567938
10.30227861822697,8.292121353415265,8.496555715295804,8.10957494096279,11.538807515838636,10.580194162548551,13.164438429512398,13.538905736258807,10.480402315448769,8.066319100303383,9.625856865987403,14.605926281615341
12.222543697225523,9.764257009855067,8.234171113758906,7.790411818925334,10.564487589264534,10.797441670335516,13.853507538570476,13.284385070851188,10.15584792617331,7.817971130922351,9.79303574289986,13.794079007466161
12.572086117650382,9.744851896972007,8.559387258921063,7.762953180669391,10.638574127847313,10.536508175513621,14.14970331259811,14.339393793679273,10.497317495370474,8.054774786824083,9.45390880543731,15.133032954514231
12.039305971510618,9.312625942281379,8.115367433752102,8.064428795407093,10.565861580122988,10.173831922095973,14.176343076506084,13.563710090096185,10.874734609479576,7.825825659877886,9.291529424898135,15.69186579315428
9.806073292671142,7.589058526273201,7.94808486345986,7.683763301869641,10.395192700956455,10.494624383522396,12.019227186473751,12.923347011896134,9.733376453769226,8.194263322794072,9.12056177588659,13.045535925982417
11.359301981967748,8.021258026250154,9.446640321619261,9.151910777600232,10.877051648504835,11.280403880689374,12.83261399474221,14.131241430396255,9.805986871582743,8.595375634381666,10.496348936610454,11.081399033087132
12.486637036192793,9.597027177293224,8.19483320808039,9.270856609903477,9.939834121029431,11.666723679570064,13.365961135960774,13.590211153856368,10.036380547164029,8.17658356268786,9.44799672197313,13.609504977197638
10.222476137043785,7.733836020387487,8.336000948336755,8.766641235389365,10.675436619039957,9.926917351735,9.999029686723098,11.089113271378151,8.883060310646623,8.496401050903021,9.371416427663679,11.096162251291522
11.397635403410161,8.124767273725839,8.094454558310453,7.175320645660763,9.886693841374292,9.510814218090006,13.379204511309718,13.019113433326863,10.15608764528326,7.518158867816381,9.395552568094473,12.175118139801297
9.632174181808976,7.496756230628884,7.903688401005604,7.8058332731772335,10.441042236769036,10.206759429504995,12.0612545454931,12.297767016800563,9.616018706630234,8.450130984399639,9.438484605569572,11.590395564033177
9.5735642275731,6.23870231430959,8.00527366147671,8.31931655410044,10.272452608175659,9.451551588553327,8.597481431312332,10.044541124362258,8.357775721998298,8.133424612673558,10.376312216255133,9.596814520492067
10.769519071373757,6.483578266050412,7.845440578112233,8.0662069451231,10.138650275078843,9.557589133205706,12.429091126752681,9.951189144327339,9.282383050993985,7.755851674685451,9.984017963344145,11.75776137188169
13.524328322103244,11.012423950826056,10.65548341641887,9.486955238355645,13.161272038237982,13.35013467185592,14.541120434995891,14.219785135919082,10.700233949846405,8.777202269208013,10.869111942099389,13.634484280596155
10.577302483444182,9.651676511775635,8.707715895892873,8.801804561443864,11.261014962718745,10.873446051803445,14.589058087911583,14.98227821863594,10.91023687820278,8.438014823965043,9.429543599732664,16.022021142993058
10.203702008559619,7.853039814341081,8.243408152965632,8.950943421156326,10.407554518301891,9.675885572544066,11.308303043588769,12.145807927074248,9.612529904130618,8.826627356503,9.637763091340386,11.508047492032734
10.03045769340327,7.823392210556426,8.112227945167907,7.803659633059547,10.59937871702518,9.723743615258533,12.773843431700438,12.851498951224634,10.192243362577589,7.9268850382614575,9.448801604970074,12.736631035121462
10.980695817190368,8.0215904945495,8.000505893747869,7.681840348350546,9.86540304849222,9.626407502554198,12.54720661812131,12.727773814378503,9.949027744661155,7.866638426603748,9.560191425677154,12.586217007162602
9.982267902501901,7.682814492394308,8.013721061711411,8.01543883001096,10.6461452169002,9.539286421858074,11.920771172307099,12.304067800245718,9.742457054171108,8.06038068081571,9.216466892818033,12.207083853940539
9.673520781484914,7.65000123629947,8.171575288315424,8.185533011620088,10.670365803740792,10.28939240481478,11.681580148144292,12.422645099196458,9.819001148274507,7.912346271056467,9.390965622573296,11.640188736939844
11.847600450786542,9.600460247325845,8.179788864081724,9.468861004586557,10.873541297328241,10.667759484684712,13.395967894796508,13.713437727531254,9.855986296454311,8.05881757649559,9.382600912987359,12.528061344066016
11.82122822608082,9.675818896631244,8.031124126155818,8.13347237392367,10.53228986313082,10.315698485825042,13.631199796668733,13.107004776497478,9.989789697599043,7.86886128771802,9.42481190059134,12.943225661955985
9.224603689395716,7.435460082003531,8.002790638323226,8.253623250040617,11.220453907881675,9.432094604440698,12.158303108890713,12.240902394436564,9.806420841565874,8.27809279641323,9.318247608248058,12.38282823589075
8.685550695350658,5.933238839765246,8.146619456618666,8.823861962004656,11.130047300861571,9.395354637075013,9.328631663918367,9.874611328716242,8.554943570173009,8.369652440799092,9.305973857075067,10.342122057672093
10.390984371512191,7.826169691799911,7.942915455475559,7.1143237201969,10.504061249386307,9.997611320433704,12.526002752734414,12.430815388873295,9.831883883558458,7.718954820777262,9.244384939165359,12.459936529139746
9.357679640609158,7.434625019549357,8.008930867070125,8.235718999684108,10.381320074536797,9.600490968131961,11.539218148181602,12.251022860635166,9.763324481108874,8.260294215147832,9.410522483808512,12.392485930678403
8.262711002028631,6.634267233477125,7.913248550065476,8.067308091653942,11.522392443617962,10.115532045794206,10.573005683885878,12.264287695416014,9.545886097717384,8.506989747080087,8.847482081574118,11.757285468691157
11.31439345260652,8.512041558070555,7.934634127978966,7.770205079158659,10.01398054577185,10.427152237121504,12.430903156417342,12.554271162758413,9.49537070248634,8.277955201800081,9.328786724201615,11.736157883636487
10.610594696025625,9.039686366409862,8.315355060183816,8.38500942176225,10.735784654538417,10.089996088790217,12.761628306904733,13.215850679884674,10.389038955837092,8.097880324660908,9.425108586823626,14.183861456306518
13.005549485942486,9.68442407257653,8.79374145178543,8.103519612239253,11.150364742298098,10.785105642994855,14.829481999993874,14.540697531027414,11.183113086475995,8.075803214395046,9.606252970857135,16.15119088770382
12.231134994803664,9.603598641413505,8.701838733863072,7.191669462116553,10.816117060013566,11.695589988149019,14.332977387540337,14.256910374074229,10.802499454313192,7.908498252661273,9.47142408958346,16.50165367289598
11.91049020573351,8.560778573182567,8.858424632941723,9.675101324903562,11.912086039928916,11.340201036345688,13.329314670696975,13.307252043649767,9.73884907245655,7.86809298652667,10.375109888232013,13.441219429275153
11.616207644324744,9.159699031278114,8.148262430000027,8.059169628169933,10.945838620262206,10.323807715588305,13.75486254618715,13.32286556419607,10.333156684364848,7.957076666828447,9.358231642020556,14.888937879816485
12.818069844977488,10.199826151049974,8.682079536489182,8.292857931122006,10.578470461895579,10.577864772639089,14.588418609418225,14.66691533334267,10.796539852708875,8.145049544119194,9.592390561972731,15.713870665967473
10.382447221505625,7.6262558049453295,7.8142393061531505,8.14594606766097,10.535943393326198,9.584926642140214,9.254495614181735,10.14528507283183,8.866080836397868,8.63190399055684,9.794341960874217,9.926396132517493
8.800346693693394,6.271893531222077,8.00554908433292,8.681614502472154,11.209399504970397,9.947580367079578,8.842801115479967,10.560424726860727,8.64522068705153,8.449838175464519,9.160189763255904,10.242091262761015
9.002805799210556,7.172912775666629,8.03411095697401,7.8230995234059035,10.345558294032415,10.358197423663604,11.089042101733304,12.72244638637478,9.621207130348546,8.803464249376647,9.399326169449001,10.921451819260723
8.617464847468767,6.65395184159161,7.953320242440115,7.862867172323398,10.7969528516527,10.421377954388143,11.149575302979182,12.63608735051204,9.362740311593964,8.40925519624683,9.220053016650137,12.031850224524403
11.363489173676815,6.747939877537997,7.826100831866984,8.11976647326536,9.994006696643396,8.744821751330772,9.067236316477542,10.515333036771045,8.52512317302897,8.427010659780107,10.360926240977848,9.874302581163404
9.82435304001296,6.338917046887102,7.721373879700444,8.50292153968834,10.395906216510694,9.554726657293779,8.5647138030938,10.118978735281518,8.395956635959188,8.227547229923868,10.19463635128379,9.809288400356289
10.939991058234915,7.50480828153632,8.10359565008692,8.884862127652566,10.007876073648168,10.96350088927806,11.80814682407612,12.870713690354783,9.698576800679225,8.42203749688513,10.141025481752601,11.498434505524257
11.975415349500073,9.679814992542923,8.40210263365696,8.434883375795483,11.045783012735075,10.743108375734153,13.43148301664915,13.437444129945103,10.141136933286733,7.9046983001109785,9.459583459233903,13.277506010368585
12.463654515802078,9.807025649090578,8.378486310414008,7.043121686397504,10.739258819186752,10.120797059035965,14.28595164698441,13.169700076499453,10.727099729759946,8.15502253688592,9.947267836845876,15.66736937361924
13.227411199025331,9.785367910823167,8.159767234709983,7.838546874046494,10.165791622487854,10.436311335437297,13.61433598750619,13.113418885812813,10.276750573872588,8.076198134277996,9.610949467290956,15.246116551053325
12.4396133246287,9.652227823358983,8.242477095093022,7.984044096771797,10.954695219106652,10.966049345323025,13.723724539179651,13.551282009014296,10.541819419952745,7.83338607362079,9.445433881927586,14.302168237557654
11.435262621057086,8.272197678228817,7.8077015313087985,7.401311154491112,9.503458203889558,9.983223975266949,12.249204448489111,12.320468140796963,9.253386323134475,8.197111097900596,8.9540286788325,10.888236351900838
9.339965172080106,7.506222523766279,7.859802754401358,7.930388071099,11.167559369247623,9.661052633953615,12.428903851101609,12.709379668024065,9.862683498430716,8.172801305855367,9.147648244043436,12.03555188611136
8.80857582018592,6.7277211711499865,7.981264907435616,8.363944420090128,11.103878098621495,10.16126734329748,10.163218731902921,11.25554217210364,9.218758293921493,8.552409950221548,9.02587518767532,10.545465046941038
11.248841948864431,8.709822049518115,8.254441663736612,8.401621904450428,10.605433501919393,10.658073903981274,12.755855684354444,13.53944021092265,9.957314075634507,8.009117881910425,9.752862840918507,13.078141105566951
12.035792173400488,9.29124753365497,7.967138852527914,7.534615695222739,9.78706843129413,10.714516717787879,12.59303139270319,12.695539755131879,9.917330663636108,8.22661254537607,9.224027667155976,11.752453896616274
12.43909778147812,8.31741025179981,7.830855416857501,7.818289937504457,9.900922956187875,9.889277111908381,11.68803285070505,13.145020994069807,8.950208551970436,8.438319581046157,9.33778967501505,11.857401730716266
11.156347603785159,8.167475271342095,7.941587487336068,7.46468996422959,9.958682383507462,10.276468430895362,11.567995246913013,12.194819926345176,9.019759835242963,8.339146081162935,8.85934058020228,10.671378111038825
13.062527996261425,10.378345245481723,9.967474472979776,9.460503920132208,10.796240382534966,11.939085263827888,12.598078931776252,13.188741829458651,11.030263010444395,8.501827489730822,11.393862638524798,13.923634033989993
11.684298877571532,8.150406529268947,7.76620547224652,7.70481643074096,9.634365788733907,9.816800293106882,11.8395280396303,12.05243835204383,9.073555713320687,8.45316688929155,9.431907992261884,12.265800451790827
9.898382748766423,9.173322545189299,8.863816815071953,10.107389741305383,11.259536443975994,11.771423870276726,12.57351663967288,13.373391383317152,10.135217395637847,8.393180517522794,9.588019519270434,12.107961303985299
10.331428229715256,9.476714984153956,8.840362632247176,9.82819590445855,10.953126966644003,11.9353700336026,12.421512568781944,14.058378843444077,10.243718313340795,8.627351809642558,9.749355351597153,12.014442087561735
9.830343249715254,7.407693307600054,7.990893113794735,8.047342715577939,10.344482714824908,9.597999852721218,11.816954332824412,12.059509677875655,9.631878909079033,8.313176916198538,9.368615782609636,11.981039373274266
13.28755470293717,9.954717261897699,8.73291375367231,7.410357509897596,10.798316018172075,10.788634998547737,14.726208212441826,14.506158025633782,10.78644862269041,8.432892033863801,9.635328364689219,14.933592691205295
9.463682947540685,8.4547212437121,8.996351434621147,10.326483241761775,12.001669391499167,11.51915638899457,10.501609764732825,13.100696173610226,9.567743874125348,9.239493135722014,9.691997207213774,10.294661316786923
8.63372732306064,7.7680248969247865,8.332631300358132,9.062199953037808,11.263420507700944,10.183743173553129,10.736539947740845,12.06484312188044,9.360940508558528,8.70690554095968,8.864467565913143,10.85676217058319
9.94854304634926,7.546574656905344,8.220684099114283,9.620388434431504,11.552882121221241,10.08453565737047,8.865368926614416,11.353490096795257,8.951263755036631,9.43444308411071,9.465943437488322,10.511294531492783
12.875466790731734,9.944638915056553,8.720126720738211,7.767978170125593,10.750380077011934,10.532678222774143,14.194887922383144,14.17029812582509,10.706498062969745,7.967378262362425,9.549830077859973,16.75547337418976
9.699269693250104,8.21937615345681,8.045294233868589,7.922984631808117,11.175341311802418,10.226260657623552,11.643793941476698,12.143863592744236,9.87600474344331,7.978841988417517,8.836952614537761,12.51257509994597
11.288215688572695,9.445809011281353,8.42531341673697,8.165480206635376,10.811417570499225,10.230605241652116,14.482036392108036,13.85722642278655,10.911620384931693,7.910487040811194,9.659691120590912,16.068745017886098
11.100784275128616,8.568150550886388,8.241246351839019,8.19673232466677,10.552341805710446,9.73949109093416,12.30514452824119,12.707855375592612,9.828761927453007,9.12674011253152,9.761841279811284,12.486429330774037
13.180679151191624,9.766851848375923,8.346221843331007,6.911873803825707,10.327182039525125,9.9326952734369,13.921607517381917,13.222619580754523,10.414617489681287,7.776962949767011,9.762871443557325,14.906032149988372
10.676629729058345,8.110270850690602,8.124577080481703,8.221202223474728,10.743326052204255,10.041745037724146,12.600530667736686,13.02914133499724,10.171119447096556,7.828671891294894,9.264373585940739,14.140614936053119
9.113778355278253,7.143610232175614,8.20860798095423,8.009915802532,10.419728757442485,10.676351222234228,11.678349618564722,12.544291164695846,9.55306663883154,8.489947748890529,9.721821127973469,11.677791524756675
11.847387415310742,9.698301999468988,8.956183013665571,8.668071778159272,11.72171420090852,10.692499122650283,12.757365085961144,13.526118298087376,10.03219299404655,7.934520008162958,9.608623663409096,13.1915488170344
9.609217505315307,7.815556861247422,7.985045738927646,7.996742152818018,10.762926428904496,10.129840649223336,11.851078963133345,12.529500155122015,9.929576989197734,7.880758492154198,9.073740076594374,12.5183848760927
11.783029615533962,9.045809667549534,8.121135347671082,7.823799641068498,10.45288645542586,10.637210533464282,13.627198386267848,13.675787527983758,10.568094047660828,7.817595839908736,9.52737552775371,15.045224417494728
9.720154293976845,6.863602866797689,8.36099087094703,8.752754062210311,10.79393788173388,10.403512727232268,10.4973269726082,12.111777791295257,9.54795102102828,8.774967824363486,10.003722191465684,9.95647237199532
12.48130635922413,9.852678901354977,8.316181221632137,7.581277521331881,10.487319577482303,10.702041923898102,13.685737629744393,12.89895496373717,10.124580723740994,8.127528946231596,9.290736294651769,14.376491673842459
10.431020338622321,7.920138203479784,8.020844590747602,7.502449135563846,9.918766308334371,10.111839737398771,12.419292090483223,11.9335325655943,9.680047049578224,7.695685844998322,9.178280001337223,11.769059788478582
10.34461367888808,7.842719808143253,7.565548248433342,8.150774889083468,9.638118628825058,9.917996311474296,12.334805041151565,11.458226037854908,9.127883404977096,8.601907315003418,9.371963565960124,11.346725294027436
10.462075246612926,7.775622757538044,7.999563473321569,8.285221801566081,10.043548315702179,10.282909678256514,9.361284511163698,10.949495473288623,8.836567912701899,8.775190003797057,8.988864605447086,10.92165024482791
10.583373438659818,8.01386109904749,7.599599367629751,8.642038142741999,9.428233558228786,10.135148065861738,11.593482805583786,11.284626374346391,8.798119265088381,8.772256491603306,9.770490093831745,11.348529924852732
9.54207418567978,7.2782880050188075,8.049634965827392,7.456719946886945,10.338389173590635,9.565429717111243,11.903090648455114,12.445044732996633,9.512838030170544,8.028049419352643,8.975393225098186,10.811794110878376
10.884132533348543,6.872700462825408,7.9971274153925,7.837915508910444,9.566138770718164,9.32789842624257,8.994724161994135,9.81825312356587,8.49530815932783,8.739839905144278,9.592627464318529,9.573936282651424
8.533710941053037,6.012715615765226,8.027847650244558,8.82884377811381,11.089324785213492,9.828628929435405,8.809855227846775,10.374255856169711,8.65055032056994,8.861324838751594,8.929862244936208,9.656570864270172
11.572516437414043,8.144763630807283,7.657978987696724,7.901032256785515,10.050134819389799,10.172809791486229,12.29955757526667,13.059746358240462,9.457824817973531,8.590429546668506,9.580489518722057,11.740784205228037
12.412054418188367,9.449039651525455,9.711429262011606,9.755641550074985,10.841682204135779,12.156249992304547,12.193096498575624,14.577643589182829,10.674424894007778,10.533172104857533,11.045376755872141,10.898125270442387
8.736735139743004,6.301594500766919,8.034022942369855,8.43899037319775,10.931586295747454,10.170737710317038,10.256755517588283,12.532880187058188,9.237328443567428,8.723417999887813,9.247195677501589,10.284221406764203
11.07909347190744,8.849806438631198,8.40251245370728,8.43439890995068,10.654343720954753,10.11288717913676,13.161568562437292,12.818808161161456,10.069323463790267,9.634782981983873,9.731535840854356,11.932663192757307
10.466303573683104,8.963978789692208,8.187184203917893,7.871002341294158,10.615053343053477,10.06959574005059,13.27281783539841,13.499356833935996,10.282065283744085,8.000964039332063,9.483245308981823,14.521995372975077
11.995776522326416,9.880948211882586,8.610427717203507,8.6594755087846,11.0652460334705,11.535120194960932,13.311000220811348,13.744104235057193,10.119690408653181,7.988865566950419,9.8793527544995,12.333565061140126
9.842799750183389,7.937736153709041,7.810485053632797,8.067302874601777,11.624260228090057,10.269679426820268,12.328592874544613,12.71709726578095,10.12197513525271,8.042355844894121,9.333993072549683,12.890354401412234
9.668822731379567,7.73971903261175,8.175161248454751,8.050392013681217,10.897647982882189,9.932148033548208,12.620016335405456,12.973022334775159,10.29637256386923,8.042463528980935,9.372700870401264,13.715344505387092
10.663376515748759,8.677248873151946,8.404262497107329,8.135658985228906,10.541672411214156,9.718394409825759,12.21166293607873,12.802018141915548,10.16410279141159,8.606356668221652,9.510602829835621,14.611989737614167
9.926443406028259,8.058800962925734,7.992364547243208,7.931963007257203,10.659828234140354,9.834467100966716,12.45281032682847,12.81438295603564,9.988506251339553,7.983277153458856,9.308925273985478,12.23502136680123
8.691993364005793,7.14202383585075,7.990272084544863,8.240689425676464,11.527971762514568,10.271140059487484,12.20971357852895,12.795978587092863,9.900673014229552,7.988094878766363,9.035176624275179,11.377406551249285
8.467793172673352,6.324903325361953,8.049829573984333,9.010422057707224,11.44384239383672,9.518228069509219,10.081382291364811,12.124178711404184,9.650758086303124,8.330756332176538,9.144723444897926,10.774115018673085
10.098780908234398,7.495307186889945,7.937285016295642,7.553234583590238,10.117987546825612,9.934633523293632,11.663670940351148,11.793649693494341,9.09551224513889,8.266941032538503,8.902867350816543,10.090151556024663
10.426263675893404,7.582151695440498,7.926950603983843,7.252051062400253,9.601941952692702,9.576283034860527,12.436660337185232,12.522673701086166,9.563107342221691,7.909448336165406,9.063210558369637,10.540941544719393
9.268098034800873,7.259767672757761,7.922017683686533,7.8829020083155745,10.798909421946782,9.67260279743808,11.90668633606943,12.351023652288285,9.258605826493689,8.181206570191486,8.848583172618676,10.498271336632762
11.730312816295411,8.4661957880042,7.870401953011904,7.456109006042032,9.450871354028546,10.053636895705026,12.293293470629028,11.956960897641416,9.093402622798216,7.695700616485328,8.965194052084867,10.997980882987902
9.602226323298057,7.318226798999881,7.8023570461400125,7.499211097975887,10.748468165197927,10.018044020642293,11.915877872813764,11.949110568718815,9.45375581009471,8.191943507421689,8.928225268774074,10.731801868933639
12.366715231586118,9.009177846998211,8.048286380640254,7.3812194428618945,9.88601669153056,10.553237269606564,12.684532053329333,12.703934843772126,9.803311444643544,8.126170154272339,9.11523994954212,11.907249518441652
9.746402813576832,7.3414627667394114,7.977707440202451,7.419193476275115,10.593772758101787,9.947883775262781,11.715299598548453,11.963765446589562,9.197860151889612,8.356441460978106,9.09437442033361,10.953868908592161
13.441707627963224,9.621470737436624,8.763176684422762,8.5158885447198,10.63286881238668,11.792830117785906,13.946495421934818,13.392000941604332,10.32505363393738,7.95432403700972,9.572340710375023,13.845958207119322
11.226776419275517,7.885741372103462,7.61991378221767,7.5091426472015455,9.88329718110653,10.084192419488964,11.825116102068732,12.786072839607709,9.001207738690335,8.414523807914282,8.83367509803599,11.151242430097668
12.054366007868891,8.24899574138691,7.740914252777232,7.634957003585664,10.03432170697257,9.994355194791437,11.819445331399006,12.50456749586458,9.085566569408282,8.394075402265655,9.53909180587537,12.294460857460168
10.279416842139382,8.116009454517568,7.696890399029161,8.662898829421168,10.091904339290794,10.276824229442255,11.799813636200504,12.252112669838313,9.205610707231887,8.559436614416201,9.34894235975646,10.773790929183173
8.372172322165598,6.216746222456399,8.14584195557929,8.893850566888988,11.603397166061622,9.992804253854976,8.68797232946522,10.551399690364274,8.78975574200203,8.435097485404802,9.260395063188646,9.939856436437982
9.009025711654445,7.787983300527799,8.085924265133093,9.416240080966544,11.206408197406635,10.165370550772158,9.824696118580254,11.897658034843575,8.912727074191311,8.67313696390127,8.842777253591787,10.515025802296634
8.532128339255342,7.591543994638084,8.19601931865705,9.086079004177707,11.036520906141467,10.195745298991605,9.575062359709596,11.817406011986574,9.03185363097405,8.796466409470476,8.814574466872402,10.560112365590308
13.752491523988216,10.210625926220922,8.422426606207877,6.865030393160522,10.310712320504246,10.380708993697155,14.429484676463474,13.60319686856238,10.458738231437879,7.706258011337377,9.753220553153826,16.123234515978115
9.938129444814848,9.349356468692726,8.695006487998805,9.52920109199046,10.805895215516928,10.7728643740643,12.196025838757055,13.974844425793298,9.961261916971665,8.93210573148308,9.482874598174643,11.768192728087648
10.527001998287268,8.338378583693443,8.109309614426424,7.673246451742113,11.238702656885074,10.179823694104536,12.722411139767528,12.848436719393296,10.094286323813355,7.85032338441257,8.955156614236657,12.676741302393621
13.087350611407988,10.239697729268338,8.296637031057545,7.020121685026476,11.149567380554407,10.372293287665132,13.652066557643519,13.31283750585272,10.993484495622484,7.789322972308329,9.26351664002835,16.510400605142102
10.15741604485006,9.392579886892271,8.487901818439253,9.122778394943381,11.477864779163967,10.517402255576082,13.328283549983837,13.59832158660565,10.363939673844742,8.535312472190544,9.57426208750542,14.412591282625966
11.613254646369468,10.133763391654735,8.81614582639474,8.604207440939172,10.98985572248152,10.750679960106394,14.561723448412579,15.039154715233954,10.556079516355876,8.24117176015393,9.604066641899161,15.184397946272535
11.078806862846223,9.677118916397902,8.630141837114682,8.284154546892989,11.226000934503821,10.734741009347248,14.510035690354583,14.787140466177322,11.119942722421118,8.26969067182652,9.543957873362931,16.547305588599198
9.333672750264173,6.492287174384704,8.057089675287859,8.265000002053796,10.241780188654255,10.296344950692104,10.7087690936326,12.75650724984906,9.503809828311876,8.129992343345464,10.742484749939264,10.216248618534063
9.945120325017827,7.766796811475386,7.97141188921151,8.045015627204402,10.685571111985613,9.702266927802858,12.269757249105382,12.482280526924614,10.02018567975492,7.830570430517068,9.196894708283196,12.539204038719184
10.293144547869487,8.569035123703465,8.22889569970834,7.717899401618036,11.086639508369695,10.128603947586049,11.705662138035214,11.663781881313112,9.963557251256935,7.8948412862607995,9.294065650894908,12.350583267610977
11.723007936063166,10.254002296995962,10.078679020258345,11.623950099539309,13.226164552238831,13.939199031389354,13.69084911984175,13.715099648574949,9.934639077525643,8.516533108287723,10.677474012953216,12.539892171722354
8.875640185599883,5.923326843605806,8.054297022861416,8.139185580936154,10.639995432159104,9.27517264218371,8.528097418500954,9.59245719812357,8.31020855489962,7.853794826293053,10.003847650514592,9.637432073023273
8.610142768386297,6.133958640854752,7.957559619640188,8.70875957643109,10.769593013402895,9.914598670591666,8.846440629663109,10.75309189752454,8.81270803577936,8.639049157060793,9.109647574799101,9.783286816007909
12.143514743387554,8.590880566698683,8.101275294612815,7.554833149365196,10.083012034757932,10.482004772516095,12.610510815179163,12.524620265099546,9.440329113144967,8.543562086985009,9.653863260682337,11.750217950045926
11.647733463774971,9.41390708574651,8.39822051326865,7.349299409866601,11.084124689285293,10.196583660484093,13.580902328471467,12.960450340745355,10.600616511430514,8.696538522491972,9.621591883300082,15.194328351525423
11.441726403454883,9.663695361511733,8.68380026169182,8.396170578729722,10.87529981798171,10.69877531917242,14.035159062242556,14.629185377838903,10.55892557608443,8.226187567876297,9.529009848157488,14.8726361720087
10.17273198120738,8.207115199620018,7.95848740354172,7.853584883770256,10.233714375253987,9.938761930664008,12.540194217710708,12.996231689727091,10.00549140830323,8.076022078374423,9.554659290433294,11.405493608492753
10.311708563124075,7.733646239079511,8.024596822020172,7.371771995060439,10.388435672742425,9.849661248594652,12.779977018266772,12.898140541768235,10.071418724540518,7.863053515607251,9.234323681139575,11.553221131008122
11.44690902677073,9.164172490850524,8.374854611391084,8.319356114236625,10.310236633945935,10.168845528121416,13.096070628121574,13.382434041221877,10.024546633787326,8.78361336807784,10.0370119164162,14.439453640651342
13.248142568165063,9.999004350041417,8.216931560976672,7.598172505771469,10.070417274773925,10.355075976106372,13.658570437000426,13.81757854597038,10.052576462543582,7.923257009242193,9.734353547804982,12.555307793407085
11.079324492523169,9.027528547843682,8.375132888740108,7.730369658455151,10.974762069803925,10.345799438895904,14.12105436329474,13.691432620972416,10.538978154957558,8.079331185575017,9.360126278845318,14.347340520947025
11.720207113733672,9.570078944772469,8.600947837828656,7.149326533291521,10.698424008222617,10.470212794704015,14.076138891099124,14.013645630189515,10.64030335975752,7.913515347776906,9.512366155416872,14.583552324390375
12.342161018424477,9.461973668482386,8.734378746737336,7.21766672166187,10.712163625109042,10.857052987865647,14.432323309515244,14.30976161491519,10.62431123915581,7.971495613417653,9.464108124976669,15.199637527901848
12.158198057327288,9.322964000310698,9.254643717298382,9.222261972889333,10.862457635847766,11.451314498136139,13.036831967447975,13.910423238857732,10.407856540199736,8.260431647425232,10.295460565930144,12.695530296463128
13.710290583791075,9.740471855718036,8.575361018437768,7.740675684769141,10.691319197493632,9.901541982881879,14.768582803956546,13.555110066620314,11.003732294165918,7.976589419355093,9.831177030104781,15.757835429099842
12.280669136536465,9.517908594994628,8.495220495956117,6.743431948357512,10.763012782973817,10.57571869614426,14.253341633993287,13.947314446457089,10.769342174921157,7.869324539246819,9.327784850607342,15.675996275527252
11.575731513919736,9.092756012853767,8.16397160552263,7.6278116488565955,10.598492895665512,10.214291310369612,13.210720652482724,13.209633492413003,10.447492794395675,7.928411512422052,9.288872550232902,13.916548690766389
11.481845711460787,8.27585073857333,8.195692343734839,6.8703013834158915,10.370518069007378,9.899442093078159,13.689115607145498,13.164195327382386,10.536176075919359,7.551331337456089,9.279315131688351,15.303884906543994
13.71168397679385,10.049191747283059,8.605933783436267,9.522715769437644,10.166935623448813,11.857844051132334,12.889329926829111,14.36722734204749,10.374356140010448,8.350532238964433,9.864868470009593,13.31020658925341
12.272342301326876,9.461250336446467,8.143966865747915,6.535319736378141,10.19446163993782,9.951252613642065,13.755890917186528,13.24303184462867,10.394210656919556,7.545996622247775,9.310946085546682,14.734894555672765
13.385814367935431,9.710502254346858,8.071886957285566,6.727107115271196,9.967733938267616,10.013388104948568,13.86178552554153,13.360679570569557,10.466650574587659,7.54907883675258,9.241439738132305,14.872540770439388
11.38893126444825,9.261242683080518,8.565844011741314,9.135227149807141,10.826541609539854,10.9961405605737,12.657049384590293,13.718295950587892,10.020298225530409,8.127828622840857,9.66754571038653,12.774174223812611
11.467215164790007,8.439904075719511,7.6576380418544,8.457822452318661,9.202856730970275,10.85849657443412,10.33459344736409,12.70878526277658,8.373445238672726,9.459813937289653,9.877099244145484,10.375088432605464
11.66250032632925,8.996616914153845,7.728386289807369,9.469492674857383,9.941223482643062,11.171691377385157,11.058027547283613,13.434482230606244,9.537214653756878,8.89100476170082,9.69402922745315,10.368695653200945
13.817396180430526,10.161884706940842,8.73623497412513,7.180022365794318,10.641369119126594,10.586487470764583,15.268215537675975,14.310468892490753,11.18928964578251,7.959586424291289,9.757249601092573,17.1731252242731
13.032190135157112,9.557753943014722,8.293629036843852,7.308672992348115,10.568484547648616,10.2934207950049,13.845752781657486,13.20671485558025,10.576820679358704,7.956337700362008,9.433290788675366,14.535934992356959
12.823157309330218,9.96614150508941,8.591339217068468,7.250911375865197,10.558289387408292,10.562223265055945,14.62834293389106,14.411758009019758,10.817832238735582,8.025068339511147,9.479991519691612,15.616671070405491
9.605630433665537,7.282168794153407,8.397711073767095,9.10520670147467,11.393285001281328,10.081202420528097,10.390966999059733,11.494354481368706,9.554953824104254,8.694101527325518,9.369558218942974,11.706897723198974
10.428297672850873,8.693734666862673,8.652066107861021,9.834812160925145,10.812734761705165,10.888947708598147,11.095998604260528,13.225392594683822,9.254951238030849,8.918071464031605,9.830405800343433,11.078574610392158
9.81450711453437,8.509309086878277,8.689102881896797,9.784219208668627,10.792172349799616,10.902027029752045,11.776865765306967,13.84235971594139,9.436916868497004,10.163905159508058,10.102762143648087,11.487372879333986
12.545837819283804,9.867925926689203,8.599610356757763,7.054465585380032,10.566058086208749,10.723416063649944,13.838455701797287,13.949354154335326,10.424829824795872,7.736644547489468,9.966848279437604,15.505324820305857
10.410410900197524,8.811280319729518,8.45756675742889,8.56674097254004,10.463739309527137,9.87072334971472,13.64579095106336,13.353600905567315,10.03983291421003,9.373005340069946,9.888799476229643,12.338481049339288
13.056192298313713,9.535425074937182,8.31019269938265,8.543001674133953,10.330984561369446,10.237451042754488,13.082946437195575,13.559865771929656,10.01480208456802,8.786517112371255,9.980195750042968,13.324257098416604
13.909264386711863,10.082491179675204,8.301439613819474,6.600008719979379,10.419290268990663,10.26977855367411,14.666252851182401,13.767101557021324,10.8463032291602,7.8293217254061025,9.581486915757443,16.075497179076706
9.449874767235428,7.670751317890194,8.497591981613725,9.633090818353331,11.586179273829686,10.521588735137525,11.373634482028663,12.210712964363516,9.274344039468819,8.849029663158381,9.408590772717176,10.90383285384587
11.572985255202893,8.909048997518907,8.765684154441086,9.482293759999736,11.540352253359607,11.100930829179699,13.705782697562217,13.284392960127954,9.50206427480005,8.139686512418187,10.517995759762526,13.451616009376773
13.59474319801922,9.946841767679118,8.245420597517368,7.0655130201112915,10.16514651956771,10.45778256077064,13.988849808286561,13.385010234002877,10.149266007163286,7.459678185165558,9.72706645687968,14.559823012296244
9.926745519240518,7.194518726194907,8.359633458119784,8.879746264191592,10.525573416764717,10.17826029676763,11.241904546094457,10.697612537283883,8.617734265027996,9.400933330685833,9.713521977620596,10.411649262637598
12.357452330655898,9.5064845869236,8.665363434271466,7.947043579617822,10.786026121071673,10.626787911266552,14.475293136431638,14.529970465686372,10.851656843310938,8.136775028686024,9.510415614135178,15.273849979678005
11.103393603144637,9.32093373349324,8.383535308608563,8.194898808045789,10.643399325606458,10.347564530959758,13.531082914703454,13.611568190934957,10.536350608554098,7.885070216873515,9.460346001004025,15.201357120722433
11.034799684504067,9.375865666741326,8.405337641659953,8.480026508848535,10.641882284908982,10.426109912881623,12.956854082629665,13.48055166145672,10.128796048409843,8.086600288025192,9.745222865588998,12.83138950763169
10.562937171996802,8.724013449460918,8.346024092958741,7.842609567602256,10.738986610859637,10.249238149690274,13.501651055975099,13.168713278392556,10.18734136095511,8.118406407841704,9.470679441526444,12.576282222026743
11.08084606522009,9.546762445750982,8.664407470185484,9.291775949106395,10.46769696907666,11.0299351113396,12.592636240894466,14.93560327032576,10.066547525045292,8.605952305130916,10.079247201963327,12.260733944548358
13.960914640878327,10.199240780772966,8.39727393580742,6.4061802118153865,10.090181860626249,9.817808969468853,14.65857880179844,13.492982953170317,10.604566857691209,7.5005805783191954,9.524004394959924,16.060590342548952
10.516793063186322,8.189056631864991,8.070464149892326,8.080539142954908,10.29104507932622,9.197271295089548,9.948495396259908,10.377457582777154,9.20453233125866,8.659010277407907,9.621167656557407,10.732887888095634
14.34941032136432,10.488213496180576,9.427902706948627,7.832615270632126,10.816567190421756,11.185549354104623,14.104907895679135,13.6230149143313,10.771933683755549,7.694990240201191,10.004602375545343,16.494440766036096
11.8102102485167,9.529131118688493,9.320774877956135,9.85076490297887,11.788924475652863,11.23657919977374,11.099209252633043,12.958181533639733,9.634386687509922,8.182480894218473,9.708763799753411,11.814393515728295
9.827949273515644,7.514318985001858,8.330243705322282,8.623727902954432,10.679415031072862,9.962476945606236,10.459040553647338,11.02445412847529,9.604418548603835,8.294760317654001,9.332863945383899,11.539306862690466
10.950854738970639,8.571724254687377,8.13881022215682,6.972329647430368,10.133235041933316,9.808178967968919,12.93098696016329,12.744766011839728,10.013515687893905,7.561939829613216,9.347174150749828,13.555742824637589
11.156722607108902,7.839151782432274,8.073901873885038,8.54969744517058,9.81270691014547,9.20146013209464,9.905809986257097,10.481740637575323,8.491624603752957,9.78610616831532,10.1293843740772,10.798503252543645
13.075074672620701,9.626626733102672,8.005763727139959,7.733962205282105,9.690589683561923,9.69800063810599,13.079699716001914,13.272789718140741,9.710947337203942,8.797556478134743,10.045832279636006,12.098798163758369
10.64261935457427,6.939408294784102,8.196235664259758,8.498006098109956,10.047947086249291,9.10034882161287,9.363492443756352,9.986766616620756,8.456606769090222,8.223449941291618,9.59680735242492,10.349554805919484
9.081944014693816,6.76597478732551,8.161654392237681,8.626666828187965,10.79737094113682,9.872632912917028,9.302566443796495,10.537772869742845,9.047651356869267,8.508225669287151,9.418814739143333,10.934678790737554
12.406652281136985,9.30837658892994,8.263334455201242,6.806332063450436,10.033183813176938,9.75715904700522,13.611121143625303,13.12313065056157,10.477695821026048,7.516402241706245,9.462180955553158,15.193929592142048
13.511768090597453,9.843954451434104,8.203768388426537,6.6293692816031635,10.121061544077344,10.25627945570905,14.200001045888934,13.252740240739842,10.244347969367213,7.504911326605464,9.372437022009183,14.874392341013111
9.253589049337206,6.1923132566598955,8.28496231792642,8.484610905474177,10.571089536557409,9.196222227748017,9.229913350243987,9.870842377127559,8.612699610843185,8.02945979774233,9.596043312704664,9.311914616623575
12.018286240814957,9.998404538103038,8.795539033185946,9.180236499517383,10.870971117637291,11.688705458859214,13.511028417584738,13.689964607069875,9.987974460201787,8.582719915453591,10.693022695743686,12.83000274763591
10.596518687162641,9.175397113132819,8.649632846995456,8.413840261457121,10.747546170793608,10.45855837521397,13.064709652871107,12.556146633415212,10.409334484563296,8.271163167848572,9.625253859133196,13.867822505737662
11.107112446630497,8.96054008549159,8.224812949106097,8.0330922024473,10.61580390352296,10.039756541262813,13.480099738004057,13.511835192509846,10.5433725564903,8.049174180502503,9.576833938519867,14.649301958365086
11.473326424531773,9.478742788287544,8.480437364081205,8.24804478900328,10.816736210568754,10.37626516915828,14.448109783966634,13.77632297015691,11.103370044515144,7.960011960293587,9.629237926998442,16.022651677056988
10.387164722102131,8.814005147683623,8.216711913270144,8.244066997518681,10.284966354870605,9.720445990878499,12.57242593148321,13.141071418364943,9.921650946125748,8.367412114404761,9.62786030902848,12.173510726964045
11.846094176357925,9.423584158139608,8.335645725444277,9.234100955241693,10.171451328973772,12.576914993238912,12.670295198611832,14.392069790614286,10.037879825089712,8.204181352524524,9.855723152778078,11.316415120697291
12.07843530207364,9.571882221371864,8.489344896176476,8.919532136582216,9.967444551843762,11.421344615515094,12.475220180842655,14.242402121552686,10.25920966716339,8.528328157143923,9.780084556762185,12.777141594877882
13.50515671894196,9.483474191276054,8.157292794738146,6.534227194913799,9.57819021953112,9.971372811121823,13.771560209652865,13.261052338924781,10.077534613235157,7.611657446386679,9.538069291146018,14.450215568766877
9.577124545395785,7.473546431029994,8.032249624989419,7.989762696015271,10.450463439203,10.118694620677712,11.708297301376286,12.506385695763027,9.716102043355788,7.671204333458469,9.207262377604264,11.61140293550785
10.840056306111434,8.543659220068342,8.097599497958297,7.771913541910879,10.215450049116793,9.98576885675355,13.215343033234069,13.134690391494,10.276129947947638,7.534766773700737,9.18282634423818,14.764027469048552
10.49169455461569,9.400072564246152,8.528004800239536,8.858521664396907,10.6902369069071,11.632009575914005,12.570635134857927,12.84819483620122,10.178308256912416,8.05045244343753,9.444806721992625,12.221842510893577
10.868481864910553,8.347410897231823,8.208247567183681,7.978592354729995,10.476949274856562,9.71580689597682,12.727878127687452,12.643046137463099,10.00833003038365,9.130631812324797,9.651354062272343,12.377448075021071
13.376138918243889,9.88164377541969,8.283608385599008,6.794548274044882,10.265001257489756,10.398128066991987,14.133655829094911,13.304407404387428,10.452766413763698,7.583704763184305,9.528089072666967,14.815943989181335
10.995730871590125,9.469178488858113,8.527869031703075,7.499924445273165,10.814315934467043,10.65045384842467,13.432874221549229,13.371997826006519,10.470932010278535,7.991069820828138,9.344945524771985,13.884402455739854
11.799529623191425,9.491698569429916,8.396657815281477,8.63793087574452,10.507523912499542,10.481060739655197,13.085752922300124,13.851622558435565,10.515118310504173,8.374349448107933,9.682775984208975,14.034896375260951
12.668346718526852,9.371923713120282,8.213508759597008,7.015288275806481,10.901247626128953,10.340666984458975,14.31899498741355,13.53489357963031,11.036420002216655,7.733571206726638,9.30996125686181,16.308301745373754
13.587873841264233,10.052657314189865,8.727282439687286,8.025739106165316,10.32785178450255,10.214136734950623,12.633306090267684,13.691721163625065,10.635489142507685,8.431656414003772,9.80563845473652,14.035164893523755
11.847213765381525,9.334281445323057,8.16075623382967,7.255477955048442,10.20407914480242,9.914085530828435,11.750869191819152,11.82102592314889,10.157828512054452,8.316675553949631,9.33224530841505,13.955679773867665
10.957776305671311,9.013911985816673,8.41265282248112,8.473613482052762,11.375897423724005,10.776662207859925,13.271077117133633,13.751757557196452,10.724201193889469,8.036000280392154,9.47979742198803,14.897520534003904
10.879853749542582,7.4077247350601985,7.872026921834684,7.753782983857109,10.19058932557837,9.836871204255672,11.472150142393792,12.086605824607494,9.243609236468947,8.699447219722094,9.014329527352139,10.653199038602027
13.300651369754195,9.759779613715653,9.254309287965668,6.978946661518987,11.805909672499736,10.885763320003363,14.572262744109496,14.505016290852193,11.059903179689053,8.314839586517238,9.516864057453347,16.502989986401708
11.637834569460413,8.853627419505864,8.20622510236927,7.907135841694148,11.463445634116407,10.137146263119973,13.55375774185749,13.241417521774675,10.809918562138728,8.20085452528522,9.381748745791473,15.464725287273971
11.802592443083258,9.2486293781786,8.824043070579542,9.404875751197375,11.25711959115887,10.291124751161862,13.862583550936925,13.936863891291292,10.173323527192373,9.62944775997445,10.411225977101985,11.59737235551004
12.399986954336981,9.686657611531373,9.22099801685628,7.387679588410465,11.476340085225429,10.699808160691704,13.865494459962687,14.308300795939473,10.456835155995575,9.163077159310975,10.132392360061274,15.35455749247901
12.895870595086507,9.793429067251308,8.417049691787026,6.79087608716675,11.524350554385792,10.272385297692361,14.346479231719517,13.379461508134916,11.15531566716125,8.008263384816562,9.33786378881074,16.24783332601614
10.152505986753686,8.983036884129966,8.525957751923052,7.955471557425621,10.848484098932895,10.44426094808265,13.932360025572246,13.565351729722353,10.349981032753915,8.122275161367485,9.369741990416099,13.475879323071544
13.118974661429004,9.8165320074483,8.569052616123212,7.302236262517378,10.684211922516553,10.434013098911752,14.807614553501868,14.306268813221566,11.157174734162325,7.91760365216073,9.639646550301842,16.521094891209497
12.320510503761573,9.515215683848135,8.83247463333618,8.541065417087758,10.9037285771307,10.897750105608257,14.05135895381299,14.313248495994133,10.466636929488065,8.155103636824498,9.981548585508905,15.398406007338906
10.19908464735566,7.844290332764646,8.182390517943611,8.614596167975387,10.741686005003793,10.059099806027278,10.68530634938569,11.287680530232409,9.697076287577072,8.457317222776982,9.326838351176056,11.969472255529856
9.90127227102424,8.503186352092465,8.727959869441337,9.871783500278717,11.798964312398953,10.806545331799068,12.597782266450759,13.901059241030024,10.196248455054352,9.039231084094041,9.473462713648507,11.748990499189839
9.693223539455365,7.290837954566368,8.5303065979515,10.082789800537634,11.778251259961047,10.525004222552763,11.522963640563914,12.739677803444852,9.081050903036783,11.545816153358434,10.686440253465756,12.927831205801716
12.052162457540676,9.955063867497147,8.619622153917408,8.376631881680108,11.293283794075746,10.90276131651545,13.634557630089324,13.572012849346674,10.484442374382546,8.262045826281872,9.994459465498366,14.588381507251173
9.660562151016387,8.285980059336698,8.219510700942633,8.831552140134688,10.352076526954756,9.62186020148147,11.067513809003504,11.367693269398691,9.03657562944108,8.99371211141586,9.802915298858968,10.720537707448
12.313444608589437,9.41626382801552,8.198273789973955,6.930680109626052,10.529411092180093,10.093804831537373,14.155849194328699,13.582982298522124,10.92687191523884,7.734822224034847,9.299620939811566,16.207345549287705
11.922370312510349,9.729421008253045,8.370321440572095,10.62543102704328,10.122976012463662,12.758438054481369,11.693694841240891,14.846992594865727,10.069875407535546,9.004876135920059,9.792230968900546,10.172478047276014
12.599260359622706,10.35552743805696,9.009172663002545,8.100465265177968,10.894512200732663,11.45965684823427,14.60463882638563,14.052450950149796,10.84007122841419,7.929307910775241,9.900285415281932,15.748801402530532
11.8727019071388,9.805960470364022,8.368606883240423,8.51569025700793,10.553686493158942,11.120174667340017,13.572385997034566,13.991455046136537,10.164248642895535,8.121251792941129,9.751234020506757,12.907746828734716
12.401429429195172,9.68355832687598,8.277601358376723,8.93706612194598,10.350519875960394,11.218947528062206,13.482423284959662,13.78943533292717,9.959284545835681,8.07477495921038,9.788900904182269,13.14629557336684
11.266318426239991,9.525106160780632,8.380522217725048,8.353721604301542,10.979741875854227,10.358768953118087,14.142252464744809,13.401808452756844,10.865206398931665,7.979348616642407,9.429348467991721,15.738182409591545
13.89462168519472,10.125845526679733,8.512848296502451,8.767375686792853,11.39639101758874,10.258521578175731,13.879092629872927,13.396077387598,10.6560994866176,8.629482796855973,10.445630921648883,14.889793792527065
12.662732389212367,9.740419201427281,9.07210775314213,8.554003719682674,10.71723702032078,10.626725407973817,13.446238075745047,14.254317986073207,10.375493197645152,8.549654009586453,10.88885949247277,14.14743619331727
11.775838441411716,9.665503227699968,8.54603717160266,8.184336137926898,10.78359679454295,10.577642933602164,14.207239545408399,14.295022930640522,11.17946017862586,8.08976598445263,9.398584320379577,16.602566978268648
10.798269528114371,9.480107689509815,8.539687770041885,8.626085480415048,11.212175179819711,10.674237452150068,13.311566708705795,13.905724766180635,10.744685050551038,8.460590233114694,9.561734242709148,13.832384915264374
11.648042561537286,10.033732568941566,9.479669397784694,9.01679498542038,11.642715681396552,10.829492974690293,13.46143495603165,13.622771073366003,10.100279953168792,8.005208558244629,9.854387001550547,13.008202348264772
9.284727944108162,7.760588723981013,8.53957666588834,9.12218742835745,11.919596161865233,10.347677100237687,11.697701409528962,12.459118320513767,10.29613768069229,8.575349838485042,9.492602582531633,13.590460078208752
12.085903887749298,9.964464005600071,8.90567657959873,8.998744320782654,11.455671795788506,11.32073595093347,13.148695670357743,14.169927611929085,10.296887805974594,7.968994036839269,9.704180480619291,12.945604093418407
12.426924886617583,9.935201586153825,8.361043933580474,8.016192656970587,10.826345196065832,10.579378794139785,14.030080255132534,13.518529169210375,10.424639963572158,7.878956584131912,9.448776849050313,14.647219703281058
11.559234523779853,9.061720981592478,8.465704130653794,9.05413722305425,10.186158514560287,10.270732664622669,10.854985406626344,13.039303020670049,9.010087956173766,10.588543794540106,9.962067286321076,10.814568377163159
11.150449297312296,8.534209029586831,8.693224929266776,10.17608914746169,10.779894889591564,11.031615161476083,11.722722412476788,13.897713493098593,9.180478903281042,10.008471804436507,10.003026717487826,10.92706903523623
11.986679990626476,9.890703971445332,9.177625245829807,9.445817446793336,11.35545554776135,11.33416288835423,13.77781091937303,15.451929488019962,10.37358301136632,9.946537832528476,10.83125707535213,12.949766879420451
10.17854715357681,8.767958287286243,8.829963580897356,9.730345525605468,11.764340976120627,10.69555738721559,12.660734619044272,13.457939232449704,10.367349315495149,9.12108357208594,9.971899299626878,13.832126473447463
10.17311645677693,7.209631778581456,7.854919221020014,7.978735894273455,10.347359653282066,9.41763093716033,11.76055384203819,11.976693918966088,9.328339977577112,8.197835196227766,8.994248942619045,10.72318443818912
11.496495625776154,7.944665925631863,7.863745179931561,7.599291242853891,9.36623321984919,9.436436529319726,9.227114039946061,9.882962821657468,8.398130769204164,8.524605935260487,9.604349793693567,10.516225176988025
9.961795092372403,7.32732669909458,7.905649084534292,7.1996870611230905,10.80273776953384,9.95577689403007,12.212856838289309,11.589052174384793,9.493782947003409,8.359322811858526,9.093355034178728,12.19012679712512
12.065825956556134,9.813805595324267,8.399678203286888,7.846291949471816,10.993358236285037,10.599090869130874,13.410512782943123,13.566641869388997,10.19098664378265,7.772960364162313,9.515533642404394,13.949524890680296
13.150280846650343,9.126003716895498,8.103152577533084,7.575626805241507,9.68316249298663,10.216234992300539,13.165102045524424,13.363260292943442,9.726164205865992,7.9716352043107905,9.451388985470103,13.029692387879647
12.821122710294034,9.713017001211528,8.397760746541472,7.0934499826876465,10.133903104744494,11.397102555514667,13.986258301425918,13.761882692963617,10.290089889055118,7.5910930068218265,9.643583701065172,15.212231482830994
11.6169314850363,9.595833947586602,8.421804764612867,9.42553726137489,10.765407361539339,11.74409838819135,12.743461162814329,14.199535086566463,9.76996476334993,9.247521500561897,10.542333707354219,11.026687997737668
11.173241186449815,8.336104491009241,8.06083101064305,6.8257315742862,10.117458516414988,9.80575143255126,13.34445105261741,13.095189470899111,10.262175552165898,7.442200540398452,9.130763524976429,13.621145260113614
10.038799213240873,7.5646341991897454,7.817846542806905,7.372463870116089,10.181239152514538,9.842155422297756,11.77649414149102,12.365171151300824,9.532055506647202,7.6042019599354855,9.038355714014294,11.565865426255945
11.670458627452044,8.625927594257309,8.163290519328271,7.830286526162675,10.089975233557306,9.791246092464995,12.982909414545876,13.129417319235342,10.038266368360452,7.718406458004817,9.509816301064777,14.34276949639129
11.439961172517393,8.014082248367274,7.807506446942233,7.422680779107536,9.72993648584099,9.681104929865908,11.53141752992755,11.252106247048383,9.40985270806077,7.958802345994479,9.041095992818528,11.024089879253623
11.154182726963247,9.16355570501301,7.910705381867583,7.521909737201801,10.09727327375433,10.275211538422457,12.123872448387843,12.92699505013091,9.898969482725267,7.800339353363273,9.0390691621206,13.027956594242628
12.585365194172942,8.511091831781025,7.935283971558235,6.59144750518716,9.667571937819442,9.84477386207204,12.940034950135635,12.784570778420536,9.846011059769214,7.565827134892517,9.084042909588339,12.200465344194903
12.67853952549636,9.523123000811188,7.863394663204167,6.555599635780639,9.7872351250319,10.271012979765617,13.425493302391864,12.863879605455887,10.130920629093168,7.504784261006005,9.069115431065695,14.619330216463664
12.03902177039265,9.506089187237277,7.784145077307562,6.901939383727945,9.606654048093452,10.149373170460446,13.014167714849927,12.725329891290931,10.067865599450055,7.577944927107706,9.128933798113238,13.29557072349197
10.352627054924506,7.751208105206103,7.940149108558731,8.151399463902502,11.075871596167408,9.952705020929574,12.501581340195363,12.973655712181698,9.903248876887119,7.5244754593035506,8.902258926580322,12.508306566651784
12.438363609465508,8.410013748306342,8.10360906966291,8.114505382991824,9.597405643253323,9.7059370544355,13.125787499772905,13.050335409830813,9.873656282614753,7.882165076746324,9.43182067325181,12.802001396595776
12.628894811109928,10.141956277854108,8.014462732789129,7.3448238449605805,10.250159565677368,10.399215628146681,13.90074286762137,13.02688832050518,10.156302572815507,7.853928595030934,9.418620910678158,14.959094212788
12.550489429334958,8.351899477438407,7.804094135867978,6.616133902531427,9.542533268197138,9.935207469417053,13.06958013292057,12.672235791499284,9.802502143817167,7.425369991368001,9.068977889487154,12.094345603580665
10.059274077256541,8.016060810555745,7.945495279487401,7.680228479114544,10.168829509457009,9.830473780495485,11.932914179714404,12.469592822375459,9.753733658683668,7.683444689649412,9.123240682638075,11.000655599370397
10.03980329629927,7.6550892479600074,7.954250123674113,7.636530812909835,9.768082971755467,9.546906323376255,12.103009113826142,12.231208740055495,9.823532655549736,7.794990886431906,9.227400498690686,11.777300560549213
11.442799786847845,7.608460909232922,8.050692343588944,8.539972789102855,10.464418396961578,10.10328476414467,9.83523218030431,10.992761922660113,8.710017524726439,8.451582816449495,9.41290908899328,10.483677042823313
10.24007408876522,7.508940096901179,7.889930302357803,7.373862190280121,10.313236588889593,10.069264695064161,12.195412589360181,11.948031599046171,9.52879521067456,7.94484742616837,8.936379909733551,10.750728551243308
10.107108658701204,7.958482704439087,7.817219209244816,7.67423754612405,10.19872894602371,9.897210242481457,11.273864774432164,12.001994266944678,9.495016684892775,8.509184015182738,9.119335744079677,12.215542112462737
10.817504901969178,7.349381170988986,7.83519792016895,7.620397764031631,10.35860987237808,9.720332929091116,11.923750559109148,11.984865175691688,9.36988266394341,8.483485015320825,8.87680081913529,10.6030637999428
10.058743675584871,7.192341534680033,7.918963994431776,7.893979449505399,10.819514992085614,9.375080763806634,12.16836776766407,12.38885105672963,9.382789834178908,7.981841318313927,8.912216519273631,11.164734255893135
12.307781827767222,8.951203017243024,7.762403287566387,7.17170567743662,9.376866780847832,10.33452161135122,12.422582220439518,12.375285124810837,9.715047883182116,8.127751346225999,9.226710077263625,12.067697832339567
9.753518735854817,7.898939202489907,8.315740614634208,9.225279372259491,11.560365475624142,10.092199387888591,11.43506028308896,11.768579379991309,10.24173672105159,8.426023253470914,9.41350666255602,12.823268624340926
11.958407459755414,10.251522854622817,8.954204825125872,7.764110658432426,10.891122210849824,10.521768999437846,14.353132120149837,13.85180169933977,10.530866304188992,8.118186014056306,9.801457038393181,15.020960634896337
9.93112459292083,7.886782030356276,7.948977882716796,7.804012781144202,10.569685882594765,9.865009170764413,12.526351086588175,12.939158463648026,9.999355276229362,7.801445948536109,9.18518211853973,11.951984646756168
9.693307443039044,7.708328527284757,8.160271557894278,7.726665852859233,10.726248183797594,9.765937572553089,13.212819766050778,12.878631295822537,10.348822772485505,7.839583278935526,9.282206200259049,12.9627586610252
10.438656145060138,8.613552679781394,8.215476532299427,7.1900651645707585,10.50531726945492,10.158932915672382,12.535017267918644,12.909937746715055,10.425265075090191,7.767657824482763,9.088053567709906,14.206343933718601
13.658322777066681,9.320340469603991,8.074467479910444,6.55015391767455,9.645872818193238,9.796128887567201,14.247642015046013,13.187080695113004,10.218575644256928,7.314941867207244,9.180263806446105,14.62108702451004
11.499504487704769,9.869054821991092,8.776065261751913,9.984949591908103,10.7467101811671,12.63168340424782,12.213205474851561,13.736541595763377,10.09601663781336,8.483315027805427,9.654758258456622,11.127560004600996
11.39047668263809,8.684010714142376,8.185828855264536,7.420221195117529,10.28136090488742,10.051285085061124,12.967174877053642,13.416985535250706,10.097757042590853,7.799211077088338,9.28305842430697,13.625587219445345
10.847819957141835,8.823678701867877,8.285260043527677,7.257658511986501,10.448486789887617,9.999087715223409,13.113498861007185,13.118396198524211,10.290024914030404,7.829434419866552,9.397564685172583,12.809518995076552
11.181738659411954,9.200427289710552,8.156076932930796,7.6644897075435425,10.243348295558105,9.95300179042511,13.581440727265981,13.310540628401975,10.588156807953055,7.679393388474321,9.384320768605214,14.911518709486922
11.348752424381592,8.557482797995311,8.12754044643524,7.202645224743207,10.446855980808929,9.88914975685273,13.01038803873998,13.21303832962693,10.214383150727707,7.573295645940263,9.241353231148066,13.919217563278128
12.520158210917755,8.486430715955816,7.867763798581271,7.033215492141388,9.506875923489801,9.647333716169344,12.456579597407677,11.950492700278348,9.567038194449825,7.9049753475181035,9.249745406419411,11.80693398612119
10.23442557218919,7.52926891730556,7.987757543626879,8.713500433348976,11.149819139962988,9.738941036779961,11.94316455052824,12.157404626236731,9.697129844618432,8.544512889318206,9.279162592621079,12.554279510490264
12.66972876135057,9.721743042222748,8.384493807000878,9.666198699424438,10.2534626046322,11.87682870011992,13.325392060161542,14.064924691029194,10.265357045202961,8.346227222858793,9.797088130515663,14.063702266781883
10.45899192232967,8.95675545749585,8.610610282040712,8.674528763223911,11.340682792884566,10.198656059951148,12.747025953610434,13.229417591358454,10.516910153116381,8.355700576523299,9.628810445018027,14.639310081255731
13.507901760805678,9.497296291321312,8.049978179854392,6.7436733059805825,10.98038826401241,10.618263877802011,13.586467140987278,13.175198983609024,10.15629388397831,8.15516663954919,9.761138320819029,14.017487298792167
12.376608932764903,8.0092357335393,7.810877018002834,8.36570584635409,11.543492652186208,9.78597701061364,13.328575881054272,12.741760763509784,10.154615169003405,8.473662726422663,9.483919214084406,13.028002151625934
11.324264218271711,9.262455044228782,8.216891516804077,9.37347426491749,11.287502266820475,10.900001812774645,11.55566561526722,12.40103416451559,9.767585772687596,8.355193879339188,9.757044781447291,11.724120528738878
13.778937461074605,9.941948097006218,8.358227021431503,6.627461821949586,10.084930098644346,11.000343445400544,13.945391427852124,14.311392128455564,10.166091769353768,7.6812164927324,9.6399316313415,14.1814459292019
9.627777772004281,7.854050386364756,7.9036130158806035,8.416191377469474,11.481349608288753,9.97522118933755,12.616661707830856,12.719200622561841,10.141266674697656,8.360541852260496,9.178754124322182,12.062625050002667
12.244596645938941,8.898364872738759,7.712656217407898,8.132573059718926,9.40369283866943,10.64791588366366,11.816575320821467,12.687701689884237,9.61036104676507,8.151263782199145,9.117482613897119,11.56353258468659
10.343956925598272,7.839645386023421,8.12172083013582,8.092872819512653,10.35749109797286,9.559155683117435,11.850244504301342,12.376739880064017,9.788324371812543,8.41028548666347,9.470538812840475,12.253718468404664
12.604103997629906,8.979897872095416,7.793726581651325,6.9285911005915,9.298486426984601,9.64028855536388,12.715820124617972,11.89883469683417,9.548218033196015,8.105609166480727,9.290861283730095,11.689722607949633
12.914941004852528,9.333327059905923,7.925973168589898,8.287805907963437,11.369693560513685,10.353767884847187,13.10296912880591,12.380413430725095,9.94327646738239,8.24884120956835,9.685709448027724,12.39572412945279
10.798900594426694,8.350084979724155,7.850304403544504,7.666889310955391,9.52422496861261,10.11590880965802,12.769977598258267,12.476559623915529,9.739782451649162,7.667622686458908,9.191608193643225,11.655454420747105
12.15485745001424,9.649053261919844,8.855387407403834,8.396316986464027,11.218952536021966,11.051923152566482,13.037754606276449,12.746858661175029,10.207950519786673,8.277365663018026,9.65628117623867,13.210784442621607
11.719476515991191,9.300844584659545,7.898203959540758,7.613811830514368,9.924072873330076,10.30647389470828,12.355367141007248,12.224805434351763,9.96191433907144,7.537830293022642,9.10564527398631,12.312159189854382
10.440596021406929,9.092273810536758,8.733097340520994,9.06995266453044,10.748087116672588,10.67969148276277,12.648078793261554,13.284174953270211,10.048207295257253,8.446996338485743,9.50390578464009,11.801336372148342
11.250000284896904,8.858811995205983,8.40066069453608,7.884415217828113,10.591169964463532,9.936922785967825,13.363262658519965,12.832868858694727,10.323768387978417,9.097141174963111,9.69786541243335,14.831149081933209
11.391641585309653,8.669554315608597,7.79188007042999,8.45971332126723,9.493113075373975,10.672340380736497,10.515666740799723,12.244768686726873,9.15356234139749,8.424886869274216,9.07096036908477,10.349588719641053
11.657535020410165,8.454604632540889,7.85423376700451,9.993782271368527,9.684496057335862,11.326740079580794,10.600542964167424,14.469351747507998,9.315761648152108,10.12433382360215,10.071235340039822,9.354588043194678
11.26010687245066,8.815980459265969,8.130809957244773,8.200771479293806,9.276312305430723,9.760771651664378,10.297248813206558,10.586332251626924,9.074187060846523,9.694307168738966,10.361487599443226,10.488104494548436
11.015066121659034,8.733795391045641,7.7078215089589355,8.111211093708427,10.236530206414189,9.074232251437248,9.675236868562509,10.178035070375392,8.783188218980563,8.74805876194071,9.511649970107934,9.828458007052085
11.947589696540128,10.407148830804385,8.815369245081541,9.950611048671828,12.278197288415472,12.136177865479976,13.51361787186873,14.31220967213531,10.039369714660207,8.300028337369081,9.523884169940303,13.086156166482644
8.593455842818958,7.426067785163277,7.773691992309246,9.408339284682599,12.02335186870211,10.312230360527488,9.769921688242267,11.808673402114914,9.114941936182388,8.762962729254843,8.9171082089795,10.487217296043706
10.968688215839329,9.17351058252581,9.084122504883851,10.088467582001634,12.885015557057713,11.942746195177644,11.91478919566507,13.747342177452392,9.368035626458116,8.589006311903285,9.666674702725775,11.97783189055308
11.04283854687543,7.406638852465062,9.552711931820477,9.836825706315324,12.179434511919737,10.921916843880927,11.6659167342877,10.815606335026617,9.28217651690298,9.161739678183398,11.248451454542426,12.26376850150141
10.833336897645864,7.884268400898006,9.969402808803796,10.841416428765058,12.945428273138713,11.698092073079492,10.305672855944062,12.575811995319818,9.275570095950691,8.706331246220056,10.193895070154463,11.155602208722799
8.425865930889525,6.8141839627604135,7.875729174326252,9.445336758576245,11.98820110352886,9.66096011391312,9.195949571715946,10.298425046587422,8.91869591070733,8.56903636226569,9.025205259147006,9.911812288340801
9.312605409459579,6.993466809300284,9.122191097394198,9.805913468301734,12.001002490342193,10.676507253847,9.368297462414462,11.631258467343558,9.025717309143886,8.781069853295893,10.000360117578758,10.122021246581197
8.820387747193475,6.023876086509031,7.96263133552322,7.627002096571944,9.542758185645043,9.205344153968225,8.724389809474143,8.854911034156444,8.462727772289636,7.843144573754405,10.370394741332316,9.254024266835314
9.993778938126127,9.303310692248512,9.127832062973718,10.410666192544209,11.559091972951597,11.914037689382846,12.007100312549781,12.809250528056971,9.80763947858426,8.393911145345106,10.563557968732763,11.801978044519634
8.77785070727698,6.3006574033333225,7.999102618361063,8.713981642148308,11.064618249775927,10.116059469516372,10.587704973627998,11.90349996571757,9.101826374491663,8.742364032954724,8.831267176896866,10.502983128197616
9.222944783499317,7.413767266261863,9.314663650779252,10.351885553853357,12.292573397309845,11.24953663159996,10.301405667070545,12.997290283700226,9.352556530348016,9.102041782247504,10.092063476553044,10.297943521083454
10.107758626910453,7.806241457529216,9.074320965684068,9.457837459539045,11.727000050597816,10.654815464466878,10.655523792373408,11.786521294125293,9.620787627311255,8.079131643147095,9.985609025628952,11.681412142754182
9.260930035943659,7.462892679332552,7.754858650796493,9.803998534393497,12.130013776707637,10.363599987943749,11.408044469332106,12.121105320826302,9.257804990821002,9.105644285171122,9.773241986947626,11.25791779703571
8.711512696592052,6.057958267098822,8.171825738798862,8.312032370208813,10.794949988212357,9.777989585910452,8.361134531785662,8.971890475193407,8.663791926105366,7.696702450979085,8.952306055154004,9.153173174227975
9.661973855116514,7.432765677682131,7.863543483960683,8.8864785763352,11.128581168729568,10.278660618770985,10.638976707807824,11.253007253261377,9.414740285071039,8.293747998080958,9.263104418413828,10.835376278747885
10.136144411197346,8.11810790233339,7.861424807336342,8.547401165697208,11.357365569281958,10.407615534041192,11.99187142272178,12.568130769528523,9.937532397760828,8.163927174694447,9.150128560309714,12.948327761964084
9.78602892677429,7.918196873552302,7.763219659831913,7.802762392087405,11.332363935160462,10.258365868809353,12.444111393540895,12.628005651614616,10.024378169618931,7.911990398659812,9.211298419948138,11.693626346314527
11.237811635563927,9.783868447457543,8.14132617013807,9.650693520007403,11.766294564047767,11.13481385535011,13.235481759910607,14.222133925321804,10.063587569114274,8.217698782036258,9.484891627241538,13.31445135223256
11.090443246695715,8.905864429274914,7.899973969087697,8.243602411607066,10.705157024777918,10.071825328467122,12.708883765772997,12.712182730720519,10.033422383137681,8.091357192738627,9.253437575878587,12.004747513320854
10.146060425076818,8.008615007731107,7.816401193519829,8.189281601222861,11.314179412093521,10.594376063513606,12.644939967152697,12.8969336841912,9.961148642937303,8.034677120794193,9.266480774644668,12.430406123252558
12.244578679602354,9.412993590758617,8.065207257127023,8.139716546722557,11.06315185267734,10.441119173583724,13.382302241727436,13.067837617657172,10.2922419469896,7.850950781458993,9.236669034499954,14.193417904743262
10.526051737044535,8.376266322082948,7.809994031397198,8.415855917289878,10.570317234524406,9.963455634929424,11.811370208900458,12.434268617915732,9.78855643805367,8.179488247872396,9.218256288443014,10.853773672564081
9.993307432415385,8.679663827956755,7.786991927222705,8.579659502757703,11.997298467360565,10.1436289228323,11.592018970821183,12.521471888740425,9.491046250520418,8.339138760400676,9.030888917535801,11.824527941558266
10.880540606765171,7.812178219581453,7.784707153669145,7.869973852818623,10.948740482662407,10.004787638637792,12.177996373838363,12.728089559843257,10.02460839972076,7.929544423913679,9.072545127471916,12.149820654529517
11.803411575846084,9.844880215940398,7.791244832681893,8.815392851126484,11.353226056429481,10.11836332310745,12.646172106347322,12.425571761157125,9.848004639922626,8.149566255600078,9.180478592524805,12.429319038535569
11.161025877458387,9.400537031710718,8.02844141136685,9.028340640906215,11.713518384268614,10.713702006356831,12.41727729446004,13.112964219645654,9.928034873947539,8.052465441033931,9.220282711802776,12.257340842676522
8.324239337432552,6.043769710707865,8.351903195433227,9.57351212559306,11.843259761369747,9.83022120851931,8.573261716920848,10.81592062885278,8.714572768025418,8.73470001186819,9.21868344517477,9.735654090421237
9.943311518692393,8.427877902588758,7.757603784624795,8.384217557268844,11.381751565378316,10.169643147365704,12.294159383937338,12.463927708147118,10.127138967206816,7.989584315796052,9.084628020827315,12.633090554960717
10.359013744649792,8.065282892950567,7.861458199088286,8.771369222618183,10.691041122808016,9.587053438313646,11.953927086413549,12.499814029113388,9.670219522745594,8.698164285351426,9.589923126077856,10.916697637563347
11.191406235564994,8.211082251409913,7.799974900858915,7.905192839840731,10.272896275017144,9.725509801750036,12.60345875947888,12.818325787532103,9.725161142593638,8.441492224022534,9.430141338349577,11.817700420793233
8.815657115813353,6.514426228999818,8.008006240771811,9.344561519187454,12.017193998162467,9.849866062457114,9.02578118777821,10.235309057053328,8.481012470209793,8.413065703386701,9.234616176410237,9.717723935249511
9.078047105443744,7.442400940306545,7.786377076662294,8.057301969443802,10.819793265982268,9.753105351160647,11.691313285000472,12.274957587813766,9.533424319234708,7.922457387413593,9.151182415429982,11.012830547392252
9.990370118944224,7.877663047461512,7.8992831818657745,8.188687673065658,10.674485943858476,9.730118629789983,11.40094689995851,12.510678744121078,9.665588452809006,8.208735339931017,9.163762702395836,10.623797034759512
10.033372336886263,8.120194528420093,7.726319820935908,8.18062652738462,10.691881671238697,9.768038486002117,11.967630771273528,12.33627999867581,9.767901441127634,8.066424227298237,9.184995658598403,10.849113523638183
9.878307399218134,7.702317349668458,7.797069357307443,8.06154054366256,10.881370679625649,9.903819874841052,11.916061851617172,12.374732079921275,9.750796780849228,8.014021721905987,9.104955503700442,11.240492050956876
9.500320694843188,7.471915836380894,7.7706260914038845,7.954413159618993,10.717361092682166,9.946816294501936,11.481003285996959,12.365076238377924,9.344215535490997,8.046373999588269,9.042048484684452,10.784467633160116
10.683531076954104,7.820892460952991,8.073761216655733,7.432554970421793,10.918466296366269,9.860873308224843,12.834583938477719,13.036008797016441,10.181718466706869,7.738857429083578,9.221787284195106,13.62659290790535
11.361679571379863,9.124938987180355,7.782880410388899,8.369962081370819,10.994685608718292,10.138990229235471,11.881127759830688,12.38229988051112,9.771617729103927,7.945320419255907,9.100815173889677,12.433711210775606
9.022360901216489,7.206127476296074,7.806791496222741,8.596079407610912,11.930797648056739,9.783022026043268,11.73628286028114,12.50504772310929,9.37548675807031,8.030037092621301,8.839337829764942,10.91476443789353
11.132989849442747,7.80221718022596,7.8152927215652195,7.549126330078632,10.441627097398426,9.562337859182904,12.51298043200764,12.496461019832473,9.361861599414043,8.212312675890995,9.12036929373361,11.215553377643271
11.75652460348477,8.58473358039161,7.829252496317405,7.446297288125387,10.777966165162962,10.043253935213682,13.212332045587406,12.948392949026498,10.266885690012165,7.787137259746408,9.169163235334029,13.08773969142191
11.387100814596673,9.34451729476297,7.967874114295684,9.128130713162536,11.258974472744276,10.70823050227808,12.250289627842816,13.180035406174312,9.926442464771386,8.045619736802346,9.218602462731086,12.05705314426179
11.622636036828315,8.615754484330857,8.017673015248524,7.85773950616819,10.984345276948371,10.12847179117608,13.261494318253847,12.933324034991099,10.143860633317058,7.86302841800721,9.332558204867341,14.302595455945857
8.67618193770869,7.308075321412472,7.876625268333646,8.47783575903481,12.2745067511906,10.044930628274455,11.960039769321558,12.806811189747416,9.990270517366321,7.939746679458353,8.993716886138026,12.131307429790812
9.766960681273732,7.818516550884083,7.842158742273152,8.342230902834878,11.432940602108966,10.46637605830158,11.384582580598234,11.522990813162442,9.497930240781308,8.07602541034629,9.155601891054015,11.015658477336093
11.914337168498394,8.63728161598626,7.9745474166505605,6.762894768374083,10.756932848997213,9.943116165419505,13.24790110428803,12.914615323400987,10.220096145210382,7.665908514509594,9.154643212024764,14.079657265537723
10.05370701760754,7.808512610998019,7.6940270281921554,8.45407140221805,11.027350381883284,10.015559999809884,11.596847916497847,12.541383457197355,9.710450527459452,8.101567449604742,8.986778795129016,11.00859342978925
12.761787991008216,8.705086085453855,7.802382220439919,6.632980585620666,10.572505198521743,9.890170684727783,13.51731627956034,12.995711972880203,10.180484332233636,7.609820401447981,9.03975685567065,13.654701604239618
11.559448598061026,9.030509311051762,8.138909641268695,7.071614165135437,10.846232208578314,10.056398224765804,13.007414355305496,13.11945331448281,10.314498095526636,7.677494580895109,9.278013720352341,14.570846538430647
11.862112157333444,9.027509390751515,7.619944374348705,8.74114209993813,10.705889952412136,10.493055682800746,11.913027641479053,12.389216736240586,9.715694540223097,8.260883352899857,9.1281893788951,12.057364426417823
10.002668659131977,7.841233195285715,7.6390147936007615,8.403690828744706,11.076210223807802,10.251597052172551,12.455747973350176,12.774178612075689,9.912651040151916,8.044675443915894,8.979909548418268,11.327906034708384
10.713445838385283,8.513406477094204,8.022094539650785,8.403946128275688,11.047556639815506,10.231939281097414,12.915015367177121,12.951508632351064,10.081903030876505,7.857223599688637,9.239710867273093,13.904842680268079
12.12297623629349,9.21365379441515,8.371056102628303,7.426492431386073,11.161180893040767,10.431061562179421,13.775591318307473,13.546853710284745,10.800649038457394,7.844800490301732,9.450703071457388,15.293627993867952
11.662917778105784,8.197257223909409,8.100745596551572,7.990919626091286,10.996034894643136,10.068997101744623,13.182362200786754,13.174999983542833,10.332892105331315,7.846731739865641,9.275945267964698,14.611820380597234
10.20940549642095,8.463602854477623,7.680455177793576,8.40762608672001,10.621534786968837,10.216311991499548,12.323896099011002,12.763360437470608,9.993904074732752,8.131516005550969,9.609922823210946,12.152391535960913
10.63438606075807,8.313883292684622,8.164785194028132,8.69713133760766,11.236729325865072,10.240316256971443,11.938878969115217,12.652401834754292,9.551737675054211,8.967495013519216,9.715412331327896,12.093591223292737
11.757923359570071,8.63442451254948,7.857726710464928,6.897336615411205,10.759702052572626,10.165526421641472,13.243868495105403,12.815979830468896,10.190499017686198,7.5864386219987985,9.088195043525001,14.000717414281338
10.64406189738591,8.094925291532364,7.958046832315404,8.417636012975585,11.329047491169845,10.080599512814086,13.218439919560376,13.077974406573173,10.381310427493128,7.891416400210525,9.182572191100435,14.570160523987
11.066321167215316,8.310718733116868,8.008776476199964,7.9919290619665135,11.357581703701635,10.192258193946408,13.059553740781961,13.12742902424803,10.166915883089924,7.86457442160087,9.244102109327763,14.316655108182964
8.515743775877558,6.846736898438541,8.213038656385537,9.92466897870798,12.368104924025143,10.266344938697058,8.807364592455578,11.597399012615933,9.042681318383245,9.087655213754916,9.066856919122337,10.338905889802291
11.13681769716519,9.262953443331917,8.233347450394819,8.245244999639842,10.70403436006242,10.306654454388221,12.146486434756024,13.377751225290076,9.842108274506161,8.033887445887537,9.896463142933694,12.343554559346176
11.304410987016835,8.486898692818016,8.094457987398926,7.68581458508601,10.797822214686867,9.98278956876217,12.853094897241926,13.011300643443557,10.209804647308312,7.783869429418733,9.307177274117798,13.778970256714965
8.450540041937614,7.273208912364947,8.040194163089273,9.830676057455353,11.784196779180423,10.054540439740883,9.691866313555996,11.345677882245516,9.295237284243521,8.855806209041244,9.12342265268523,10.379026625432017
9.956194823089843,7.93976798993659,8.041006074865113,8.41605631069171,11.09351763882323,9.983415024147465,12.182094388539383,12.947632273651577,9.99983537169917,8.071846114125554,9.293113906670568,12.873895052899893
13.045224638230268,9.17605281778078,8.150952093620049,6.6724034038574445,10.512743125694131,10.53279841668157,13.389960046870582,13.448848796794177,9.792323487570915,7.86349137396991,9.678606668187618,13.884560777275992
12.87620030068691,9.310306298570428,7.739251557645784,7.097106548174677,10.270855432539614,9.929088571011807,13.620863204736978,13.06918483305212,9.930007498479526,7.63675364563722,9.285494420611489,12.374152408077533
11.434422366425082,8.794925757440398,7.788739276681414,9.240844461238002,10.597470791050828,10.589685315892712,10.027998850476614,11.925797148785238,9.00666951863704,8.925242068923556,9.22849938591907,10.198313870778215
9.744292118286603,7.6532146918145125,7.803875803089874,8.518575581881747,10.940006686839261,9.950774172876699,10.80419855696843,12.095271678443199,9.54189245620474,8.185079256878494,9.143857303351238,10.64110287159104
10.442746870140628,7.517701758278345,7.826056353315024,8.249327348830292,10.717191487017203,9.888944849255852,11.349872228354686,12.515274325426248,9.666584803925328,8.194385518931783,9.12715179756061,10.724179429384916
11.498445687069365,9.259220774167916,7.972427318589941,8.012324432118584,10.472269670686256,10.269809745166206,12.982069971302884,12.932046083618134,9.968969762628008,8.00283749419968,9.309903608250341,12.171246261206877
9.427885901369427,8.302617157270543,8.238051908989616,8.917551848293765,11.181823882836378,10.11072914223493,10.506083858311538,11.423283380070824,9.660763575579855,8.737175470985381,9.106490494533723,12.944850948091768
8.79296070363393,7.7855241674290525,8.041919201204712,9.136716913697004,11.753167571703052,9.996124886957405,8.792709664307226,11.689854386608795,9.01165890322329,8.831714299191809,8.793652990442611,10.497997237570422
10.803017299190516,8.12887473675055,7.774434748963968,8.138093834584275,10.70341414894883,10.141673200907537,11.403507465651941,11.811408891476896,9.077906238987175,8.09054940985915,8.961786510225378,10.512027225061662
12.624550977470888,9.192568622162343,7.792875004914635,8.879064723175677,10.95112322931481,10.96780854535557,12.175958196589045,13.255526694351648,9.892356239515683,8.574283999040663,9.329542331275562,12.540818956529389
11.897957846625346,9.247739789342297,7.723468374704923,10.11786861061198,10.919529164779807,11.712663587553573,12.090435506682034,14.09637535353648,9.81919336863893,8.84206036460584,9.344667929784462,11.192307976594389
12.606841072814198,8.87684926904114,7.972346736673517,9.139225066987589,10.317043749924805,10.326272517092324,12.104148273376927,12.599393674831441,9.445099270889548,8.833886889338006,10.221292809889121,11.187131218637303
8.890491806931784,6.94810725655455,8.20724414254415,9.417454400088129,11.292348953807068,9.874946222590307,9.775106764884365,10.787952496172815,8.964886724928608,8.787493813492759,9.294728841454535,11.643982105998688
10.906800164385878,8.258973013220297,8.07054783092322,9.09654416786401,10.719398268836697,9.921158459639878,12.343353476621173,12.74933405588229,9.774418600986957,8.693377304960954,9.656235041101834,11.1485707216492
10.900330857642883,8.702151097633982,8.040012487885598,8.11776072065565,10.85112717757405,9.97311864508778,12.756015455666736,13.022469551274675,10.085356752678715,8.066052402650758,9.366315872700504,12.916127997077833
8.879370942533553,7.1596152016548755,7.740913977846177,8.849957000189702,12.24288897263338,9.986924554002687,11.491165037262062,12.42830373815968,9.758422813146698,8.184268441627323,8.979538707438119,11.13796215312566
11.392899550567424,8.478291490643564,8.790254744673549,9.413960689879175,10.893147684978471,11.203141511286553,11.449476899044434,12.214289083749879,8.856712435703287,8.514974942394575,9.196209773811074,10.734499139974817
10.667105118141604,7.970074556475802,7.811900629763513,7.81559565345042,11.503022825623074,10.084128483981598,11.423554938507232,11.998910321391053,8.98341946922102,8.570041194384569,9.244991499919196,11.12556667608892
8.991342960237459,6.962063072818332,8.127550145201347,7.826802671696521,11.260634067717167,10.273567489472633,11.716226083830485,12.75169373110945,9.449966513023789,8.645941820241097,9.771083455279689,11.968424456381655
9.638199256902055,7.481741567571411,8.031546224760998,7.750991215592501,11.100928290516215,10.376121416274351,12.044040236993743,12.702789455039401,9.406344993005026,8.339560102181366,9.337153748877427,11.983192395538026
8.737292691224438,6.707346979943154,7.918115866522488,7.994299873656931,11.308738602112898,10.063240855595692,11.262435302048775,12.356690670871282,9.453340893612884,8.417183722824362,9.260201331834482,11.112683967563372
8.364758696037118,6.3702208650733105,8.032563139728149,7.98164733775483,11.607314077210855,10.227243633444953,10.848110761755333,12.661385190475585,9.335783491034055,8.541139124081573,8.812554943583448,11.506976674122486
9.454661893519159,6.065397875563951,7.682328483243767,8.491978988656289,10.228659585401157,9.345452391749431,8.475334378824476,9.805736484087912,8.505898023220764,7.961634825683071,10.758705183225587,9.378217424238997
8.57521500115636,6.6066847660273815,8.308355427343047,8.338645684060202,10.722468997459073,10.163946029338746,10.858662745163256,12.209846946737718,9.178699175426159,8.099510926960283,10.004089313982242,10.562842687142396
9.587480413217458,8.304151597865786,7.806653625724063,10.219258743080573,12.977560996094056,11.416336848874431,11.716054628708097,13.33868125035341,9.350221946750107,8.643117196179551,9.253479087438134,11.149763715749975
12.409684166963658,10.540519593266835,9.513897340583085,10.059797082892917,12.575623426802727,11.464195936055617,14.501372643699893,13.306978146596542,9.900902276100418,8.682170968931928,10.904025172778544,12.969692366289863
11.520159663206885,9.035666735436877,8.138568769963385,10.08567803429563,11.731194607707375,11.662108489523241,11.74988884193879,15.110385721994168,9.615932463829887,8.588128504199652,9.362715908850124,10.983696986149768
7.994883420165884,7.140255317881499,8.188939930175426,9.74190084270571,12.23939575766743,10.187399290435982,8.939838412038686,11.513004430014394,8.702925523239683,9.365717650784818,8.920268427165585,10.211684876819419
12.134451698346204,9.066174702195726,7.733163696779045,9.603764802251833,11.159303436376595,10.72572564248822,10.69119958978512,12.306800708523316,9.352117629066706,9.024983682205086,9.896750864098738,10.96141730830909
12.041527962971898,9.172796768293024,7.7881169380126725,9.79186282325568,11.10335619268723,10.812152920337391,11.683702750309497,12.573844587734252,9.508824148507669,8.817008243512895,9.711594493167134,11.737355894699913
12.844701003010288,8.972938884938058,8.301033641155003,7.899308323812971,9.712325107581137,10.923551802693732,12.085280890641643,13.395950848562014,9.048840907745733,8.475783888688827,9.572958605815895,12.058086296472819
10.84409050659766,9.118520470181267,9.242199984573787,9.33594253600019,12.010216325665251,11.755070006525019,14.309375736333207,14.224550001258036,10.160653177219341,8.3971638612278,10.32613576447152,12.490773400381386
11.38221413729751,8.594178336159468,9.38808447448189,10.030974469503706,12.37543939160263,11.22336368958237,11.551341991313212,12.732360074050709,9.11370377611164,7.947002093401648,10.475690942651056,11.745888751661603
8.758422136229369,7.1784247580860985,7.802003534878772,8.352925709630826,11.808257655010937,10.053535856709495,10.918347395954921,11.88868688410789,9.209429702995154,8.508779587216672,8.901465517175701,10.8423232856919
8.45837991373219,6.486174682659033,8.003042050623264,8.234885946092962,11.548778212494302,10.181457801952224,10.546486497502926,12.384603256521316,9.056187422237311,8.958664519533649,9.575197626676179,10.370809099932771
11.903289140778377,9.492432694838184,8.582309579352398,9.282307639863966,10.499797326372786,10.461445665674441,11.440219028420378,12.81136539806878,9.711572034303616,9.083153703905754,10.018805967468682,11.691144542917437
10.36460422936367,8.69845322724744,8.132990561058781,8.007111132858851,11.031861804831557,10.170634090668395,12.094664408557467,12.73114134771943,10.11947024558622,8.302904630128753,9.215880929427144,13.956659292219555
10.964996633993724,8.3893898347823,8.014811718366094,7.745077265593619,10.05569186303376,9.96763340423123,12.752261519751963,12.887427509975874,10.154749194222553,7.38972357198596,9.018424833106536,14.053804616735901
9.782421700479015,7.6454850239697025,7.739396188190476,8.47473779438267,11.022911167216815,10.007699008374935,10.87059291156555,12.137260914098963,9.554497826519396,8.253606215924727,9.136126316398322,10.829427493420754
10.570111304633121,8.86545231603675,8.218674280091866,9.032502381269222,11.48092476639019,10.452765428419445,11.91572704347514,13.368417069012025,10.25984733497785,8.462539658642768,9.296663396283611,13.063157485682796
9.12936603459018,7.163425957203528,7.857020321230096,9.079956055816055,11.138299444275011,10.004619863985447,8.933640986056695,10.968074871948355,8.696062599887831,8.870797215612795,9.135893962418704,9.994822144337052
10.500457486614243,7.8553502245529385,7.816147080560316,8.17720958284712,11.1836634500667,10.112765151922359,12.228701030175095,12.916292285416803,9.854068193211315,7.991625308873887,9.101068080763799,11.66181398169568
9.783323696400972,7.769084261696445,8.018581619781266,8.420526349416507,10.881306217409794,10.058013531137995,11.595802189425925,12.479112846089171,10.059566709637192,8.223317172419348,9.45354677398818,12.19280779777439
12.389291096124573,9.68377754822471,8.406853804954022,8.083135981607324,11.013210896772321,10.705911363058652,13.396642735554543,13.207204850035227,10.345711921059113,7.788168665006179,9.376173448524895,14.090162595381459
9.532651474401005,7.442518731538508,7.784095062663023,8.560125632605997,10.801613818450848,9.940422448904261,10.127438954515151,11.24436597908732,9.047053844033863,8.303669081804973,8.946941295345828,10.229142578285234
10.747412353936134,8.226668259410205,7.717679173284594,7.918142336653755,10.796668664990626,9.991131081296029,12.600883276267211,12.74907904299407,9.998234798995409,7.919970896985621,9.093870531563352,11.454969674439829
10.589045859393657,8.439050694639375,8.160786897957282,7.863773179508753,11.116634593600981,10.109390070186778,12.359283432965015,12.902097147660182,9.9392033438851,8.497309349945812,9.495235006351862,12.780815452333705
9.881368902508425,8.20188224530669,7.761265869309641,8.493849075178119,10.66435560447811,10.031217401098138,11.800485760393522,12.297884319894433,9.616667617451274,8.069935031314893,9.292632674426462,11.724951052530967
9.61418775392936,7.448717712640409,8.447522564616555,8.044209188457549,11.077790716055206,10.124666657842456,11.619656334475675,12.701774653717132,9.120991356048732,8.509173998355154,9.766474073680484,13.01134539210574
8.520850155976232,6.650822032579381,8.742586947056417,8.178141470942222,11.481473678893932,10.524518452428396,11.457968452945238,12.695703579722318,9.249359751909813,8.565100565072287,9.878069838107988,12.996892144269252
10.15934564950124,7.49285291380612,7.924260572639619,8.262740703273344,10.927802835599143,9.896551943534972,11.870998807198362,12.375648369697487,9.584014131872909,8.340790758326467,9.23990994012931,12.348481844272579
9.753553180862678,7.577665425664253,7.903836298383528,9.139241655408394,10.657105638612405,9.793148468344855,10.314057686021581,11.53357613534093,9.343308126484045,8.479047283029967,9.343331629435605,10.492624671382355
10.135802738181484,7.570981262488845,7.832684766075475,8.374599551212695,10.786964927899724,9.983312974947607,12.03426265503282,12.645584333603416,9.93128382105693,7.898756073304404,9.169051869980185,11.818743517505734
10.31785733747648,8.49484073575598,7.677865314889978,9.781960037146805,12.252296273344864,10.73945595758615,10.884601388076254,12.145442615499917,9.295396430107655,8.63638595519995,9.066206503700275,11.064005477729532
10.23128606140563,7.611967837421078,7.798664566161602,8.264449195013286,10.890164586139075,9.967696136896157,12.526057347933278,12.935757020147904,9.78673302739496,7.921065972486486,9.002021417640837,11.953386017600812
10.12405683414787,8.078851863715041,7.784836867481714,8.006400310692026,11.071054393376118,10.274097746165534,12.05988296733405,12.672849282368594,9.923945038912986,7.903545418066335,9.201798271485584,12.14150339285217
8.253581261655318,6.754518817589024,7.861693478466824,9.177540962278531,12.073172889966814,9.815712611992565,10.952041835679944,12.179252411275593,9.54666646687662,8.6356331190492,8.955486338767,11.072421449853556
13.041666075316689,9.33636624546393,7.722341860927001,8.972906691104185,11.28420232927059,11.246784442129043,12.673653278780437,13.30307890149275,9.792694495207714,8.334972030816411,9.225189905476384,12.559381209495863
10.852395924713262,8.440247373866049,8.121658589397926,7.50993830353929,10.895116614581397,9.951633832634489,12.645515038569851,13.010758629664311,10.039025266288519,7.657951512383711,9.172297026729112,13.956407328300426
8.452336884072338,6.848900138929416,7.766855663660893,9.058607153782292,12.208764948867987,9.918203534613372,10.075650188357065,11.205932218026186,9.22137994024703,8.342007965854895,8.80052957691208,10.774752607842553
10.61396312277685,7.57253119498342,7.865993527368869,9.498499677964642,10.560930002991647,9.944457239680165,9.610684563121014,10.044026655187517,8.536867648974711,8.776165566492342,9.357188277091177,10.280887596095527
11.920894159973003,9.451300106597206,8.070008030219375,8.64742557857451,11.442092579817393,10.827769081678241,12.959565496908239,13.14947657894516,10.0233490422068,7.960614284192517,9.206138686728627,12.782408219519017
9.032886577440532,7.276301104241355,7.6414921427545615,8.724531935842508,12.253599148706748,10.182645724084876,11.055957754215534,11.932287796531911,9.144832038084832,8.28553153619117,8.881769164114663,11.111348042031958
9.092391220173683,7.7182776588565165,8.00724315386639,9.061116409895854,11.072387534943944,9.92094870918406,10.593812261577243,10.867488405758543,9.30353262661,8.594105007865988,9.45502522551053,11.488996620547473
9.5976476323634,7.136771541025153,7.8667542830143065,9.03675470927318,10.85196558724607,9.959760153666005,10.11690842294719,10.485763684257526,9.304129126205718,8.383197696889304,9.115731588762648,10.275165347533283
8.87960772159628,7.649020005406274,7.736296752024706,8.762696792830793,11.880897303186917,10.240635524823931,11.47206008391311,12.62070457577265,9.804848554969555,8.187930048485642,9.066042404938258,12.165858399768751
12.45891433261992,8.989872909813961,7.680714514901923,9.416650300730064,10.858773941237551,10.56669571662765,10.85413434319582,11.928035423942456,9.363761044592634,8.386403311797629,9.21347964373074,11.108191938004317
11.063235520819317,9.551680229020175,7.7849362432365234,8.848422419731234,11.807288694069618,10.399666029376627,12.638720767551009,12.702078416757475,9.877494571010779,8.081650280582313,9.136274584578594,12.569749482010055
11.43280524407721,9.552828880092571,7.710145825796738,8.909455369254834,11.322878687305064,10.15367715848522,12.14891022397805,12.309931205017687,9.681337533740942,8.198918951886197,9.171626296823469,12.296024379949353
9.015984087300168,7.4123167698047325,7.688020119866176,8.568065190230614,11.866221938137652,9.94750084215528,11.80999845596488,12.311345509992016,9.430251819750369,8.12140747502615,8.949672893822536,11.1791189723287
11.636435522287384,9.60533660739386,7.741021491497721,9.056846285086387,11.260951350847934,10.189435619791908,11.85143492360092,12.315256675139283,9.620896571931675,8.095980234557867,9.161896677899891,12.006454204023765
8.85686746016384,7.0908115125216185,7.776939092016234,9.031530431412403,11.830704007576411,10.085309957925698,9.99392124954547,11.283008357211347,9.334585159337516,8.362788576431047,9.039805362237272,10.58883821796094
12.289200241415871,9.609158289435419,8.39733737697125,8.493363605005198,11.314841554877914,11.163663883901389,13.312473759877516,13.259260393322755,10.07937278223948,7.996925193103351,9.219473685571835,13.608718238628407
8.789468642006202,7.296124491788513,7.768016281969634,8.758089030622124,11.986956000867174,10.083426259972155,11.20254468721272,12.461258769468252,9.586215129064474,8.189949086784607,9.001025597130825,11.17914950401701
11.304933275090102,8.601697258636085,8.17627249016432,6.928625292344425,10.953447811242363,9.957368212212852,12.95950352684543,12.983282029152214,10.286461322021383,7.720366039905545,9.206305773962542,14.785975020750413
8.558083685085377,7.026027111728114,7.925443107419856,9.965300228112854,12.163161653896772,10.070098118599844,7.975552878094779,11.127179302072012,8.80528582053625,9.202657003349845,9.095861389513717,10.191313714117749
10.101835930732836,8.846706133915223,8.446403007669767,8.605887051225006,11.596179175655736,10.263540372491304,13.66412977420949,13.695953337680121,10.59549757507573,8.278172308362153,9.37496313316691,14.546664394700995
9.976515682130437,8.114843869249405,8.77138242791634,9.78685888653096,11.334372565462798,10.85466226222915,11.73961801577791,14.183419227083823,9.225079192843172,9.390093072224992,9.465653792235033,10.59062411901863
11.975714937074205,9.569341989263073,8.747229561781893,8.538606269768511,10.99417290004546,10.718513827077363,14.312031599099747,14.77954287697514,10.82701259991048,8.298159944121453,9.482934880886948,15.879776102318298
9.488632210030358,8.264518545289953,8.596326277622605,9.097057057840658,12.109780273345558,10.470340842700834,13.210773537459012,13.693453578012502,10.438942044511885,8.418977554117456,9.567523696829978,12.712994968540814
11.3819374641455,10.254311829857816,9.29626517526842,10.17185788209767,11.892751088208954,12.25645306294703,14.105833697207133,14.080789959178844,10.220364923449482,8.023115143717847,9.992620209431085,13.213105370316416
8.388170924983699,6.597260918762751,8.103853901365154,9.61653523577012,11.328529353648456,9.795362535880987,9.30492692243558,10.199019024882555,8.687646503385517,9.849905807320054,9.528539946790929,10.49323363763807
9.708603647254106,7.197777755951433,8.536086721969617,9.657635198320538,11.5092194205616,10.503984402236323,11.512025541589024,11.414050078405813,8.809102569711692,9.957323219508604,10.018614870364074,10.693945188958908
9.943110276663194,8.66814903577875,8.268519763613149,9.306603319850156,11.339505092747887,10.598763587806385,12.296338419447132,11.621392983336685,9.912762366129831,8.677634667304044,9.855232300978674,11.621180121391262
11.260104354904664,9.1688067967956,8.283425627200275,8.30197232193306,11.070926030655764,10.263840743654239,13.601662309149892,13.550297396733331,10.633924335555376,8.088483237860398,9.430128596672334,14.470178165179362
11.058506543318732,9.709669651286086,8.713961619677827,8.394241536268538,10.971781922034335,10.341272238416707,13.374464173473676,13.468737990967862,10.262089718044423,8.419724972761045,10.130164865355782,14.146172414801555
10.755190625093713,9.494354169380465,8.60321106174499,8.227128305312341,11.090173377471373,10.426041330216009,14.386673927012023,13.982083930143363,10.478852024329733,8.313363251440949,9.478720654646347,14.76310862310947
9.712148206259137,7.654986746754466,8.839055870552048,9.326200001856355,11.460005305452116,10.364506998067155,11.286172115001632,12.81430036856791,9.294891694045537,10.527436052672924,10.304605872467407,11.915426630736643
13.916956859410496,10.190973231950947,8.735864363825604,6.578163807974915,10.718641974018315,10.523329924525965,14.860930845853863,14.056385688011124,10.729897030371843,7.801724540984226,9.601169795376817,16.594547082710694
12.24261790485682,9.783504733542536,8.7954811067057,8.429628009490576,11.215869361765973,10.88210977071258,14.843334806863917,14.890936687089422,10.547898007016,8.3828567696384,10.053835037658894,14.640265681083205
11.012645497759468,9.162242604456905,9.025770624692258,9.940179649646042,11.376180189677902,11.563356198397397,12.776444613884806,15.216541044983872,9.862028147957615,10.49075514003204,10.456617774583481,11.921254535701225
11.6798026305241,9.803081621814833,8.864659576974354,8.200618053971779,10.977321919023245,11.268410998995234,13.756715043436188,13.911920699112816,10.199006666815736,8.142199806312131,10.238102344882376,12.92182444303263
9.039529790805386,8.023366318486662,8.413934383748403,9.863476370480257,12.275122377129607,10.295648325763821,11.380220788923591,12.282442366314138,10.087874535332979,8.786483562417715,9.244831428362819,13.311710755277518
10.599044232745763,8.973232989080854,8.263889808886214,8.433996639051873,11.223956395522212,10.166688521733997,12.607535921106253,13.382051182989652,10.24944123515606,8.233109885767336,9.391602212541244,14.25487198888654
11.33752706275535,8.964292495744257,8.296854456626578,7.829767347644267,11.336808854449744,10.252861031281535,13.999182205639903,13.277115045691506,10.6498359784052,8.022578573235819,9.57043757890931,14.714190161757946
11.236920629563532,10.180503879741806,8.586306421164903,8.346247700547421,10.688969727624137,10.390176741747796,14.401693805624626,14.091772678824842,10.55414920945382,8.199178227270826,9.71568881084865,14.953721495692417
10.153812291054455,9.297924347787037,8.568363371008507,8.69722185404059,11.697396335276842,10.38679508482253,14.254297341987849,13.881736903578515,10.562098783236719,8.430990685956084,9.7890564315752,14.66884169298819
11.71437141092195,9.849358332884211,9.049140007974698,8.206630822797216,11.317022200583224,11.30749520435948,14.590034271132588,14.411429273354619,10.603332527261788,8.398769873956075,9.790304866314733,15.287007195131027
12.95512923119929,9.969803557453407,9.027796768002743,7.493476392352985,11.409340564710208,10.684940375964326,14.895159698048177,14.341035785370996,11.186788174557867,8.027176970010553,9.662784107298277,17.209504726460082
11.524050498427464,9.545964562008388,8.348828992050725,8.292188997995563,11.244795385295895,10.248642451937046,14.044579107551735,13.756196858641964,10.75405900494181,8.109431141975977,9.341353772852965,14.760935994463802
11.745788370865359,9.360520058126466,9.47765884878226,11.401016851968928,12.735534251505669,13.311047672108197,14.83065261080989,13.47087858463935,10.010409505203178,8.488772099023553,10.892239657703586,12.301067501503464
9.5655688107263,7.5295499379675785,8.395748247648552,9.534509340896125,11.284728919851965,10.212679971363894,10.89863168037154,11.82660826944501,9.04706575360222,10.28304435261554,9.956653065923776,10.765180907109066
11.1222477203801,8.715422633766295,8.181972864222727,8.3664892886917,10.82551399815688,10.19902438021552,13.816830647448699,13.387919273457838,10.38758598228665,8.730174256853326,10.193506795607293,13.82214807868031
12.833538965256094,10.008222650110246,8.837345971719436,8.828126258006515,11.191982291661171,12.97423832715027,14.489410765005571,14.484951985925639,10.445765562763391,8.27921670565798,9.906937826658362,14.168929656833022
12.047132755602924,10.059151161221257,9.285571191875446,8.983477657170493,12.009239112584023,10.78379881871124,13.66042066613316,14.06232380936056,10.370260754462178,8.096197652360159,9.89183613070331,14.42874638775456
12.314833907056041,10.274964416398229,9.055060144196856,9.723323943558809,11.238248924967085,11.634652129232693,13.556362575155047,14.697505521789347,10.277369515394511,8.462759150863501,10.299194176463104,14.571703900769231
10.187977830508505,8.927478825365075,8.500530144886753,8.682493738209754,11.300247747379421,10.229463026034951,11.896717312155834,13.34409346974003,10.171879420206517,8.588102479054696,9.61842370391629,13.519574887435684
10.259618064659087,8.546983304196923,8.166678747077722,8.637985233468784,11.030041994287012,10.057585368865935,12.374413984963093,13.126360439035091,10.019707421542897,8.418479086456932,9.285051724792432,13.136381807052334
11.707614181697519,10.66770745474598,10.698156944901683,11.028742059787385,12.550554184571444,13.177170697335399,14.106541011743769,14.071508501676838,10.006090168962755,10.608409242548925,11.237802418205044,12.506915609288372
10.538900763181672,8.977557002230528,8.34388054786916,8.717590233374901,11.157672684747672,10.207020069298713,12.520458337279115,13.368993922516308,10.123320631872817,8.441349600946907,9.582074815416524,13.303024370682984
9.476678375919102,8.150807413772881,8.766755642245602,9.820785239958534,11.728606711750599,11.386977396637036,11.553114902946561,12.924070772504063,9.07392905834981,10.162879996973597,9.933089899024221,11.18246936756823
10.316268368320749,9.744817938791332,9.393564797130564,9.234731996037555,12.06298909627413,11.565201117348446,14.432847777113144,14.481887982846608,10.670172213171952,8.383588094296055,9.804713127249506,14.273808900761903
12.65605680879304,9.732630138518061,8.56183895316744,6.9535988054088085,10.947007993621277,10.270287672176432,14.288775832566843,13.562303834991829,10.868896665749956,7.7958140143750265,9.64989083577266,16.34468995693537
9.333756200598588,7.282438738737528,8.2332168154617,9.703222160065467,11.500272014299851,10.11669175157803,9.93520355327471,11.086293067272123,8.79613697967948,10.056517922167039,9.593803625851544,10.646408994190853
12.075822927736962,9.478716342513914,9.441755930702708,9.523534185836233,11.917555236716113,12.0896266919986,13.797732636017512,14.05013346133834,10.388508701364845,8.286528300676924,10.221019576393841,14.34900418897883
12.166840005047563,8.909514984615786,9.264440704979815,10.060694056704525,12.188832372990793,12.224268166302535,13.670655130997554,15.26372336202477,9.934123412856664,8.265312498705159,10.739757380820764,13.9720407131932
11.04983137864567,7.664667150523439,8.736059391526386,9.768408281305732,11.215966340229583,10.174627069539683,11.274527537457441,13.232547945151335,8.923234146440445,10.25210908008246,9.740275460616534,10.427406302013047
13.642267718984835,9.651982721725021,8.098880218003037,7.35726423481469,10.584877136368045,10.062655722082422,14.14235519078058,13.346025052206487,10.627737786354306,7.805996941653951,9.40498832571176,15.46939192541627
11.333604443014451,8.864666427656827,8.408637605111581,8.28176257894796,11.271058063641544,10.317424029309825,13.453854498795245,12.826450218079936,10.114486207015732,9.633399301640384,10.028146586727415,13.912846909649248
12.42519729027269,9.844002259852168,8.594670578276256,7.802204968791302,11.201987490096572,10.25948873771691,14.714390747018857,13.523466632420412,10.914894314550756,7.8501417347134765,9.692602656052843,16.447943961881588
11.635062205014979,8.817539909470517,9.677373230672902,9.513313994199361,11.537833550151781,11.315245934878075,14.379101644153444,14.640200316570551,10.222081770336903,8.196213296031917,10.827582971591193,15.07112909205691
11.580000885315625,9.46280606257601,8.469276456165664,7.865729484797227,10.938951603955605,10.511410683836889,13.966771796865663,13.198216006883126,10.496261379563396,7.860358927437542,9.847408471956529,15.603462680777858
11.994107589710355,9.73870693069284,8.396556990935197,8.062798630708047,10.850053543317623,10.222024095604072,13.962353626413899,13.626013575269582,10.19028322703618,8.048251287900912,9.473615356990647,14.74357779150612
12.062384178285475,8.93100228873478,9.3741558251298,9.806039410859436,12.545645596169475,11.053050183231672,13.781271975809656,13.827451882804274,10.047416843774473,8.092883267474473,10.495282897624183,14.665883300642333
12.296645154781155,10.01971638488826,8.918149620950317,9.771760606464005,10.724091732618668,12.127670395435194,12.808444872417262,14.72868822007536,10.442659034445002,8.942933374208582,9.745246548738661,12.193352268812339
11.876714702726343,10.04848436572645,9.588547144593903,10.861314998006584,12.740581711393041,14.096153678841498,13.631058970221295,15.148450223334608,10.193435006895863,8.506001486078883,10.540365612710723,13.000531143656794
12.085854700224695,8.83318911903243,8.960022102373436,10.034964328362749,12.44178537532285,11.295166607266957,13.64652138671906,13.815905670996074,10.30499395948846,8.115627177854481,10.60645053905414,14.062334431290152
12.039710776155749,8.606368416619011,9.078183295505502,9.757348864846143,12.231800992647816,11.977489556465658,13.269393350369908,14.679126715917155,10.14643269747833,8.279551661873741,10.66713665085288,14.14472179413299
11.42095417220373,8.51744472524379,9.287415920003864,10.108103116880828,12.20386662779511,11.129337516823519,13.529967901999127,13.803254143321416,10.156378865413673,8.172875975850861,10.647434788669193,12.602076745795587
10.688610294786033,9.595035496455624,8.666444384642332,8.799106880883606,10.80767190221501,10.764518616848136,12.740293023604933,14.200712053828259,10.133236464584844,8.655461345017711,9.426137303730235,12.587526955732804
13.640605255110787,10.099195406985352,8.718864849957571,9.326908349204013,10.760133460659464,11.934452468395518,14.216681615898036,14.095043466080833,10.503760804138594,8.600979490851905,9.974854229652548,14.933895808941298
12.851931986665399,10.013675533098082,8.422046306750621,6.697357893521962,11.0450385794869,10.381084105671693,14.331271437686091,13.444956820135584,10.79666712940292,7.742951489717941,9.419122041275278,16.491354505443834
8.757598634140026,7.14022971922147,7.96162951518858,7.810632177382443,11.38458538426035,10.085757318178329,11.995710151838137,12.216631225605378,9.769280125097069,8.434698637104624,8.94580093245163,14.052110167292719
9.847224316514108,7.319622626877607,8.02711934741408,8.311570088982782,10.487824441284594,9.80058116987173,10.11483409014129,10.180365540684535,9.081417314405757,8.275706969814488,9.339026995297912,10.502402421730892
9.976769051076136,7.62672711184647,8.048913007389597,7.875338819213607,10.537999701130378,10.38120137714452,11.956781259484579,12.556554475546069,9.691919565502639,8.247874998789248,9.444061920193008,12.273892337493084
9.279109932290872,7.193737948652964,8.019480409751962,7.786327545621348,11.10299740593862,10.304217302221451,12.298615001068217,12.259301421509003,9.602170706175608,8.36697758142247,9.833284043105783,13.632890621261831
8.72330590992276,6.832563909243871,8.172901021652269,7.821285221230925,10.886801268048263,10.406114253464123,11.489030589477203,12.878644731528805,9.739349205855843,8.540089292265039,9.319840481840783,12.458796641851542
9.045157212934344,7.022508922655507,8.058778802796475,7.785397756575045,10.712177556922065,10.369348143025016,12.042466534965275,12.462191158838621,9.690632180200891,8.372742801188663,9.614686761794804,12.635647689389682
8.664303245718626,7.333014531469539,8.296265146249906,9.188377173031219,11.354346911171463,10.131280829690473,10.041187477101035,12.038229125259846,9.501559686340114,8.951456948736189,9.034188890418315,10.869831977769726
8.932449122972034,7.814849683398588,8.004115200983945,8.513691856291556,11.424514704876986,10.261067569804634,11.420823747700064,12.495942286439755,9.39627311581292,8.744096882757066,8.804007556808573,12.381369197809583
8.923035131340079,7.985799559415629,8.011604650967488,8.177162050081376,11.284056366917032,10.298394139010062,11.664829725698663,12.63694854842027,9.63254362411399,8.614023838176541,8.847095314635038,13.095771398276666
10.294051724201,8.687493892236823,8.300621660665694,8.551020573564942,11.505832300684105,10.281614744541466,11.614802654395595,12.548323903273932,10.21190488544692,8.419966105310074,9.018056620793654,14.41920430068859
9.433215751778096,8.30173806746414,8.236367313448737,9.816819609968311,11.777988318040816,10.439481003716468,10.542983923647366,11.634456592340376,9.787614286356586,8.530940800849587,8.989598135564451,11.661479044433571
10.354697245550295,8.73604371086538,8.417640536947617,9.539220216988074,11.57850699075163,10.358740145431227,10.314964248219308,11.57086550683298,9.313883655332443,8.834848242501785,9.978533959774811,11.125743028697888
11.283178804184681,9.006765754665208,8.667192454624658,10.595479940933972,12.166737601296052,11.242638050162522,10.84446676136542,13.062953741840637,9.587851492029772,9.185817151539624,9.310110756674957,10.866163955821579
8.222112196527478,6.921867479015706,7.849983749795921,8.139042605188846,11.979767862864191,10.14987772607637,11.456066412705463,12.15834646885565,9.354045640104623,8.800890423296886,8.788231429692996,11.468329731055281
8.388051508593874,6.985302589679238,7.842313052334225,7.762514770471463,11.708655344954208,10.12015408001724,11.568576167403902,11.985293052281218,9.398074417705276,8.587734687939895,8.906343201676274,11.34357549368666
8.686564059724105,7.507309013801643,8.109488560619058,9.270688457490534,11.336816632781398,10.197666940611068,9.158326032211404,11.611954854070872,8.999444650014112,8.929040225681826,8.854411134093585,10.620547807348267
10.890195587942237,8.220974463288458,7.959110434357105,7.2924924873546795,10.322150114294777,10.188953707137129,12.740885304363829,11.97660057465874,9.571027362716697,7.665764423803648,9.129581784501424,11.208643955624082
9.235434879580788,7.211972830864204,7.942172708900115,8.312284295245146,10.845080423637452,9.65352446036559,11.021416681851258,11.919165656661077,9.11312283450912,8.473091587775126,9.050336349209555,10.812151871036805
12.480021723658538,9.647467754097747,8.716797237958113,8.002331487497424,10.884476700917201,10.939966081844716,12.97990291882533,12.675968916361574,9.972106058249317,8.284631422825896,9.519922160732047,11.888827426678079
11.62085642025394,8.73170133318408,8.213734979663654,8.783146316015843,10.623603530420638,11.131279175197742,11.675611410742494,12.718396203349261,9.035154648531769,8.292813135875312,9.140888415885271,10.44776427370386
8.652470962527438,6.567946913199067,7.895170523266256,8.634379523390763,11.422302853706322,10.044952372215644,10.024468181580897,11.691437815831438,9.135647780938088,8.538050909040429,8.90029657978672,10.376947870663905
8.05343196416331,6.535046734058157,7.808837803525682,8.701841866273114,11.620798248118192,9.826544268697209,9.995048236360663,11.868490099125436,9.25901880986536,8.843202524675105,8.81404966935658,10.61200452867277
11.235428376365178,9.504933997614593,8.31785356787135,8.340354021004936,10.880386319055207,10.172080974911383,13.924630917450743,13.687090609935016,10.384270260538496,8.181752023090231,9.452447885176369,14.332860056051183
11.502664169814603,9.811524118782735,8.686475084591477,8.559079768304574,11.008241956532457,10.28434547919911,14.080784947398566,13.745734975671567,10.212686378353492,8.10890904819415,9.381557165089514,14.667318579592733
12.91566019632008,9.300464735701928,8.283706569502412,8.119063793863738,10.255861460263025,10.061873396928219,13.159116696059067,12.794784686551626,9.889301878975283,10.277513235169017,10.675690630443242,12.335709951167647
11.628213122915737,8.558758183585736,9.424900154297589,9.159959352363812,11.321504495720172,10.790936837885091,13.467322036122116,14.106268052294375,10.299021499858581,8.240992999153518,10.380435534131204,13.339679983562784
13.559465470691743,10.794298486788442,10.661934227616678,9.02413701402309,10.775264017176845,12.505099409226421,13.412609557097147,14.239948914511281,10.620725166051567,8.893374322036475,11.531953745741513,13.75987832551987
13.778990977077365,10.17806728775669,8.617594222787746,8.201364856708734,10.529109813948711,11.650504803183395,14.191574219660373,14.113115603978992,10.455195870463735,7.999213271631619,9.876544589972964,15.122836641377889
11.651013017844067,9.199989118565693,8.355845728842988,7.78868505959135,11.358413265586735,10.285143938090274,14.596548367109936,13.596887232199684,10.66043914116976,7.999380461308983,9.369019685921872,15.07319390352236
10.696582437363718,7.648453369369236,8.148126699609579,9.498770332311821,11.189496885796727,10.025818961554403,10.356437870067095,10.889612607674145,8.934827930259466,9.768740885938168,9.346085447040274,10.918079063235046
12.593840839716359,9.525963600018263,8.084464227556163,6.8046379388880975,10.891542562210862,10.141916961792369,13.987590070494752,13.428949604400543,10.543047862725317,7.6888729676963825,9.362541591673597,15.676346969176924
13.799339442112533,10.103288774409888,8.52101575401753,7.140582235947428,10.430097175026487,10.202786332274382,14.546564442699152,13.482210247418424,10.562869258789755,7.842842132367136,9.625022432005181,14.180144043488502
11.632276766763729,10.386580278893929,9.594775831612697,9.060719502481357,11.182644547560043,12.611397721608668,14.202198061824593,14.919068098771126,10.673006704962447,8.339234289094582,10.278901761404672,14.80106014682591
11.993337322141839,10.114752175307958,9.679266749959162,9.89267653262556,11.751964116224508,12.670551455646118,13.683585469628214,14.833953128883907,10.622897059089931,8.455818074772582,10.687758441588926,13.755428402673296
11.521941196600725,9.651522564396972,8.260089611604801,10.249497324883368,10.881562061065104,12.47061256407149,12.443338967557542,14.69902084557887,10.126232223401244,8.76804332933619,9.504958082836428,10.853375304367459
11.960777476941688,9.84527167617546,8.657041568649458,7.5452570085681465,11.164508309667209,10.376245102724488,13.989121452786806,13.426794788151225,10.256143930613243,7.85266155431256,9.431550516872454,14.848257001316108
13.250859679649993,9.992689047224466,8.367865211247626,8.065045345516928,10.466033496437305,10.785437174467454,13.805545473756355,13.747795761379496,10.237170113934177,7.93433688102441,10.001185058580916,14.103602145259956
11.178995290965123,9.580235001094174,8.842356302266602,9.664533788713966,11.406825518796454,10.883930244320167,13.388996442226476,14.634054718020579,10.746520948101825,8.667694337796421,9.530509166586716,13.68957635917942
12.037080426072038,9.844376355071956,8.490658500872966,8.525741767854825,10.640803199008406,10.42415181277493,13.783707751479282,14.163575707339769,10.189211418095093,8.17148393518578,10.112546116576734,13.59279687656644
11.65443546173664,9.42686089564675,8.45596496018855,8.234195699276624,11.101349344015336,10.486428277465587,14.699034000208803,13.979082459435563,11.011291652197636,8.120319220496164,9.445281387551587,16.199636532606238
12.311598629883374,9.531166421367676,8.2398587697168,6.750439937890345,11.214621275299677,10.207301466470986,14.023019266592785,13.470453273638844,10.940071586879398,7.720249792822236,9.34053275661447,16.085952107130367
11.25910995192957,9.584261013738898,8.43734942688902,8.665776379121077,10.5907269560834,11.080167091510198,13.292130350177821,13.280896326303914,10.128348428673945,8.165200060173204,10.076754856820287,12.420643082503688
10.40928274662947,8.402754341412926,8.702652979772832,9.920835504876614,10.952865255707968,10.606806445233644,11.890593427489515,13.405894922248487,9.374826414152476,10.728289517457851,9.975058070342223,11.472099733158915
13.618664997376559,9.723986389368283,8.08340561969146,7.1789411995935355,10.411028582559478,10.048121575952656,13.983366319262737,13.286617260660675,10.447409926751531,7.702038720390039,9.609912093765443,14.551940023138968
12.688673375160255,9.726940699385628,8.273375103824161,7.555502773509568,10.635385224978254,10.181629415753727,14.480312418243441,13.523918683809768,10.57788521918604,7.937220878414699,9.472303414571481,14.87781438258306
13.852057888143827,9.898349295608831,8.114315461760537,6.615187897727375,10.514197168343133,10.001049080580634,14.413088036552402,13.442672461287486,10.572280852848854,7.6097650775900725,9.518032009920233,15.600561939980334
10.850023276665,6.810414819190734,8.184191041949424,9.267841490049555,10.47165528768868,9.813416548957653,9.856188461530952,10.112087828105551,8.524637557008816,9.612880216169247,9.703858347959958,9.960744712842008
13.259464922536996,9.948760007318052,8.561691414918904,7.6564145565258634,10.704003575605606,10.547920171936907,13.955039876037409,13.725391739769599,10.279127057304628,8.84064076677883,10.308392957167088,15.331021143520308
11.24044609340156,7.645634776756668,7.9771105939960565,8.129731644840032,9.959624560970273,10.25638116847979,11.711789949556726,13.070578480342132,10.174582960396437,8.347263801884417,10.029096962955206,12.401912930932125
8.594416320176924,5.893199030150238,7.936330108851698,7.95394877058694,10.440318000176738,9.373597911703905,8.297331347740718,8.615938294076868,8.309303386064524,7.731513425188171,9.37143517166037,9.139494423503743
11.187643989107103,8.657070833015252,8.104178508635849,10.06917942374413,9.714895016337938,11.509029873392837,10.851223944286506,14.76997710908149,9.244129768683733,9.03792068722169,9.467530253005805,9.58674461639808
8.766500807357135,6.369993606811719,8.011757717587244,8.84044059400576,10.442089671484862,9.760691938087879,9.571115399449566,11.127569382188918,8.862079951711843,8.93353966558845,8.83911050698601,9.782504200497993
10.77624679708624,9.766358597499343,8.708336434575612,8.486411530195955,10.760892399463701,10.59450272170499,12.851932849704728,13.905850358223251,9.992240454117951,8.634736257997451,9.42070393343497,13.188296303651642
8.869072644255711,7.34164408434262,7.7393365561352025,8.639045733808462,11.802242274350876,9.925918330951411,11.541212026843002,12.390949418278952,9.569937004341392,8.08119351223083,8.964644608679903,11.43184808911687
9.245526844002796,7.079405455357246,7.722241254489812,8.628351140172876,11.700135511769659,9.842024773841482,12.00219878766944,12.232506148616478,9.434875922281906,8.112567285838315,8.882552469864406,10.724761492287747
13.435663321506214,9.731612597919296,8.43286529096669,7.9493859141268635,10.72167276319599,10.478146437632729,13.67881418957142,13.632822717534664,10.295647881172625,8.14828960921193,9.809255519699517,14.824908383285392
10.088952560722372,8.9584255474092,9.084858447594723,8.909903336089656,11.922295723154367,10.796155240478928,12.324786427820554,13.603883787171355,9.780210941733495,8.232036983057787,9.757692256535826,13.517918262810506
13.23046872044299,10.624120066052958,9.260160405011744,9.421519917785536,11.044585472306817,12.383233200625904,14.4543624045307,14.616164758154143,10.620370575411087,8.287631388368693,10.00340869671661,15.33664872429163
10.228269257334645,8.392455274768524,8.165026590636808,8.482599933930233,10.946010495174068,10.118449180738732,11.813975184152865,12.467755291807567,10.100091451820601,8.302466367232181,9.375742562303277,13.665036626949616
11.544779406879622,9.330359408212049,8.474372140608615,7.772703210930086,11.096974790776793,10.314028034606377,14.374482837031952,13.62995744337823,10.563424977096851,8.007080623900602,9.362967687347513,14.640099243221997
11.850183481338846,8.659930485748038,8.964209071672432,9.250251227699662,11.773234359787159,11.666172778283084,12.992017817963971,14.626462256380659,9.897029293836335,8.3480173579502,10.521921496774025,13.417336714529215
9.016249924710058,7.9376697861083585,8.515817920796215,9.800102775350334,11.521447217925074,10.676035016856913,11.334732126055103,12.234294012502795,9.310806320656575,9.475378669684494,9.450736558464447,11.035490247549529
13.850451555433223,10.09349829434746,8.787881263802953,8.720660070468073,10.859035125838233,10.470685263091957,13.644382281946488,14.12575470969369,10.614013590006179,8.4854213957647,9.898575721997236,14.646222535733623
11.790775303688143,8.342649761138219,9.038544952750994,10.099445419852422,12.073983225578678,11.49852093993832,13.52160069419857,13.794484664409392,9.50392843336987,8.250536355121463,10.470696305039937,13.639989194311111
10.711785972261263,9.548872993144991,8.532208316183242,8.399495167452075,11.266645123678275,10.378745834014463,13.410951891732976,13.666364710236273,10.284976203860843,8.327560235895447,9.68178177097836,14.919635743992982
11.983210321923103,9.211857589548838,9.391681001551975,10.581910274546463,12.322472862352754,12.006630279835758,13.580972593369733,13.79293809125858,10.388590858297608,8.349318015675454,10.925868000872608,13.953661794348845
11.476333067374968,9.20028832583251,8.421033131384489,7.849856800734836,11.128724171787935,10.421160689963363,13.874115941541085,13.489066969576998,10.548968470664786,7.999539384594261,9.463443418868776,15.753085543142442
10.870916110263153,8.694211278983772,8.171175586568411,8.196043701911156,11.228685195303692,9.94763320236275,13.411525182101395,13.208611918305152,10.580828860144093,8.282413360881655,9.495178246559812,14.49393811525673
13.33010022085822,9.656963356334622,8.24640428255822,9.095509445609329,10.621279852531927,10.632665874652243,12.918662492481594,13.427353985361187,10.056706132459324,8.764579805606365,10.584868218683212,13.24005961477223
13.242783224177604,9.562249254106629,8.022179119708662,7.911465824195383,10.750272464671271,11.00179561622637,13.203617478103608,13.457921138237277,10.237068954349846,8.231593857597922,9.696027948878424,13.559152325709857
9.349533991866512,7.90727687852706,8.06253707605064,8.991745473801545,12.229644565700346,10.254051286726288,12.367143636146675,12.956712065855333,10.15845425127708,8.2750982345407,9.261424637696253,13.355979109715209
13.334559325777775,9.777293462433816,8.501304572913233,8.95653511347638,10.388120178438585,10.69323206541801,14.016762098833254,13.53349457654353,10.359599169145921,9.153512827248099,10.863720286584291,15.18565769684689
14.3314070648765,10.107343080840307,8.21725980694542,6.658996386496579,10.937708563534366,10.128153203372392,14.50736481215281,13.4738854972541,10.568725894861922,7.833843392261896,9.591775916512207,15.565789407981999
10.89357933720779,9.14884558900755,9.184129027952933,10.356825271626521,12.396842197645263,12.036897205468081,12.761403826197805,13.253074908627907,9.86331496368038,8.727811971786686,10.21074393967968,12.156911684605857
11.86238060323862,10.345927695249046,9.962885512436157,10.359447235623934,12.256994610673754,12.93143518377278,12.67144486258603,14.95665352512804,10.399946246983296,8.937810621009934,11.147976893601765,12.174915018694806
11.769131155644779,8.121507817407233,8.909936652776633,8.529085454225362,10.571278558100724,11.638904712083336,13.125295263610491,15.24204498581383,10.1207557510586,8.670086952199858,10.006441567250373,12.806330441471516
9.148059848714187,7.521407495181549,7.724766576876445,8.616632344104406,11.247396143712184,10.024183582708826,11.682293806566754,12.352949302723141,9.73027621906928,8.135815297994027,8.995586147779022,11.43995583073049
10.088382498387642,7.8038475166506505,8.15210988338665,8.494213959604089,11.377227131459264,10.156916760777749,12.415949544144029,13.124316883188996,10.204300509303682,8.012172566097862,9.263330297913663,14.194460991091919
10.263987946820313,7.7713219221457805,7.965817587501428,8.082482517793812,11.211918248789768,9.863060820483732,12.557754557446874,12.664532302553688,10.2405383828237,8.042426051552138,9.225542341063663,13.240533597276734
11.416436371190287,9.486744594775768,7.966562286248656,8.474149422358854,11.284654040724826,10.275807052105243,13.514852350164713,12.853949044706713,9.911467740526252,7.8652568879867495,9.350918964358776,13.564336478307112
10.688885262424314,8.172811544641469,7.60511380417473,9.675214375412033,11.063316083589324,10.650249956130837,11.66234941639092,12.286608789960427,9.647913513345198,8.605407976351655,9.102277928277664,11.105342264354302
9.59778820038988,7.74865865406117,8.125813493569021,9.243018014429921,11.006865383396413,9.935149760797612,10.474661802210983,11.3997527235086,9.510807083502852,8.90334971629125,9.554961684363912,11.751437457147786
10.027583881783025,7.857085747534885,7.838253756026062,8.244263645507612,11.010046175789832,10.06166870114513,12.362268609317969,12.808503929036183,10.140326798555215,7.931886727679883,9.132321156809214,12.58230138437498
9.743082596690106,7.859345774301013,7.932231098743989,8.356071890002495,11.061079018319031,9.99652499980696,11.892691793601628,12.586696716009456,9.925197542202593,8.00892172052581,9.20802196034911,12.246936982696889
9.526938820213402,7.810368543251252,7.90974213594054,8.852220572392936,10.992248095400742,9.955882849284556,11.642561202747553,12.62439876908823,9.768369036202541,8.604883816473114,9.640183415199333,12.098304019409548
10.029691661849403,7.919475659150069,7.870750852019942,8.456136293609731,11.044866660390456,9.987415314624116,12.260894206843572,12.591220519626972,9.81846319046806,7.9288139384495695,9.091168584979002,12.351763182720175
8.996354002154286,6.061476819077735,7.949762854955197,9.371986881301861,11.024347660472948,9.935050017780418,9.065324001703805,10.072933453534342,8.546227040280481,8.359245384736536,9.176142217434354,10.050489784473275
9.923477043132594,7.113289054342049,7.846642807175801,9.36748119304089,10.902877643157739,9.886438265439438,9.628568401055393,10.358051757995613,8.863608050196037,8.62073314288441,9.188641692729256,10.219054230188647
9.695374342197475,7.782040679439864,7.842540511258397,8.518750413484259,10.779368822105843,9.905431037066341,11.425839570291567,12.270992793137468,9.495517682571995,8.231269658304873,9.216850129855642,11.177570843602746
10.547552970249734,8.215137179287343,7.7738539445255554,9.150615108213827,10.809865433772245,9.870688175467562,10.062464458779797,10.384716046528952,8.976897435643513,8.41515844149539,9.554078343125017,10.567170902920898
8.919260714985786,7.272030253882419,7.874245584252958,9.251423663667802,11.09059087219698,9.949213835715646,10.005683580727343,10.736385003143951,9.31363493122102,8.579284312252696,9.334367592965847,11.197796675436525
8.874069461455031,7.245856130086515,7.751461302245736,9.168314612812583,11.12503724446539,10.05511801869123,9.9739046072599,10.900023689979076,9.060936386230942,8.251799284070414,9.013438026505288,10.329928607380408
10.048720334963692,7.6058722372273735,7.779392767835144,8.690213865211737,10.606494911427061,9.846315600045722,11.027285470569069,11.860412855777144,9.332301812390986,8.613915902885696,9.371713238273065,11.01252195270267
12.627427304207265,9.695816661470726,8.979465127958434,8.496164766777682,11.905200240357209,10.708504335957661,13.058953318399551,12.583740084069863,10.017476540801734,7.955541163514617,9.279673460316038,13.146909254763392
10.094036187089028,7.722342493868835,7.9086254652805685,8.313882674062038,10.777218516164009,9.833631731592561,12.172697609498284,12.400261083842238,9.542997424250007,7.978421271284616,9.047367785498293,11.488726769004286
12.494981325016814,8.68710110731944,8.356666006495713,8.414068603916776,11.363238410038429,10.26075565873233,11.645953164661305,12.174408531343527,10.119458594484618,8.070831351238617,9.410583140888265,12.3500696819199
11.768344546930905,9.569139678970828,8.356899015197094,8.205703064882771,11.87089386443893,10.41878727247518,13.958707680656161,13.37847429116049,10.171805082017546,7.856247799133632,9.85007323206086,13.98763156537475
12.729896867689114,9.975445663257696,8.58517980617161,9.178857311887143,11.132577705972624,10.486697888417433,13.954852769936679,14.07903645408829,10.45531749409888,8.625674329958821,10.85658707755897,12.884801436787825
10.40527545025991,8.903282847989745,8.528892524445777,8.337614537819599,11.400876182455042,10.129661062914552,13.37118356605103,13.374773792453654,10.559302668198201,8.312570185974256,9.723728554661655,14.620591451143428
11.704222564020702,9.836884109351528,8.512119967672197,8.883973535233554,11.345457274939358,11.339802727200867,13.57014294658519,13.417128903707374,10.052722922549549,7.960489437183963,10.05472830392473,12.530150722306848
10.955628431461681,8.438131893571386,8.316424891943937,8.51563285988028,11.789722484919903,10.562958690481766,13.415741549248155,13.2375270718001,10.585599753384958,8.12932788733066,9.577605355689865,14.526768752052584
11.153435613119376,8.090093465123902,8.696949800081562,9.369956861111564,11.615558566854613,10.760433797771496,9.97593903937624,11.337095094795716,8.690049405424114,8.414496912438738,10.125008652930441,11.251903875940934
10.698222209977127,7.5336008183665175,9.000531308535376,9.919208236686076,11.596161958314589,11.242851945665292,10.18082431970813,12.038198126811164,8.93204071230401,8.120727776338093,10.208512807055719,11.106905620448634
10.153325043805554,8.768524809385342,8.571471068711144,9.853720339550447,11.445710078965199,11.146660225095074,11.471414152801184,14.326163002927345,9.419086299597218,9.640284106891267,10.044493165615574,11.033962683364683
12.28637395973876,9.265941954068293,8.529963360369154,6.919289693230724,11.59394706053525,10.436788752281906,14.061166309872451,13.299169206930724,10.744023931166096,8.11851757697578,9.36899915319936,16.09289146827603
12.819703560547765,9.533453729827318,8.269331671725677,9.375317556175672,10.940734178630668,11.046756235075799,12.286401264338336,13.453303879946716,10.160237671078688,8.739676856030032,10.615019816321915,12.767438370042287
11.681334116641413,9.82632653725612,9.177359423978983,9.198601037651578,11.799654223155061,10.73157866202125,13.152704007359064,14.012144849960471,10.146221749278133,8.016984803003927,10.110811959851468,13.921657058690926
10.090512728000089,8.874611945798362,8.691789991618924,9.278783318191053,11.701453406192607,10.85068800759175,12.155013200905527,12.353122693829585,10.072619648596449,8.415905880837382,9.724956802712125,12.446377865394377
11.375773932414853,9.440067592135595,8.924826990020929,9.530545622491909,11.007942435826983,11.260482313798832,13.70043036470632,15.261944412623079,10.080158533478107,10.377879746192596,10.815902028659814,12.81082302814288
12.90901779563091,9.775339655742375,8.31303907198763,7.634684258809637,10.180374599122773,10.087607411207978,13.315303117515676,13.430988593532074,10.185124594142883,8.270018568284897,10.634690330813736,12.484643333330077
12.021414273997252,9.893394776774745,8.796793492327037,7.900322044814778,10.742824526110871,10.389166423437564,13.839199182506846,13.316877777070902,10.37082278133303,7.962235300965867,10.649788110507417,14.612616554455087
10.521251989111894,8.760553224991037,8.258174441906268,8.582238990996293,11.433157339155086,10.194363504293017,13.49564953623284,13.41955910668994,10.392501618519558,8.151246959900337,9.545412127460617,14.647082425071467
11.790628758932085,8.795618264631784,8.129028698378104,7.83247707462614,10.927029497150574,10.01394092213925,13.651774723779452,13.040453816303499,10.343408571212649,7.9878489370972225,9.396392252043222,13.822683626359998
13.02740422092783,9.974645053464233,8.78243708901221,7.689232364207202,10.936194177938816,10.613693777916378,14.589726208061544,14.339882923333537,10.771185711779527,8.053279112584297,9.49401271548234,16.29083316779963
13.043565022792196,9.864615515813046,8.857709904448058,6.92713269410776,11.253368985249995,10.957313049071267,14.71746973305059,14.298998953757039,11.062068673888946,7.964245671002257,9.503239634898776,16.652994943311818
10.161951730139364,8.744971242756275,8.24762233773032,8.66396455185953,11.155715404998576,10.159870717979452,13.316508103677464,13.33212900050615,10.25523009322345,8.288848342828006,9.698701577779637,14.103097885922583
11.070744530378278,8.552455703290908,8.11233682247112,8.056365711955712,11.03045152606232,10.129023894304375,12.937423499042279,13.091427254353476,10.219899260062416,7.876111990712831,9.377245987249198,14.267945078556458
12.431730361696463,9.867242182195731,8.94130002816779,7.235525347538285,11.249302200935833,10.617798356468581,14.41529757097706,14.088466680690043,10.931834336490635,7.967105397269828,9.771431700013583,16.338915858830337
13.295178019123277,10.00632280116401,8.931160148108662,6.663226295774433,11.314287715985225,10.69988382935153,14.713568797785946,14.04459946182397,10.602991068859302,7.858623310255478,9.70487044420944,15.902906617380438
11.879703198097273,10.106912321205154,9.246203173155038,10.667814713216353,13.004359785500045,13.963884118911652,13.720915228068037,15.273165388462308,10.268395952337794,8.600990158376206,10.956390857404756,13.221333838693406
13.541320049586034,10.453835320808626,8.981698807633522,6.705171448070204,11.081351841411406,10.656951225846043,15.163787459811623,14.121777097046591,11.186286496924174,7.964654164647795,9.693833110711166,17.01795651832352
12.662679190229483,9.914846733045081,8.935051932730635,8.08330122048698,11.13430106389233,11.100567038355182,14.594855834686227,14.346486820110835,10.695028062360585,8.106554481831148,9.982150786860744,15.626171377863342
11.294370955285308,9.11754683469126,8.647842164963983,9.147088822264996,10.940660337093846,11.327772141109145,13.443093091457177,13.765102246963876,10.203210501751458,8.97809127882935,10.43903295239977,14.357161483987205
12.86814190191565,10.032546636092293,8.58805641356959,7.013014578708032,10.887050315436113,10.45204621698758,14.291565551237191,14.189229267973433,10.620226549195042,7.865597750467401,9.478779034974718,16.145127681628516
8.988937755867088,7.205357130136274,7.76360385680949,8.875961072384804,11.195669209316758,10.218061435915878,10.535939888505254,11.925148201583763,9.238597417836807,8.424475250158672,9.035341438478866,11.029321920413384
8.322386092983526,6.458769979165435,7.963233180032714,9.258873296569204,11.734492958016576,10.1025878612837,8.390049478605611,10.988031590418569,8.881904222376384,8.468318648967236,8.909521682415782,9.97434413311911
11.261990700182242,9.358046988871655,8.228609497886382,8.363478088920887,11.259589996373862,10.105982039832016,13.598524585922611,13.537567290791824,10.470090003158468,8.05690140019539,9.353608089280566,14.464176969174135
10.274499886336182,9.609010216845407,9.217703821599203,8.739370927694262,11.807920030210958,11.01369361178719,14.07378957628529,13.732211648057564,10.455261442160806,8.310125451722097,10.280905429024884,13.996960028824226
10.868498252378162,9.782558639949428,8.642597944518025,8.47924711074244,11.321601874630879,10.436473548755998,14.338211471773862,14.302902336684946,10.540173685093912,8.352418355914436,9.810963216291556,14.947716079168154
8.70662451253354,7.223904831969488,7.7641115080684,9.212653458014083,12.166949442757828,9.94310759691275,11.239965031375323,12.243054418137854,9.511703440264172,8.835404095760609,9.10428518991503,11.475276398443212
9.36969598214851,7.604996606794675,7.787759149847214,8.687060461673275,11.4548804001717,10.085945325841143,11.230734051835826,12.568515440148149,9.730813602798113,8.30889324857428,9.157557148970428,10.865803516617321
9.738889808469912,7.670936873930954,7.7534737927398725,8.476380348280186,11.178398288204134,10.071091800281645,12.031000396966029,12.7184523652746,9.986147070701355,8.046641664666833,9.083352071134707,11.52211050336469
10.075942472597877,8.134967546661507,8.215143662421287,9.021756879792836,10.913002710205783,9.981925198651874,11.766917789337658,12.698704168092396,9.73606944595611,8.931858706585782,9.857281716759642,13.244833549044214
11.728168614772445,9.100322119994146,7.948187947858019,9.508471361946379,11.512272256913748,10.61723265417608,11.560443024485066,12.044720404143227,9.236063423489563,8.524877878632395,9.690890743767726,11.726002999290271
11.697539206807598,9.809698453390249,8.581236683738561,8.922148210777873,11.77368462349669,10.81456578350994,13.616517250896099,13.517356359377164,9.932342114460445,8.062866758494854,9.575373202900558,13.194720424942313
9.555118928746946,7.510611083995398,7.860315118188229,8.505803055231423,11.402485589251103,10.02578646266787,12.246326854472422,12.578689347760438,9.978793393351324,8.163366359637404,9.307501332695278,11.195836086279606
9.503177295744127,7.053738451906549,8.272123230624041,9.315233481375358,11.275302313369284,10.301927653120046,9.809837084823824,11.267243237401559,8.787666244562454,8.917362669309263,9.518040028607157,10.752349220605467
9.589836128845992,7.751139449692586,7.930952909833941,8.819432579322411,12.14228029917246,10.100405260303235,12.44439561863346,12.9925531368801,10.045101390814231,8.046091061684699,9.113507441082596,13.2718699997446
11.501638085542508,8.594159419154364,7.978133151184091,8.044192400232252,10.916937945880862,9.97521301153245,12.960546241831311,12.969945841501298,10.163368674982351,7.8948436220139255,9.222049661473603,13.941742451030644
11.341305950019306,8.37518483076033,8.102179971353017,8.377879926561494,10.824342525019498,9.96943490629928,12.306597954853027,12.968975993116244,9.926631096048167,8.485005931945894,9.64466967350404,14.302608696747535
9.91328026432932,8.042186911221776,7.96256923635736,8.735318315447186,12.313318246565533,10.16217454021014,12.638437960910784,12.988435424831914,10.228477098576747,8.003050663847835,8.99820432185235,14.10950412741335
9.335610277506762,7.606784339442464,8.0065148410433,9.302899735267587,11.687109433081414,10.069571253272072,9.918723906187786,10.807289826344089,9.028303923385998,8.810268683796531,9.132812066236546,11.259924602618275
9.808404394034657,8.23156294528281,7.876702173097607,8.520515355461967,10.946112956897933,10.116485924753134,12.2070597332566,12.945924664718763,9.974384470275693,8.25616598875418,9.213032616884009,12.11962309374214
9.043925880749828,7.49728734307167,7.766797022809795,8.667493196878825,11.518485712133504,10.03021136424125,11.910045332692405,12.586702779257719,9.714514598423035,8.470269406465192,9.174628182737044,12.419270914797362
9.761321357517458,7.9164201105484535,7.738511080651771,8.643086180488286,10.94799828449825,10.081531185135304,11.653923395535823,12.513231247338949,9.673263336215667,8.75214328982652,9.561223836381718,12.34099312662283
9.820391707686268,7.97744129972508,7.892757313273014,8.358210546220722,11.011043035775169,9.930601503570985,12.003692274027818,12.703079493929335,10.011670200140125,8.128402045182346,9.308016172667045,12.079970638218805
10.24905897412424,8.048546880454925,7.682373215579707,8.566074435088536,10.698513649561837,10.05079851409826,11.849132977381885,12.574786290412591,9.727332608465566,8.738445743182645,9.596869482812172,12.351600137508198
10.616550421183614,8.36644015723098,7.9733871770002755,9.410968182850965,11.415991728696,10.195345320090818,12.03772056131073,12.584232907876293,9.46404823991749,8.303653885438678,9.3995638344961,11.485114227025875
9.191724674263194,7.591479230984011,7.834385097704068,8.576637441895523,11.321073857284443,10.097033900560907,12.086240834664062,12.837307368666465,9.96732493289328,8.176019532134331,9.186908225362249,11.924903094724701
10.016877676544818,7.9115231940291295,7.552252432379584,8.939006739859725,10.621787417637059,10.076497278993076,11.241638758017787,12.008034687099453,9.310321804264102,9.04249614344302,9.602234812850854,11.759621586898447
10.432185832070932,7.879893189817337,7.834401828240093,8.095136373684687,10.767079081398421,10.189488677550452,12.426503353513901,12.757631210518344,9.844138808552868,8.053545808324607,9.118644543876602,11.714185118133775
9.73621738866817,7.7769097188556895,7.852894713969225,8.305733403897946,11.119366458772554,9.945555771699146,12.287240437711466,12.780685473907125,9.955347401648684,7.941810380151304,9.199773316738773,12.529954803571746
9.358886147896715,7.626576741703595,7.801621219236064,8.57345958271709,11.313959868935921,9.97709645360485,12.039667332519269,12.563686005689602,9.856562305363328,8.278406993808812,9.196027997037762,12.582790313994883
9.551046946585894,7.683020891746702,7.7839074893757845,8.561589051187143,11.168967530929063,10.117150089083111,11.840516436762057,12.837350865228984,9.692897959266146,8.188498237479815,9.00065770705069,11.484975044927145
9.576216829963947,7.671126222461719,8.009966614344453,8.78563343061926,11.459519659946322,10.388838493039623,12.642289675617793,12.896287343431075,9.814848544941484,7.959729316865876,9.405467256243874,11.812956103841723
11.115683971260676,9.132933403351212,7.772391874681055,8.384930261943754,11.17278437314261,10.031978087555459,12.73008778533123,12.822099228480734,9.861158775082766,8.120207200470514,9.801087483937918,13.468857973892865
11.943729472668572,9.446250105822449,8.660437659962163,8.565828040921993,11.351476907691268,11.060861349666538,12.68500996944698,12.902394043748455,10.077028974181829,8.328053639463917,9.786889898558535,11.725929334975275
9.596757959853514,7.459368057463644,7.938991689288993,8.506857587741678,11.007833922460538,10.04522983424095,11.54179240319969,12.394578646590757,9.576144008615024,8.079432453442434,8.998181051795164,11.577046591124077
9.284467977317355,7.505497375201106,7.705766790920349,8.598802103612817,11.097295392649572,9.994445295361082,11.363188092392837,12.106131694384846,9.52608840267876,8.54843586195641,9.015432684641771,11.682093096599962
9.060897404764326,7.4508483998279615,7.884884909793158,8.961783242750672,11.110636269908495,9.875648298130416,11.200292842069327,12.315407755199798,9.817910037383873,8.392339340435859,9.240170149592764,11.52588868307454
12.342277009269946,9.61762903153981,8.86456121008363,7.589248971615075,11.51614686567198,10.705719397856312,13.682569421727178,13.022531862439488,10.277228981635199,7.736268420559741,9.323302307644148,14.145415683986466
8.70167539391683,6.8750795708925105,7.910423187194939,9.397843507464104,11.952623052244318,10.123852960769964,8.993253411798287,11.717402839505477,8.643442047845992,8.633587603333295,9.044746093532382,10.61910397409015
8.302877956034601,6.788613265383817,7.772764712582973,9.10686725712224,12.024730560827068,9.905725239738691,10.726098600541237,11.904706393750683,9.461824183471315,9.006139291393266,8.998459707233119,11.996797646545396
8.335435619339766,6.7594433905289,7.7162262508859945,9.017641241610011,12.363180416808156,9.981883728457865,11.012311743345025,12.334350431145861,9.535656011183107,8.71966952930306,8.84508137349411,11.83030917460762
11.801782328248446,9.771621580618273,9.354655513672185,8.934857761122704,11.394246861283564,11.164430711705855,13.758373502235635,12.868212336894205,10.06557402492261,8.44404031058282,9.998518833846619,13.046493007377649
12.449771160059518,9.283410921379591,8.238383135451777,8.62294323583612,11.0623088893102,10.818610084963817,13.530629766809826,13.491353451254218,9.985365460480624,8.160125900630021,9.253870866717183,13.694842734043926
8.521347964229689,6.754899184689669,7.752164719319192,8.013020334855947,12.188029979892494,10.11828986090391,11.35778503675362,12.005321489550036,9.411248350677068,8.071422896656781,8.92368798499476,11.534906523784601
9.962667510489036,7.600801937539136,7.9598801657536224,8.303161157268097,10.564151609543616,9.788967839725226,12.196063040021308,12.263495756824739,9.62624021060273,7.992862674326849,9.101468670864904,10.805046026714056
10.360118846771668,7.820093902096072,7.780753654019757,8.364655539376677,10.702822708027476,9.992319034382476,11.49213950348837,11.926037538068522,9.234572970689715,8.460696439163652,9.171808420156497,11.50769856691622
10.01406002972044,7.9216007466582115,7.9486309194318725,8.348417693992783,10.974247269562342,10.01415855756473,12.43137238740119,12.833558319092736,10.079404969072005,8.088913479350213,9.180243559750126,12.43578974560197
10.449258151367367,7.912428415079124,8.800058718778692,9.9823517923715,11.697339261465963,11.179176763597424,11.366132552710825,14.677079021579376,9.372199417568483,9.529810731667663,9.969410430695351,10.599364065381984
10.978635230514406,8.584828673941768,8.816116165902177,9.75087973760511,11.872009935773203,10.671870951231174,12.77839930460511,11.239889384777452,9.452445952268949,9.312530480666585,10.154040051122035,11.399433422901934
12.45641510759854,9.579125230931274,8.26808956718982,8.30439414087435,10.431217029035656,10.16876736427838,13.179462808785221,13.40393818306939,10.079418129016885,8.116195574450726,10.089121650164822,13.599262130359296
8.835834733262152,5.876677676867292,7.784097219749677,8.42205675301003,10.414770187875858,9.257247578254908,8.42824302322806,9.650723088509448,8.485726083591063,7.982505105269217,10.095462785312195,9.772781088874579
9.808306519369406,7.788806558860093,8.025150036992477,8.081507698184721,10.530957227873687,9.658202910292328,11.776596541814072,12.253149429576583,9.659039052643529,8.113675161269654,9.297200064135252,11.879903981323816
10.999779071937132,8.305151101364425,8.035857395380885,8.225981115334408,11.157420474996865,10.065481963787787,12.584887584725612,13.005196635343532,10.125824681197724,7.97839358964711,9.121938374892503,14.011373646676574
9.967788735348726,7.367828072081386,7.903376974145149,8.301861810982187,10.811584310532192,10.04577075789662,11.406509715281683,11.855229452907773,9.089750509829006,8.585366305576775,9.124268017963004,11.26133227627132
9.721879433778595,7.185737576187747,7.8048009198576995,8.302328722508566,10.42804460761235,9.373289523054185,10.717918972716792,11.472893062565568,9.10548520439512,8.801041540422542,9.97464471355787,10.834242529773736
10.105528001859929,7.3187627187393005,8.006674233092486,7.967757382096204,10.148335735807175,10.460404194163377,11.42016943804561,12.860597295180742,9.704248607275812,8.56593695501321,9.924330109412562,11.600441165385496
10.302069782264162,8.465229686286804,7.752268875652639,9.453188458347032,11.773003186031795,10.383172744794091,10.99879062445417,12.29728856666768,9.567445922992768,8.355812163233415,9.183510955588286,11.181854608047606
9.118024813783295,7.2750800119574475,7.850472444684477,9.275079288344205,12.025801620129638,10.068207837421905,10.326103593144023,11.407700208780547,9.638777932114516,8.413679839258066,9.074483701016009,10.629775336779067
12.466342278436713,9.527276938598373,8.287388782049463,9.594866328770975,11.828699036290391,11.841226242377362,14.08696065797522,14.960814206840372,9.921190160969237,8.503333336141605,9.634004469565305,14.32858051884661
8.738714080844252,7.833101236603852,7.854607433403765,9.404715022779493,11.983135719363949,10.301449672074828,11.260064162176665,12.771485203725211,9.740571045880007,8.428638843194973,9.058002528242314,11.521836158532556
9.34957223038213,7.428118762971846,7.8299371669829725,8.73165363207991,11.27794098414999,10.070038485151398,10.756835998701202,12.382244261942233,9.659866102333346,8.369113030564039,9.226508133779923,10.919598836291355
8.589515529332898,7.252020798013465,7.7570656218738625,8.833856991304252,12.343995124274937,10.077440925075793,11.811169866086114,12.681568107929309,10.018415649916365,7.973191230929106,8.913017615946563,12.531590233367588
12.85847306008192,9.423229888837552,7.723369967369836,8.455028401910994,10.83450844881164,10.419414924502641,12.57884182832317,12.89588333742948,9.962130323703475,8.077816988126823,9.265153561077234,12.845502230501877
10.419419463509863,8.165715810436676,7.902788270887601,8.327439661523437,11.045943444735686,10.030961186491837,12.239771255988973,12.605110330772657,9.824803556729146,7.878719545846048,9.103756953562502,12.738947615711828
11.450805642295204,8.228336187275545,8.089738810650882,7.89415019334639,11.379918675689202,10.14385895184161,12.936960885221934,13.110579040598042,10.319939526264076,7.91945191956553,9.270619902535854,14.437903941613662
12.274122194413199,9.556899175010832,8.183488803243062,7.587051877258947,10.785197234471108,10.747637576914627,13.621199050280016,13.599875415858376,10.261416191682583,7.797069579600928,9.60678582205391,14.752202832584828
12.714602496674866,10.024870663676893,8.548266168719941,8.165962129682722,11.27143284204906,10.904556098196034,13.425440802418153,13.781423421094157,10.402699494679075,7.844480627084786,9.62377349650359,14.795467026169584
9.244887729818974,7.678948506111866,8.198755425130246,8.89989901090348,11.762778922911092,9.947202602429213,11.74020378383795,12.552273392765011,9.707692131139599,8.539263138143824,9.381797156960861,12.749659488539413
12.796827491010436,9.743834584696282,8.2374348442755,7.366879610361244,10.69292435073792,10.70215417808359,13.955412954702654,13.573445627240723,10.206806277280506,7.656056422447059,9.757377771388438,14.810588503704372
9.907798289630446,7.940525518522463,7.885552874043395,8.785508863553932,10.755323970294118,9.94827085501138,11.667820716276987,12.265572854328928,9.692782535189682,8.622353261821749,9.618986135970287,11.941063684176061
10.211556080273182,8.1774001863387,8.109929407543868,9.009405827624153,10.72228170412059,9.871654708876841,10.752168871488438,10.803028862627576,9.651754002645129,8.975608365474587,9.651312842972121,11.360448619602106
11.341712880274015,7.783076936050359,7.9868904335209985,9.187482599390865,10.524724272093497,10.57213439175807,9.965919135409395,11.42275674001257,8.744664351974146,8.906544345217624,9.539360116350814,11.137532501272933
11.626555750785954,9.80199598027386,9.191781162462295,8.891989214804834,11.730088912542344,11.635928846900692,13.245004707015841,14.22143376869473,10.344916030227209,9.001279689306033,10.126008706505061,13.50232936940488
12.050693028723858,9.66766342749341,7.866209246707566,8.486263653756941,11.736809544444702,10.373401745838454,13.125501265089142,12.908137245474094,10.063274181222415,8.00696858859838,9.202904764880948,12.674287084143417
11.572601808125365,10.055743131515483,8.585568232757538,8.246281961154077,11.013402843245956,10.230475082400162,14.46204696953153,13.566933965001414,10.704976706689745,8.001454149503365,9.571216033577747,15.69864062160633
11.77108731179927,8.527507941875928,8.95026613750947,10.282066175551561,10.562312228772248,11.86366469345972,12.384989911349457,14.913300731800275,9.806848836245013,9.206666133597489,10.509044476464236,10.793197737874141
11.088360259401275,8.199940323505777,7.8316643350835085,7.584513173962909,10.67194655416468,10.097271495775223,12.581528948146126,11.949257452892569,9.70210248389778,8.379367068690044,9.582413065746502,12.935992978078891
9.913320263257665,7.788403004778156,7.5726792191940575,8.505313266761892,11.350126300489595,10.295202027287212,11.430759007156878,12.479250862236185,9.5965311634419,8.111373506534223,8.99282364840188,11.318253997959289
9.373278699850232,7.579028493232452,7.714737145657782,8.657526351718001,12.018757291646532,10.101039690699606,11.655389121163445,12.809922908675953,9.772966315342682,8.136286819680896,8.974385820343107,11.312898333186885
12.3842945453971,9.193819298335406,8.4799052493914,9.583071946631215,11.782569240636324,12.220699307371406,12.917442454922133,14.040315228163099,9.70441827724101,8.377529978293508,9.47401873760614,12.352998846911179
12.005841937393795,9.360508186651252,7.821995467334209,8.424399091767269,10.897910678970108,10.876516255788518,12.559733096404383,13.201110051771131,9.895631223434275,8.178540779429031,9.382087783447574,11.856639252137514
12.359868238637992,9.85863675120712,8.411266738072067,8.678370107660097,11.582412069341517,11.446460368398455,13.241037844921967,13.506915726531584,10.211288450749553,7.924261122815362,9.477820591842626,13.371794935100331
12.201106982596134,9.786579261990223,8.044716735875175,8.182181808792098,11.574418078864694,10.647897666933043,13.203692809575102,12.800933691880637,9.959616376071502,7.957642199168648,9.22587826862638,13.262494925937274
10.808306123769125,7.9066994137403785,7.880083390529594,7.554319092607831,11.480142422128566,10.229153436147723,12.421763561255382,12.808296050396912,9.98445170086179,7.827291070599592,9.148121113154277,12.063346674059117
13.671339996088339,9.533042181697907,8.037336043361028,7.910526912535563,10.4835456242737,10.829574773322866,13.191611123107188,13.54789375407546,9.986650481838149,8.023859604967802,9.516425766025515,14.37256599062032
9.18109102779479,7.650575794887967,7.6791289669762595,8.790897927780033,11.98137415899571,10.160038739932869,11.464317636273146,12.316675366733655,9.427542303867227,8.272585467059173,9.031277778312917,11.071213384573936
12.031617710108096,9.735938623372945,7.876804436456706,8.438335179473727,11.50399188846158,10.356749253303164,12.91759169255648,12.632797009587453,9.920307013467944,7.970249744008354,9.204388151451916,13.17244077787288
8.587260664171248,7.142499482498118,7.763724864525011,8.743187061794732,12.23753174042636,10.0606255983414,11.666999457171658,12.631861772603344,9.626356076441214,8.1450013132202,8.90225764729546,11.318981669667542
9.772394081337582,8.241263634093356,8.058296906496233,8.426124938350295,11.040926220014114,9.971731652774094,12.190811429547876,12.827349010265346,9.973015227528213,8.239475071946158,9.28424759817305,12.770811205214619
8.396418458486908,6.402528680772308,7.9882436299653925,9.676586402004896,12.123550893119903,10.045554555136569,8.698442325665377,11.084024705394173,8.854077756478118,8.838739754988344,9.176334585276452,10.107308804264939
9.347551344362126,7.145420390044502,7.862891601449806,9.155984045540999,11.890476652244267,9.823352887413474,10.60161356865426,11.827441417507595,9.090092348445125,8.782601069527816,9.15100009450585,10.206296878690065
10.674683867536823,8.236691785508464,7.943467926514513,7.8879640399494475,10.580348171958851,10.075789243059472,12.189330701433587,11.944056486467755,9.31912805321362,8.053422243332585,9.278024518004909,11.298579950331526
10.011945946867836,7.614406361336384,7.773910276562225,8.810805952791695,11.60272312883027,9.911753315251742,10.777792956163806,11.629721385491969,9.039489333953906,8.609662296260607,9.154497309149555,10.466827503963145
9.53878620920875,7.6087957148518885,7.878320298371588,8.471776512269049,11.49180884951465,10.10109012478353,11.910013334180997,12.80859615452831,9.868493961015625,8.061397221566171,9.033927110454782,11.816698456861321
12.023231999848596,9.70177841369526,8.636937101911233,9.264346890730597,11.634518797929855,10.352538522433804,11.577358638058808,11.453229931898408,9.758786491843875,8.263316328736707,10.016780532446443,11.682578514608958
9.233500292328745,7.214817886878065,7.833606090647026,9.17058196256849,11.046757017570147,9.921825879380433,9.923764909350512,11.410015102243172,9.065003636741912,8.5761656286881,8.963607803051218,10.509979257989414
8.507881092026599,6.83626881850781,7.807597398560703,9.013661124330646,12.133984411492907,10.139677874654302,11.057740555031353,12.25150180151968,9.585401189046946,8.244940935148971,8.943468377149863,11.204737887450307
9.251667182785422,7.210776918153644,7.746113821725383,9.133544097151562,12.003873818116768,10.179380468330873,10.265820608877751,11.289440155107485,8.980848181586426,8.604775796276476,8.950129267901579,10.271260668230093
11.320180276246388,8.520868492167308,7.765983403063021,9.694449426274879,11.290728472850104,10.718940911368623,11.842328688109406,13.261114264802444,9.015930931703654,8.866220821607596,9.41521215893486,11.380226285892784
9.572613957133038,7.2750142129869495,7.918627475533317,8.872926268922216,10.661546070921757,9.816220763685111,11.04675909884071,11.837450602465964,9.287366377567075,8.641271333427428,9.226581640291757,11.39198105994928
8.547099462639757,6.47576867539421,7.864384306692608,9.046493284628811,11.798283867680919,9.92623771985938,9.83365663010045,11.232584452543762,9.061068678126924,8.704244448220827,9.107771518680293,10.290152824390342
9.222508159333103,7.2583451316216205,7.834719712421353,8.942679182006014,11.801609977914719,9.944861677941365,10.42535024971567,11.722511617956824,9.129844864406905,8.79179066722966,9.324224374985027,11.913921489315848
8.53317435075414,6.7055814200655295,7.908883141718728,8.169709740681665,11.71234911709826,9.990755121785037,10.706229203628192,11.979984013446986,9.439502233627971,8.755456884098773,8.921900034536993,11.051870433118884
9.858945904682923,7.577012296332385,7.97429942508516,7.805225747276844,10.563192106022228,9.767430864618625,11.157007190342783,11.51991240720415,9.50562614997009,8.491914654345315,9.429221922316788,12.676800188973315
8.917806617354053,6.896745377363103,7.822023746869545,7.946509729448294,11.305032808868555,10.028630349123121,11.265053528384463,11.904266911530453,9.169162201034345,8.488507842172465,9.237812575149585,11.691630510680183
8.743391541754047,7.685995438186521,8.592520758517933,10.209798014535592,12.06579697108137,10.647990675541683,9.96599427847629,12.95719228168455,9.213447750299276,9.178636911489894,9.33915423940728,10.574231635599434
9.040595919858658,7.5618978805123,7.94348475034119,8.651550108325962,11.85065026929058,10.1411748441652,12.002768862430571,12.54162721597287,10.066512311180176,8.524508787847108,9.186348690348476,11.95512375989759
9.858060122750665,8.437761096653187,7.736380463014838,8.60342184355976,11.45314192185811,10.078063290240232,11.936376625165193,12.561501437208992,9.714991935927422,8.376310450728788,9.116498636130736,11.145362087528211
12.0390763306183,9.47961890901298,8.02436295206586,8.02897378114046,11.557136841045578,10.455219931035364,13.492015070826184,13.131582339360836,10.158425921310327,7.888401174397533,9.736968931590901,12.907958149018576
11.02407758084687,8.368945634316747,8.020586422508778,7.9774284981445085,11.563813014249488,10.15181448608982,13.133394818152569,12.950766532470782,10.27979793394997,8.110549283462179,9.197758072981976,14.267450280768957
8.994247866309202,7.672469452975966,7.856137632587637,8.16829209930606,11.648696800075347,10.363619292189673,12.433626213777897,12.436252440526923,9.692131987245814,8.065643220970943,9.048416854483383,11.972244883649328
8.220793084516236,6.87214190366971,7.681048013230911,8.069598871622636,12.056498786423187,10.234011214454798,10.996872285840253,12.065579246969982,9.403759101342121,8.180062661520001,8.840230598897705,11.295727774826817
8.1833055719959,6.032551965911406,7.946766855714364,9.504332892792094,11.753130540861001,9.73314584406185,8.546770524345277,10.668713286834322,8.753546110598315,8.69109283978766,9.117484008804004,10.00238713504316
10.389297528526116,8.124638496461449,7.665546300667444,8.592618743521383,10.475107517631402,9.76129428390252,11.674727773033169,11.474439731303008,9.124755854203142,8.905277858634626,9.577965345452142,11.363376442466723
8.405283513215675,6.8543853893273035,7.8617913406863655,8.94234803436355,12.166443463722805,9.907805610178917,11.39596850305224,12.489682920759085,9.60318899592592,7.995347327074649,8.89794492422008,11.781937983229904
8.975924860236903,6.629191407416858,7.688053433617438,8.088376788046642,12.105219235872875,10.04523208490699,11.507207911279998,12.107269627335636,9.592695108764602,7.964796086147945,8.873439642654725,11.664134317563398
9.545453695054768,7.803105656034583,7.727906747994255,8.784776525801302,10.7825531543281,9.930527987286718,10.84265005836871,11.948824111409099,9.411636373709536,8.820025015294245,9.309020918400947,10.936523813234635
9.631855205953855,7.413921475451193,7.71042119466182,8.813996697750207,11.770066486554697,10.023726067363173,11.549593798637552,12.56724224030281,9.434387362636919,8.032215671458452,8.951854015744562,11.36400487411213
9.526583518279152,7.462689161286156,7.890167978195864,8.461533605900549,10.787013353318953,9.837586741535976,11.314351728907198,12.036603527415947,9.435585530450695,8.07986728814447,9.090989374798715,10.451646182654715
8.332030655582573,6.468175455718336,7.85857373801774,8.428018057190421,11.758632364821658,10.137838367590689,10.352494541217295,11.850638789547766,9.503100647336847,8.579144098774593,8.846499674891824,10.763282733164246
9.881817617644934,7.426503759843572,7.494808922485251,8.433134255265989,10.560971153650545,9.274627398070114,11.279944524153239,11.515548685773995,8.917247807043996,8.980014683538627,10.118163024954175,10.651043972309271
8.25257526956711,6.236759900396167,7.926117684195022,9.20123393546691,11.626629069753912,10.079696418112766,8.245831225833797,11.071066646545455,8.72777759315619,8.445791982195592,8.850827532501796,10.238762576795937
11.052464107452996,8.84218080119974,8.225368550901898,9.083715457534565,11.118345682731796,10.089733970949876,12.853570092101782,13.28848671001684,9.79242145462845,8.800720672881408,9.925760426021514,13.378897208360003
10.224249189507857,8.197945702607363,7.7770801338782,8.30034767385249,11.417255778699891,9.96339526850097,12.504873572877612,12.729536631999261,10.086975829471212,8.066016304569482,9.240125550499885,11.7826477077108
10.842863300844522,8.469927841620246,7.795753146236968,8.789929877468028,10.841233092892267,10.367145222136504,11.603370004523326,12.885691024171923,9.670383860894276,8.612521558487167,9.198562527334548,11.06783141731046
8.589114067899423,6.508783251476065,7.894846846236925,9.644334572057563,12.030321688801918,9.814766484488132,9.116447521453795,10.409856965767426,8.673270625142646,8.761966730529412,9.12614148782755,9.959219931754156
10.414093157365764,7.987075341896983,7.798950114569137,8.24798199279755,10.976488179336249,10.140289849229916,12.228053582575024,12.467663693762718,9.923049936780698,7.982390710210396,9.206381660005677,12.479712115083744
9.518572686326412,7.593095976702064,7.804650099343698,8.738442125248959,11.145089519345017,10.122127392671558,11.113322095647915,12.50152404828117,9.71528874111713,8.281866178426863,9.012420780169304,10.901480618318583
10.678018921655028,8.27647351665583,8.150217098186184,8.775430412528953,10.680635090474615,10.027346565800961,12.062005545309413,13.186581391237864,9.683088044801174,8.619654507239304,9.773386817340901,12.48279701676935
11.67949850139492,9.531281642861027,7.902084297900018,8.213246538941839,11.561973138109538,10.511259316004866,13.558294481245124,12.931157427253554,9.896259644081217,7.983907140701582,9.307856017603488,13.282986463674023
12.977137064553771,9.515309912335656,7.881498476552687,9.475862696671891,10.82680786353264,11.4411648510029,12.363586626906573,13.057467690812938,9.908164564879861,8.841926880382015,9.332590495814632,12.183783499592957
9.610395537377615,7.367990994810275,8.243119947372959,9.41313554859243,11.40617139666746,10.13709655500686,10.406978602929003,11.10359055098777,9.271433210701732,9.042863952123378,9.576166514525081,11.407959341666604
9.543692665724807,7.327438595488211,7.900997098711462,8.921093923801564,10.850238909136895,9.9303843343476,11.168334923552539,11.930763895234378,9.178421177630668,8.600258468930132,9.276784742725221,11.058661035130486
9.181823387369517,7.294759212977019,7.947204056485868,8.711465250214976,10.932477823146113,9.851627188595945,11.060965020434773,11.903110729697282,9.224369438426725,8.635689072426132,9.178643131931024,11.201114946698583
8.550931938868445,7.005599824671006,7.873597831069146,9.338983482490729,11.81377648002338,9.817517599143347,10.288584183420175,11.787540635036123,9.340122295405793,8.795424672821214,8.941662853627896,11.179411286356409
8.384648646062988,6.947652203470153,7.811817613802526,9.002026208751456,11.857540748361703,9.789991269734614,11.060478851482971,12.247054774962516,9.413043657864206,8.503383466297342,8.921796667221292,11.011254842512479
9.6706523636871,7.453680404535868,7.788282765506589,8.190424953925804,11.574469104835151,10.022301738287611,11.074084309884986,11.592409979279859,9.225629124992823,8.64742591310646,8.994575924565009,11.88186333150193
9.069968863275088,6.944569223554127,7.817139590397143,8.149870521792637,11.919523417548206,10.145538325439077,11.469465035736295,11.878259740943935,9.135955013666507,8.558749932457713,8.984748028251076,11.238446607574458
10.234918142153752,7.823438189946739,7.911617573723702,8.105156999016879,11.619177854817655,10.258842101437127,11.581456227858693,12.299139755675837,9.107514345509266,8.461643247376227,9.263248866327206,11.484805692557146
11.145457593601892,8.20162552788992,8.505653104449571,8.482012234733077,11.599969837962355,10.539913716692315,11.901015758158145,12.496337169850348,9.076978621249163,8.582277715886393,9.393160505729579,11.552110887788661
8.694808840376645,6.333803876875466,7.8175455350465715,8.52405563578486,11.65698263721006,10.085040780692207,10.549014115843821,11.950397358266427,9.107908073916029,8.736369680669474,9.488272507975527,10.90457898867998
11.142109658855231,8.116411480596678,8.490226213598401,8.432242802684636,11.519006548077728,10.777708761131462,11.989472689717408,12.342931389482322,9.198320793841505,8.341805923964236,9.111244008889763,11.362562760944005
12.290820213667494,8.453521227632207,8.260138691992971,7.908557649018447,10.939410952264804,10.3665582079849,12.034226791401034,12.313453082033002,9.377133549333324,8.383169214694448,9.632708337228244,13.592500784467786
9.291194600314377,8.124609249927234,8.122986345977587,9.163813372272923,11.845396607325036,10.275945056897505,10.514837599131358,11.619514109299702,9.553002785544907,8.380775506079184,9.191662283771432,10.955346347188517
11.409625124573905,9.32919104371867,8.659205943272978,8.98757481522391,11.392563718111996,10.456799712520082,11.776088690641933,12.29572609227112,9.765389327957843,7.91649588282938,9.461646493256637,12.845404865600663
11.34434597443277,9.079906463794334,7.962864222354127,8.445532986592635,10.503642045230304,10.906685098712968,11.14326680939496,12.295427079533846,9.741569826515677,8.266492314466854,9.396660464112339,11.858135013071852
10.930254306439819,7.014825124548409,8.957320974239062,9.292019264321409,11.726591068281467,10.51613817389271,12.069783918044939,10.66472352826936,8.798064606940152,7.910608610529476,9.828530778240479,10.25638569575328
11.844480365634992,9.493424055733954,8.246585782014684,9.048587446947161,10.932615018358595,12.114923309942526,12.449866796276435,13.86424846542374,10.363536050831868,8.32474384746471,9.437228152956704,11.894746254425673
10.781130539669173,8.241857591758503,8.058326002326131,9.273981804923132,10.398664984052044,9.90380420595836,10.64007030608592,10.608818815685272,9.43094106971256,8.875142031135647,9.52187688165282,11.275706429195454
10.584325840621682,8.21820641082067,7.724124223988171,8.281639625026395,10.949047908717468,10.019617149066857,12.356657693472322,12.752911194927211,10.083233227444934,8.008624411506386,9.115011380141304,11.98771556697477
10.55401780307101,8.329070438829058,7.70041724130785,7.767957815088451,10.711049142412548,9.949096956066423,12.158769015668383,12.370301047170853,9.89289877183949,8.002699965179177,9.409422902465309,11.865984136684535
11.077750331046246,8.596211779223369,7.950861263046148,8.190766536937597,11.01461733164412,10.134180009728325,12.65496714803919,12.861227723866236,10.03108506016208,7.961414137897544,9.133493029485061,13.824557685675051
10.556080775870322,8.559990153264584,8.332067547918227,8.82173208375174,11.573629107568271,10.718233565058657,12.753327424903281,13.558354376659038,10.784156595334961,8.30512190071512,9.260165556637146,14.67902371155216
9.978321048643398,7.817904726647627,7.977015175488047,8.68093555208496,11.510298486059888,10.114183645616755,12.296787502004857,12.923528718958448,10.032114232658179,7.935075027014265,9.156931323132111,14.047360783475229
13.00500391319055,9.01395497130834,7.747742340654779,6.357736495826163,10.466490475639212,9.803436144984609,13.854434167084237,12.878839200619593,10.131491059897698,7.564810467279467,9.17791168757432,12.773055967350707
12.927097526598182,9.618079896173713,7.965180052608236,9.361322029099052,10.402713224493441,10.307236981027412,11.94423256058282,12.599567800435326,9.999601236283606,8.367173833633752,9.328572724571627,12.202191672569658
11.717967418179766,9.990337391445522,8.637119743621751,8.384427724335652,11.373428936593216,10.540546528610802,13.537785803101546,13.42456572488002,10.104565794897281,7.8975857614638425,9.488194285091655,14.07240767996251
10.115979839850953,7.770083145560673,7.8952113859271575,8.939708324653168,10.808465167945299,10.177677715179021,10.302507581744203,10.813192484090088,9.211194226159577,8.45314487892556,9.255626313801825,10.56877874170155
8.792819700493133,6.849317978576005,7.849204787196002,9.935426448179173,12.446401453716481,10.481835904585651,8.389740456071038,11.200760368443552,8.979362309189021,8.965043545366562,8.961702321309966,9.841223905475498
10.723002324064502,7.997785362588631,8.038076198929787,7.552735945712281,10.970981869255528,10.078861656088863,11.219235203434758,12.146354194019171,9.894740523952041,8.039684443261317,9.123378936718847,13.654639906878701
10.078056724246954,8.232012955012769,7.795675439011258,8.840388445781723,10.863574536860995,10.24368523247738,11.53992675592864,12.616030322277727,9.682490693488091,8.389714330190255,9.20047382282604,10.928832767890531
9.348036754651089,7.703386620138898,7.881014625590962,8.416262014483047,10.941727678562428,9.982163108588715,12.162361562950835,12.625711561237946,10.013605884765893,8.309414243810316,9.392822968652462,11.919922153692042
11.000410774780025,8.687045242834245,8.204688370616928,8.034062209063354,10.628950158173256,10.13634584119664,13.21405245873244,13.102216486873859,10.254892319547555,7.855703120700099,9.260114874069751,13.726696669580019
9.213550485637034,6.785180065452796,7.902723557759564,9.01263736843634,11.109358631631551,10.08321601749383,9.05638277870792,10.500748848993986,8.60109236651346,8.54871331537761,9.254550802997533,10.06558435646521
10.582696729362342,7.929410055342158,8.065125674379692,8.266710653925067,11.328175356583916,10.022083187755682,12.675745972929048,12.956005506504544,10.306304377384267,7.868923791839044,9.267393153402809,14.528932846114166
11.193221445381026,8.228947636066291,8.200194664554262,7.342671044673895,11.769856971838019,10.342550391874196,13.144637011945207,13.059951538939211,10.045832044558395,8.044446356324059,9.243761134524181,13.40323270256081
13.023306021984919,9.707647104561566,8.18979649294197,9.388387113551527,10.475111818421672,11.400951804626997,12.549448927113968,13.232329530609665,9.973153606557235,8.242965757544514,9.467266412130181,13.652847372424663
9.012426711162403,7.121627253797616,7.901886145832571,9.391990480699096,11.774486056204314,10.02673862553432,9.171786926846778,11.044011844565091,8.94745089081331,8.517689677343153,9.140248625558407,10.219526758284374
10.637193981357225,8.388322839358565,8.283521942618474,8.714396895443388,11.507434832702076,10.516119054617198,12.705293067362142,13.222318955420633,10.036689132436159,8.05914004283703,9.411822620518242,13.516051646560527
11.848012754298717,9.922941914412412,8.40831227404302,7.882055700055818,10.943728452057748,10.560011693431886,13.776155887751553,13.587995994551209,10.132475749642362,7.781165970213289,9.669522917954586,13.918187643525098
10.503046007285315,8.467648346397468,7.7767595498606354,8.404743926708305,10.894561021173816,9.978505107515137,12.165627700716719,12.55830071537684,10.006481199734848,7.963741429849628,9.114060748573774,11.972974266511189
9.872372027306001,7.63598867568646,7.840638143349057,9.057583248386905,10.891932122779657,9.789977878918823,10.352301209455744,10.597687613943743,9.075615599520496,8.730670839876407,9.525278863070962,10.277683681706197
8.319327538698662,6.857947411843169,7.923453919353701,8.806030179303374,11.82549780565756,9.904302706695693,11.045673271659089,12.515819631296806,9.717146825795025,8.128168274724715,8.9768626691803,11.602590186030099
11.774442417839587,8.722810883268439,8.298099887498054,7.972008909150089,10.645220755513325,10.982609801598427,13.281211473883722,13.503601741920734,10.321351125304115,8.378635102377029,9.650392195553275,12.53911991085419
11.43296367462121,8.327008360325573,7.964329824312974,7.756645563056972,10.58358182016691,10.368881868876807,12.315975448637403,12.21247175769192,9.545795989980649,8.00698350753754,9.128850558108772,10.858657123102843
12.022953952475905,9.92522697490175,8.374863808396903,8.164406280955502,10.964063767504863,10.714891842207619,12.801043025888212,12.904302468392983,10.059064785928827,8.245111745301445,9.191835963243644,12.397368702434294
10.873698659018173,7.325572284735697,8.097657559251575,9.411274197135395,10.30901454486759,9.850625040389613,9.37123402455325,10.193955133591414,8.386327858138387,10.671079679028542,9.89641455748568,10.748360498390056
11.752838148676634,9.695946339634737,8.76555693212554,8.190726631022525,11.612819686693067,10.673669122217992,14.647396578432815,14.536052553647409,11.070246449391984,8.180456065850326,9.441988805643028,16.704591168076405
12.951339324642124,9.541486471004125,8.678459631613354,7.938234395411162,10.609556855608695,10.088144168780694,13.7195697746461,13.305161467578603,10.252124431381546,9.222765743082043,10.069132230926895,12.421858578464171
9.238686686143865,7.52169505302293,7.77022477897473,8.345271815165257,11.023976274469511,9.906482553631268,11.795147795816655,12.392670644093464,9.680728164709995,8.064689444641324,9.066538580581822,11.29467845922262
10.608775399956142,7.727544219224597,7.810430962451981,7.952941020894984,10.557653204132372,9.749500509486493,12.443345763654829,12.37601433552648,9.874381334898178,7.848004249243979,9.109419174783639,11.545636388530845
9.19569279927131,7.452933898354054,7.926059928309823,8.000104899475973,10.622342753482636,9.675604373260217,11.989065484147936,12.259994811386058,9.663467676689754,7.830645329017838,9.011546006224034,11.386784693439804
9.60317006421622,7.547940064623553,7.864785162246182,8.568519019346256,10.438417448899509,9.681091146128539,11.030598881880751,11.85892237151476,9.29168306846398,8.575108437605904,9.296646800213882,10.490931617409517
8.213834600041015,6.475664601590578,7.834264099761509,9.363251868946703,11.675404836454373,9.87666001847923,8.52288468591202,11.271732658664133,8.919096230680804,8.599458666577684,8.957564298330686,9.827637831931836
12.15666296071615,9.202124908529665,8.742447152738883,8.551591900670665,10.620782022491124,11.380449141282666,12.870001396476244,13.81408706851093,9.928520328000644,8.236820610257046,9.350434852427327,12.380208182643928
9.607536654527388,7.32569274580144,7.742114126873889,7.7950697146084655,11.533081184201448,10.116094567768016,11.882776396349197,12.166400022690043,9.294102716639555,7.8098523974811265,8.92479321342483,10.886852383921081
11.904317757287318,9.711199215776844,8.403606325861645,8.112716324642529,10.724751618170265,10.825785066932658,12.378858108692926,12.47551857549349,9.75853118466404,7.947443507709051,9.174852762452321,10.98565753016084
10.60765658352324,7.425933913862755,8.011204021003007,7.792142934675812,10.442788656751777,9.529594618889078,11.660939335108418,12.118248415471703,9.471194619336483,8.274997958999164,9.190110350252919,10.149706778987358
8.617807548619615,6.569582745553864,7.919527936290682,8.535755657903536,11.635029674609742,9.57278645494286,11.38448076404329,12.221759324024092,9.379764299127794,8.257061480233286,8.796714898651395,10.914145402702896
9.890319308981015,7.279232248425331,7.769414766001188,8.054574645794128,11.624082072635053,9.81463285677969,12.151028441416925,12.328716479327438,9.331645764283557,8.321459831949612,8.841222320429324,11.229169550044421
10.551597660297135,8.093323123966742,7.872266386832322,7.646588421504741,11.166224136045313,10.109321314966722,12.043928889530584,11.823346288828686,9.19373263013523,7.99768748052941,9.04199960649668,10.610341833968223
9.858046895699621,7.383414787317559,7.942540793961694,7.625035213293054,10.359567778675789,9.977781423437737,11.787910336535885,12.001190879654219,9.232517583869083,8.130413318097757,9.02297839236199,10.530662284126427
11.149981932210192,8.343508134002045,7.754760364678644,9.054462681403935,11.25536689532334,10.32810851737567,10.362347817003343,12.116458311746081,8.946986414131693,8.482890876530979,9.248906897979257,10.318438899982915
12.343369844835385,9.614190626730393,8.821141484545612,8.324689250218398,10.942611399276593,10.904020275420152,12.621724281495643,13.014419430187093,10.115305800623073,8.236198294020994,9.579637448511862,11.961661494123167
9.365323589444019,7.395730043306623,7.999168868018445,7.964941416695873,10.496607529838991,9.51273634056919,11.708526745177434,12.1179064791751,9.332061426965854,8.27847302731926,8.916454905109168,11.099707571456088
10.008004512121085,7.443156740568572,8.010124586544148,7.769643721145245,10.298662544639358,10.09136835142945,11.794083147096046,11.99090090295625,9.292653238943092,8.033514668140528,8.937909491497459,10.746679719514288
11.98434700771629,9.078233793475711,8.003527826913409,7.701766225939193,10.418781159069315,10.522337976240262,12.852840011638696,12.560765433135789,9.660755925321478,8.121109248945444,9.403303781036476,11.819847455275752
11.231770184853412,8.488449827453499,7.835961870972101,8.175938613187045,10.501180677261026,10.165510039334473,11.61888318519563,12.04780563068657,9.05670507113905,8.539651416663627,9.296780534430576,11.057262760014282
11.89718258324783,8.704324125251613,8.381625062996777,8.680497120339266,10.402276739264392,11.440414465922371,13.126963271695388,13.745229984840787,9.891839460544512,8.154348938767248,9.84262242632975,12.82624930310145
10.00380379061379,7.553332869545246,7.9179513019081496,7.6543235688286355,10.952511278957452,10.422970038479082,11.920827885220717,12.907808465181034,9.434271110627394,8.42932287948775,9.503547462132854,12.47388925560309
10.116105186759533,7.376663665543089,7.922562464662268,8.333761357879789,10.661319792261438,10.144385130887835,11.029051394139486,12.51203270029591,9.054275803482225,8.638878383930654,9.828463316012655,10.532749272756554
9.839116762207436,7.172786121104792,7.929199529966828,7.910855058977472,10.243931548195247,9.969509520846014,11.457515261949055,12.618875401898407,9.018541032258435,8.573189340098809,9.67099928317715,11.359533455229474
13.350012718450287,10.501190279002463,9.166359229737715,8.579361534522171,11.132792183132908,11.526966862842645,14.357113970849928,14.139590909975501,10.798095012726781,8.132375448183408,9.813794018568103,15.631447133422103
11.072392914175614,8.716514086677353,8.12962086120414,8.123166933891351,10.737909521699619,10.426130202281577,12.27181965938296,12.484163140317538,9.758283533952307,8.306489482428468,9.07334153465407,11.381463042162432
14.718613526661265,10.617609584825978,8.945234936365495,8.375670377276379,11.046068660339122,10.393189455949258,14.199189011513278,13.649461364815936,10.628559355219316,8.28344996056741,9.949600583654904,15.122410593302444
10.456057756488168,7.425590057098132,8.148085770197563,9.339701056440592,9.691095075485604,9.519127503200178,9.926984895917851,9.860314958877396,9.245873070608638,8.529127562983854,11.038011907063682,9.673867783298453
10.682600633842199,8.222624878189155,7.970739125437569,9.613698865390337,9.754379259631154,11.121705496720566,10.946059052388728,13.436952835391914,9.327555171776842,8.522985124143363,9.303871012308667,10.339151650710349
11.612906066328073,8.236629783207935,7.56232757562222,8.119063531425319,9.576343905905969,9.330638059776307,10.41652797141583,11.647160654492243,9.20892298684751,9.097651972542682,12.202958985587811,10.188708371341093
10.855255298665282,9.11616767883231,8.194001946646125,8.401818810969425,11.363958368542175,10.272417413716713,13.205788944814643,13.323745629229737,10.623477787923495,8.062608103765916,9.238217358799576,14.810655797580479
12.763336767494247,10.110664911327751,8.929083791009516,7.936918427758125,11.034148713004734,10.644299072778189,14.900693892345371,14.44565858238344,10.528201573708703,8.076187963410877,9.876649681530603,15.515132623548713
12.268011706849563,10.152846130097284,8.57345342731226,7.998379524409044,10.985586997551707,10.474775937750989,15.104290332693274,14.171006214712536,10.684689096354068,8.259874857583315,9.7079798615127,15.371783439286679
8.922088236598075,7.353021323496273,7.938941870779589,9.129844780133405,11.757991636933191,9.903165375060144,11.55159527864297,12.2990097224137,9.790527296512227,8.856198457102359,9.30679780652059,11.624448362685593
11.753267960901002,9.630841877821586,8.202918289574272,9.704381372380093,11.842040182774685,10.857762060231968,12.051254936349885,12.933453372838184,9.597018983511866,8.657848662987009,9.958271310785612,10.941635613721255
8.69094332394481,7.282390877159094,7.729412120209089,8.890148545509252,12.414594003777463,10.323166473743393,12.127104413557282,12.722054871097045,9.93441687988115,8.077245196474895,8.976784689101684,12.269060022399092
8.595499223408627,6.93760461409396,7.827269982085613,9.398554627669188,11.722878915404278,10.0350864183595,9.079502587964555,10.90892274813412,8.956847164063959,8.588089976891233,8.996916890701634,10.113045183516268
10.347543982048146,8.976939741770043,7.9265648300655025,8.320055633058585,11.828318645593601,10.51060812054404,13.416425821736052,13.268465412893452,10.026797341958073,8.010874837974521,9.256233881045441,12.592712690159212
8.494769363649722,6.680645724877151,7.731539456362881,9.342575692690477,12.270557131411227,10.062333517784548,9.740008305174827,11.395322260857837,9.364994254951508,8.487217587445475,8.85030374841622,10.544080125746751
11.025819762735374,8.168471447674419,7.996447554743113,8.145618202754981,9.9780316251883,10.303657319388192,12.001783842369072,12.644761007970354,9.774581322518099,8.636776020588776,9.959504477921168,11.584265996565815
8.4558692221689,7.130863198895783,7.787851323291804,8.515591050467464,11.673660808316914,9.792312718494026,11.243674585105934,12.200741550861375,9.477310647521692,8.1433061745925,8.859466391148944,10.90918116174729
10.315316017746127,9.24578826701,7.963474590707119,8.147713377065744,10.695141323575033,10.191009277379301,11.596839657460851,11.31001675369501,9.488852154178538,8.525710148765016,9.11499939270415,11.330457058211742
11.114244624406057,8.620612009076435,7.853873540055994,7.957446674463528,9.69300682858149,9.631346539936915,10.14783690828217,10.785982294776014,9.211965784149452,8.289596001454512,9.61413977375355,10.366732675129805
8.113395763869265,6.417881117077252,7.981619201542097,8.54813228058231,11.529771411243019,9.656334058888422,10.659829079916568,12.506127021396725,9.515594576546231,7.992015531054927,8.830992041522729,10.521220080563973
9.32162476606965,7.221607223327874,7.8133756804191,7.713603657256709,11.543113381190805,10.106713860705051,11.93543248876389,12.525163467723754,9.279255050194784,7.8184578369173305,8.877089426482542,10.912703049967828
10.11383270793114,7.506415349296563,7.7829705712375015,8.453567274674743,9.983895937007913,9.623557891348963,10.551796850078544,11.269972731432548,9.137553112031467,8.663103584593035,9.48815657845398,10.558366466270925
8.755135000475015,6.639512469086101,7.820971082453969,8.059656310685407,11.21340161182364,10.158395401703213,11.05740314453934,11.977918318085955,9.196306336263673,8.346410855352058,8.89724594111338,10.756085413229592
8.724353596260583,6.890413046512117,7.9023075807671495,7.954841399164964,11.19922175796039,10.136536713842908,11.524589713735823,12.41920562265189,9.290908537957948,7.729291674135555,8.88489229685326,10.673880332683778
8.665397296205828,6.47814636018807,7.95587307757132,8.537302116325769,11.373487402510035,10.097385977831836,10.365686230295454,11.921541792412967,9.226640697240363,8.007662439587744,8.854027235058227,10.062268810788058
9.580646369908585,7.245651489483017,7.953240593473485,7.813317610964521,10.778673728272933,9.349887240669776,12.00026840653104,12.270803252960208,9.338617270286623,7.920532339540481,8.905365581632504,10.366845800469589
10.552852347922867,7.977130222100859,7.871085045594979,7.9751719211069725,10.533090924374516,9.9576707482222,10.421289024529765,10.997298284144707,8.960213188665454,8.542358121286789,9.33549417708813,10.04395239675681
9.371703376660282,7.257512358707921,7.984587565778289,7.877305547233417,10.372894453280521,10.04661768487297,11.028740735453612,11.873023437593108,9.06334171662179,8.312768450394168,8.898547155229862,10.241434183611178
9.015205643820476,6.869473283802589,7.927634696777848,7.891127811048007,11.10172371568109,10.050683162149946,10.682956445218299,11.844866377672664,9.054662210091635,8.320446512920315,8.839906093377842,10.157399958397688
8.167824753786562,6.1380615170201525,7.955725745387348,8.403492449607675,11.187299745918075,9.394199052932555,9.373375972440945,10.159199874481024,8.999167338302442,8.631416956943756,8.782385456851964,9.638083739930682
8.48624339796173,6.125407067881873,8.208279477339628,8.997708795156298,11.443904849551778,10.20974780137158,8.295702354177298,10.041530204040168,8.818847452767418,8.377335246291642,8.907310130113652,9.51747169869846
9.611483167904321,7.393455623003399,7.873913136855442,8.808393014734959,10.786326820855255,9.871662039082581,10.768580587774844,11.917059952853887,9.365831791188493,8.636355487349368,9.349882237550371,12.07851085865831
10.197033158988019,8.204369419071249,7.777918928379225,8.259549980900047,11.127224835414687,10.138973368668918,12.77286844159114,12.90448638787727,10.047896597483422,8.040274948450648,9.10151295773427,12.544434399424704
9.320055659927686,7.149098723895849,8.111260060395608,9.003550083781176,10.4706240940655,9.740023031044291,9.206568990728215,10.205038596311498,8.400456799883468,9.179344692476109,9.69376687736449,10.752717018986058
9.10824846615791,7.3195813173728235,7.662860030913997,8.52171103545358,12.441167249721962,10.012450236790079,12.098545697974977,12.682909609955292,9.76666303413053,8.027430845870594,8.8160648914892,11.437712607296941
10.721080723781517,9.023186563776111,8.314446306781885,9.051767422888169,10.522478039098138,10.122134624835967,11.978994540705047,13.240564245880277,9.663840802290538,8.460699660324494,9.896729711437441,11.885634247165358
10.511112054852552,8.34788915687896,7.844711123050349,8.534650585460511,10.427159309929312,10.09524303042669,12.15247731088011,12.82955030593921,9.861966286608224,8.578659718929016,9.613402709332618,12.2762478421834
9.573087543378865,7.558275764307255,7.869045623895764,8.477379976419467,10.791165530291531,9.956298781112372,10.854370772720118,12.280903492743327,9.686401073433688,8.256484962390902,9.021044819229436,10.748773728762314
8.93740837146544,7.3056173011152445,7.728916438722435,8.79024060223122,12.022440722163093,10.010852088956671,11.931630954932517,12.52818129338501,9.479014587383297,8.006004232565896,8.836310562227473,11.974077400230431
9.498741765109562,7.367850937135208,7.797768461021457,8.026192179612005,10.493254873577754,9.883497473257364,11.379112552544207,12.018437651695603,9.21298309949769,8.688220104297562,9.235843076573468,11.640985246753225
9.763246394470109,7.683333425593443,7.8324891515729105,7.819543820823857,10.74488949116961,9.878037927772924,11.950119222503734,12.40841327211507,9.631108423992048,7.856736366494097,9.013889866324766,11.36099475099953
11.504584385737497,8.62464209083047,7.936799613931,8.244145113774044,11.239848370874997,10.410390125562758,11.697990696172239,12.054365608063735,9.362907461925245,7.983602448806132,9.10461820324084,11.17778796882102
8.150432775926996,6.4750890641280066,7.805402006169487,8.82998387730367,11.538242252390038,9.615722550673174,9.286229197842342,11.12950164612157,8.97129295911586,8.653876628243209,8.830151669848679,10.149788289241558
11.143984584650065,8.009937742284297,7.910833901000973,7.588560167102775,9.744740738158752,10.036998670256047,11.798607581371096,11.72922135838979,9.078794818500025,8.040090759980318,9.086703340320605,10.712752975062173
10.212155024911231,8.30405270549837,7.9207208976826875,9.1109133680419,11.47605954226506,10.616300630824664,11.86475807102639,13.388349018316,10.095691769194255,8.467663912133474,9.245028421925591,12.65224574152279
11.820225596022857,8.36888617502881,8.292195849176276,9.803140362547623,10.649422538194962,11.08977454721165,9.841352733041052,10.955202416457322,8.734985974283267,8.492597901533449,10.076505090640994,10.865511272378042
8.940933176082343,7.285414391235017,7.760940529016639,8.565896668879992,11.456678798650719,9.807305108172176,10.922903212775461,11.892093662741212,9.399602171751631,8.15940947138696,9.13175627830631,10.805233398039487
8.86943679332632,6.823948122743926,8.14097515991357,8.432078613090011,10.884599796629963,9.68133376078134,10.769560302358062,12.164509229864843,9.081548334390217,8.479364087130572,9.796989098057983,10.5518087931969
8.631046539008008,7.445410783385023,8.106330620305094,9.723290379580606,12.078045741792334,10.171541499556605,8.376492779615747,11.450812173518996,8.792387658725534,9.208072053116634,8.912751378820934,10.17631039452505
8.16256236135094,7.03344241541132,7.7610936193789,9.82878067075046,12.182716441656071,10.18550876667494,9.377415756675918,11.409810146958133,9.20821937314453,8.77196557395421,8.880089331598015,10.448096146157422
8.91748604607165,7.745052604849522,8.0182941967825,9.321391484159307,11.106778312343938,9.863774824499115,10.142254751156127,10.712071470762872,9.225804966775009,8.890153965235733,9.428642698546208,11.263615603351484
8.980442712943,7.005479491632033,7.726683131915039,9.432747988923744,11.892756143978731,10.119495302292682,9.506295321472425,10.605787399449172,9.117816869517641,8.598430480936807,9.086367759110193,10.119765927914049
9.72504588435429,7.69240994503455,7.815484200616124,8.873177654450966,10.78746221918702,9.964879214048803,10.919924507363667,11.930083062490741,9.637671029906338,8.683009711269232,9.686914142247451,12.03933296487549
8.941572360470708,6.82070302199697,8.139931483387095,8.175084219474499,10.505312150590962,10.160238936090023,11.426241946267655,12.590708399941557,9.113251023972348,8.176667245852265,9.632993708516853,12.110573294897415
9.18224128284545,6.987617734229892,9.263021261143546,9.254797773834923,10.921763521891194,10.259921538778622,8.78392764611116,10.136206296561802,8.772957642024199,9.721759829351416,10.533085493846272,9.769478743565994
9.421489770874397,7.509364708741154,8.76802938730108,8.447454948842283,11.152182685551498,11.092881959535818,12.26308694011677,13.874189773574123,9.060934774426704,8.44125465727299,9.774734684299665,11.58575998126801
9.260188751026218,7.4118593162877655,7.834027571271654,9.565654332357703,11.637473162069798,10.830440599031311,10.127737586750852,11.584520188675645,8.95779191335794,8.543835100646424,9.007463474608091,10.414103469181995
10.528256187437254,8.122180677642573,8.202476668664369,8.535985082912523,11.118551000777272,10.096292569938544,12.317051842238083,13.037320539279765,9.992034330320138,8.095046612144765,9.245482921019418,13.640839754868177
10.425963047509688,8.065613378126967,7.915073290258761,8.536283749724111,10.709726692998837,9.93062655045738,12.425623753428782,12.583451247337639,9.599495975519531,8.270865092586947,9.529030376875207,11.74638440540353
9.70041654554082,7.9492486415890165,7.87821789730055,8.538863465666726,10.765269901110441,9.95276051688412,11.510228106279225,12.226320103043173,9.684010421550898,8.156101260854214,9.369256310473693,11.442339066051005
8.322800541479648,5.96591403790845,7.91718981100127,9.467290497622384,11.848307145606192,9.656490215279131,8.680384523553863,10.310372141788605,8.674818870972729,8.60215681053044,9.089377464533433,10.102159673903826
9.05777396184552,7.664864978491996,8.182199667281251,9.51194831100027,11.746137412469945,10.449536598372227,8.99307149058565,11.24810138775326,9.190083746902989,9.240920950416678,9.277002770079555,10.505527145349037
11.469405293029633,9.528225234567484,8.506527812735598,7.969440919074928,11.264050700304649,10.325514512907247,14.249759262355036,13.404324968116859,10.578252900422902,8.271580704089219,9.75920658868112,14.12527876794039
9.841213819364217,7.63133191578497,7.940756548822155,8.21311691587742,10.735108399626528,9.825347717499,11.250698398633352,11.836101429498672,9.199043065658731,8.587243950846151,9.211532268713286,11.216828452775935
8.672531101022232,7.132080769605634,7.758955786718341,8.886907902455986,11.887325806278604,9.904307679919246,11.129924886560165,12.316327409843026,9.397016036662443,8.639846235043787,8.955224400466276,10.78729152798995
9.339492093450303,7.361071056841729,7.82963264835379,8.25521358558166,11.788397265789474,10.138401931518585,11.667169064122994,11.970012023896418,9.108969545942536,8.520901475582047,8.937652835800135,11.042162019524984
8.303424693899897,6.515503930766821,7.875318575057401,8.877882293145348,11.80110507516114,10.100396659243337,10.127784800919098,11.984950178481682,9.363605463567637,8.667827548021233,8.892319572635659,10.430361993584633
8.895425914958036,7.101393727788165,7.884569209611606,7.920473559354605,11.7509772319752,10.139220260974373,11.600056172760704,12.067669227754289,9.189928683964345,8.47135510311679,8.997420750911136,11.114538838380847
10.452089738585329,8.012596283979045,7.647475101616355,8.527454633129109,10.586034811472786,9.53029220878811,10.653531181478948,10.895411972388295,8.618618089671855,8.871026629149439,10.314455570468912,10.696605804705584
8.160214508444977,6.656679613077743,7.775459687522561,8.878762481039814,12.01047562800683,9.816345602479261,10.625857263028095,12.39485940340033,9.4413359465776,8.76188877924269,8.845680946341092,11.186572697384996
10.383358936572403,8.110009079083616,7.667955081596443,8.477305731386108,10.692674522432936,9.963948491816131,12.059060977453768,12.394211242191348,9.664555557166025,8.810020194446416,9.691073801716609,11.97374813119735
8.558925726130724,7.335478704018986,8.242409790070862,10.019551707237857,12.152582835276121,10.043142619697129,8.111346210843427,11.188491813893865,8.965444344990072,9.266503151375879,9.009964666012587,9.936592141293076
8.928557278634669,7.167297778643967,7.751599087699442,8.501440648455361,11.595839328424079,9.89309227555829,11.784209273396435,12.561389048532966,9.416648569594772,8.06449694083176,8.951500654324546,10.895230784174565
8.415374721493421,7.210671552658152,7.882285479488212,8.497853242441368,11.527111878072327,9.838619066935946,11.848339958196993,12.477741362133003,9.761443485209943,7.91604257988924,8.964513175832789,11.982791935429205
11.162066986014693,9.305765977437527,8.045965855727555,8.19518703947308,11.04721496053663,10.378621394925988,12.294281453127489,12.582220418431772,9.903072744198012,7.865729816715651,9.118050584009628,12.260129870768736
9.41629302938413,7.2064636183580175,7.914542437946331,8.00218001583827,10.984682770771398,10.127037359264806,11.744750602737957,12.09736790648152,9.549797493110868,8.098893315546274,9.04489657701811,10.264894341460613
10.680280669551824,8.043188819139267,7.787972433639241,7.814879984317325,9.762312807221404,9.618951522964808,11.748714417236096,11.40324188276103,8.858203634086022,8.561029707618,9.357613985381867,10.751984690928612
9.281331640841115,7.298244526212269,7.840404832352194,8.082057603697068,10.74979549930296,9.83712983179139,11.248382681970934,12.203814569426058,9.35570328454941,8.006611468699043,9.065318792789965,10.579864558011721
10.041208824260144,8.322507406778458,8.374650816689742,9.556393313542959,11.398105321765623,11.385247552370789,11.171262164550422,13.463807473700257,9.36726934097606,8.483671493088522,9.107387120807905,11.219366097984464
8.434979287275214,5.927535806268196,8.01563492304848,9.43321880537273,11.22359111974545,9.840888522380448,8.706783496238636,10.305890739959665,8.624096306975446,8.554703529611976,8.875924401776233,10.143316502790737
11.758755067760271,9.474835286836042,8.158954358685278,8.019632976169408,11.114272804352945,10.359487579066649,12.52085263215541,12.424899276441492,9.853122922315706,8.238219773056557,9.124293722209478,11.290565725596789
11.609253142738131,8.995929870112132,8.299819646616415,7.901434560357523,10.613553341332324,11.41100473099625,12.459088834522818,13.425050893315154,9.352300046812736,7.938832137894901,9.402790682939372,12.722681234899282
9.409129442042536,7.264003192441687,7.835753244122614,7.770692090754037,11.436570095728626,10.237644050484235,11.276554482013543,12.113396449075298,9.113717233090755,8.494245156857659,9.31321787959957,11.054050866224241
10.280560178803688,8.53295704126559,8.185207508642835,9.327003331892872,10.520376639182423,10.159523090587298,12.167018933777477,13.146864925340008,9.848990818097093,9.914044280840644,10.010523771894128,11.696803491301372
9.778424093876565,8.371146346526297,8.140093307524829,9.247201235755758,10.772921806622872,10.088459264466712,11.474146589717503,11.33056006010577,9.870645574683719,9.54826535781676,9.570311744042044,11.34609059794099
11.151994336570851,9.07123938262452,8.19111434816194,7.85046374248326,10.974918097215262,10.063346236152764,13.655029086485447,13.303618803675413,10.254801415684454,7.905255951891486,9.378693524513205,13.984817770028052
14.434689691286382,10.344702456586855,8.806483748701867,7.900662346037293,10.664286891403917,11.33297108573939,13.983463041598716,13.926806358879572,10.561067075454636,8.20277707186003,9.996276042034662,15.716498447959605
8.912526112764123,7.96808494416481,8.716852247099338,9.668686925035056,11.436312854646802,10.430912753676438,10.804151607937383,12.190597488740991,9.5178246267659,8.84006322857441,8.835232150405362,11.49297284114064
8.595992452400248,7.822988906702133,8.265618204425616,9.634273773937831,11.446103251760517,10.135426957275586,9.967757341706637,12.119115254269275,8.886344336071856,8.957886584915297,8.814232766382517,10.254079949457228
12.484640293488008,9.863100974931289,8.848962423267478,8.045881855744511,11.05595285423519,10.829115156005916,14.398945322518996,14.161498417113341,10.440608284687722,8.120250579320874,10.30962696673587,15.598002835786561
11.247874156451456,9.383135852021203,8.328857471996576,8.180225198692867,10.975427482918555,10.11897856716428,14.072152425296569,13.618159490409127,10.786057511102602,8.015939809670401,9.745636557491812,14.831149810239745
8.631366221811001,6.590420567269107,8.05904440078421,8.07717358378029,11.069625918793445,10.432994872270028,11.337423962485719,12.70964257018726,9.197152517101237,8.516430213921874,9.220771619367138,11.822771031553078
10.842493894182695,9.240370724915064,8.192320317813834,8.351779715955995,11.109541441559648,10.113124690424838,13.720822975592718,13.520437306825238,10.456504513933305,8.120575547644572,9.25540817049516,14.954596309244726
9.47019516504166,7.8338430742154985,8.3350771269404,9.383858094187351,11.119126400418203,9.94191809508573,10.240689143902975,10.653155530950357,9.311091822986043,9.799548950242427,9.562641004451969,11.86400580907692
9.318937674992032,7.44057056945655,8.065829717431553,8.782538429346992,11.78469179590983,10.056730230464026,11.023595412605214,12.361728674452413,9.941932692793749,8.300044320358806,9.285438497693582,11.664435076377872
11.092463095695315,8.310423795798291,7.944700234224879,7.781147730868559,10.366118580767106,10.012852566177456,12.134414449283094,11.857276483390226,9.40535791748296,8.20577133625443,9.306013503594373,11.064899942963494
8.221721307072698,6.077499301744506,8.10793518757057,8.944173090465208,11.620526707798938,9.829104121692513,8.453518886678976,10.622955492448574,8.803782492405718,8.962909808029245,8.691506857656144,9.970161876180365
10.927847887368374,9.516436748235746,8.396999743447003,8.697451809570481,10.846802634140651,10.42793324996824,13.572741763395234,13.639900108745818,10.32530185405697,8.134964947656403,9.781266638161918,14.254786140922103
8.474278483474086,6.919029235177806,7.873770104748993,9.511193412255174,12.269247764642826,10.155574279495179,9.739961215651496,10.709671824442747,9.177630508602185,8.670363024594835,9.198505628432631,10.350792441336548
10.54860238422845,9.35231138717351,8.486778264771475,8.955424295114682,11.267479083545515,10.5318785540161,11.23895057029409,12.932779383760932,9.86223337399953,8.529210403966106,9.038540953430504,12.429620289245607
10.603251818187013,8.20366077697355,8.052053317054812,8.842891822426225,11.439044692298044,10.725759738332236,12.953642764966702,13.194730570848089,9.979139790896495,8.053311667312428,9.299807571867461,12.777792875467844
11.044123483609015,9.221401251850084,8.238938375694879,8.30372264456907,10.474443803870532,10.169771640808593,13.068449543689281,13.145934993623701,10.354355335765135,8.017339047584118,9.474041604463023,13.487774916055884
11.371657988046124,9.436981270589005,8.889938447467424,8.63537979743634,11.123150084413458,10.74884018579107,14.017482613346258,14.50340740971263,10.878401558053978,8.58746894163993,9.731898265429049,14.156251186150497
11.529821193408354,9.121656645470718,8.348146587731357,7.993705747586205,10.554486801748427,10.091030282416583,13.136967947886335,13.046118308826673,10.252813406490935,9.114569004504652,9.845816411663003,15.292084979444423
10.124425681768757,7.476728533431699,8.373532438704112,8.663678578772323,10.599239453787932,10.153653522238345,10.051865875810897,10.945618535054338,8.844451731466972,8.342319738533394,9.76484284297909,10.609012289217178
11.036437094178853,8.985307961663194,8.32615439355953,7.62992336166484,10.533336130372758,10.136991080344716,13.642926533938962,13.12470978102267,10.170073700665185,8.191312261771936,9.677838374570642,12.051328354818425
12.120328618459611,9.505794656332993,8.253167404405161,7.278096173750733,10.886915354479799,10.258280273690328,13.94907605389227,13.303376761142786,10.600015953253429,7.673270612809233,9.556969836988396,15.610791516238265
11.56780399550062,9.370575799639546,8.279079584717424,7.843327791735736,10.54399255737489,10.24562193373856,13.535498195754526,13.411793487330165,10.322559496821803,7.808863791082483,9.260255575419155,14.19355400858234
13.677488067380413,9.949113044924138,8.286819430527,6.66708391099287,10.220006736420993,10.097797947881313,14.17424314212776,13.5114813729324,10.492007861503613,7.696458993937989,9.520904435642134,14.452221406270043
13.332978739116365,9.705230964667088,8.106698636912801,7.76485035770514,9.863368054321288,10.685184520602675,13.739924085743784,13.004422938982641,10.226515667480927,8.256807336121005,9.725770179944174,14.377716458979476
13.173915095152193,9.499781384725395,8.215816897015852,6.759859339083746,9.754292090550443,11.006176518434891,13.453900850587265,13.740033229489848,10.049613525297078,7.895192903978829,9.46859819264311,13.816604838458385
13.523239215843809,9.94029807977858,7.998271460252211,7.498754081739752,9.631915012519048,10.286055199095962,12.965003479861789,13.884127860321842,10.093068070149593,8.314610254001675,9.66417399841462,13.629119502318964
11.280085541784278,8.745327604951136,8.12641306647127,8.82827901556981,10.173070293490595,10.476561837799409,10.797503745567735,11.541755977671995,8.89516438661737,8.273047856493386,9.675095073879403,10.504230199524859
11.353408877831855,8.408553085129096,8.17884038655692,8.457635167366247,10.098609661273453,9.745591876565316,10.763909248450531,11.054477810582522,8.76740236440767,8.571603101579601,10.621206845958458,10.587198568529358
11.823236740175252,8.629395791387127,8.09512191764073,9.436440561567249,9.467517829190822,12.028772870865081,11.208054054067702,14.108585846526998,9.223835554111902,8.654355553837041,9.378788942446608,9.990451179736388
10.919909515687761,7.777025692335786,7.832945947674326,7.507183386846528,9.847064617479386,9.677526731231449,11.826172910022514,11.996901478485798,8.827446107779343,8.380269933771045,8.632569164414225,10.817317004373487
9.195397037674669,6.47734473321935,7.977309477369993,8.780731534967988,10.926615893709936,10.05162052337922,8.659429256935532,10.206185648287306,8.724810293126248,8.436760190276948,9.068647693154139,9.674376030246899
10.238156448092559,8.412259557845486,8.298166410022809,8.056034721309985,10.526514938399773,9.737630635157943,12.729496154552391,13.00990244971297,10.156256134946345,8.419774210057732,9.551143018518788,12.636222998140768
9.537681057972325,7.900915126918768,8.453496113181084,8.796513683443267,11.658639976311983,10.174015008663222,12.874940474432622,13.73760567737105,10.414301645817613,8.432756075955865,9.499037646468572,13.246019688847088
11.192010246850993,9.269421612069788,7.857303638283808,9.55790642881057,11.580600208820005,11.23018251275982,12.862024288667993,13.800208092089969,10.084633428484205,8.342700593293998,9.158535574296671,12.656454321287868
10.220118381268179,8.040048944938322,8.141448904958878,8.60611332270617,11.385458191317998,10.426836462694531,12.593941985575071,13.418334922808448,10.016046266226052,7.94468829294359,9.575737982496333,12.398141591666441
9.669208388822742,7.800705757037896,7.997865713957938,8.124147661794165,12.028314691877164,10.442870180030237,12.957675108374934,13.319748265943977,10.135469921898217,8.664948752498255,9.389853044925264,13.45289342443647
11.628889514107023,8.174509139431855,8.107302280864127,7.954161890495039,9.97424359352205,9.435076498707856,12.612742418419145,12.514049138808668,9.831902656319444,8.177762005139805,9.41939977829383,12.918917112890496
9.511802662870341,7.597977076089367,7.909886737869987,8.093849821802575,10.835845470908646,10.236457891979466,11.630295092675954,12.427210757058988,9.688166857397169,7.9363841862299065,9.183515773903718,11.523659731586417
8.85515060072196,6.29322099169883,8.092705073594798,7.857479204789053,10.96239676831298,10.330856437522518,11.11655283801948,12.780005063400314,9.28851510943814,8.175711307303336,9.622605924276412,11.190121688662078
11.294193712125164,8.23476448983638,7.74863694519711,7.476623481268633,9.707039656389565,10.003572678243088,11.747720511943212,11.592120177198648,8.962642397416404,8.461095300088251,8.999160720639251,11.000403003349318
9.319463761235648,7.181538021123027,7.973916017043765,7.619124251477808,10.83690097048401,10.235079377693756,11.68398111656842,12.266158296793249,9.438833151886596,8.3941208633741,9.283900628544256,11.91435640028685
9.333240033709291,7.089358889785131,7.9047561222648435,7.651168035186032,10.291979310027664,9.91874499340539,11.776145536443437,12.503723902536517,9.441395732701404,8.256967647368526,9.433801406785795,12.45236115092105
10.878612752125596,9.917451513315347,8.59298410481737,10.084880396874434,11.897380738138898,11.197578719725755,12.115847827302238,13.41534090406437,10.105874787558559,8.78946518929298,9.569067203728666,11.30237680572376
9.591554789240321,7.820824417236466,8.342855113444386,9.34615523100645,11.235348256795287,10.433102715302322,9.426821054496278,11.65446283208486,8.881043295796822,8.901461606174516,9.753010004544123,10.474399124863693
11.54848299580675,9.115638328339356,8.165535483150347,7.799387786942125,10.686429858491794,10.340865494508895,12.616378529939134,12.901392371063293,10.166376660240111,8.030766111491918,9.585598129703097,13.43096768744737
12.143384569064692,10.062994339087124,8.831836762753188,8.240563563236998,11.42100596718085,10.681875956528906,13.642666882919753,13.546781239879147,10.480941211271032,7.830479574941401,9.5552247096735,13.919306196348753
9.770903137122367,7.786195248126797,7.966531148566511,7.6148822006338746,10.85003165035896,10.177621138392613,11.562808364567665,11.849261096526886,9.257933920812995,8.325797048289909,9.221797955022842,11.274571023561597
10.695710866634219,8.819994363820543,8.299778166669006,7.88220214053235,10.670874001066778,9.738375268924369,13.138673202870997,12.944903157801047,10.560701089345296,8.136766159211733,9.722314895193506,15.167166955503168
10.590311676909709,8.251684249694192,8.135115383027536,8.293691293004809,10.811861559726848,10.051581114536605,12.894898719508822,12.98384914486833,10.324660089602242,7.940230443618798,9.414568260085282,14.080893950643755
9.77661300956155,8.080406517976924,8.488520463447173,7.941694435005631,10.915647158769941,10.068984020711163,13.049483364892204,13.338254841460214,10.487823560906048,7.940301284439015,9.614962117991569,15.0784414553553
13.375857326401993,10.104671339205225,8.56637163073939,7.886453196042982,10.52755324389178,10.739834126775612,14.918573334128256,14.56134362500612,11.106033043084734,8.218135872176907,9.637064788960034,16.804694432396733
9.6412768458332,6.432873237943154,7.566949716423386,8.010359118131396,9.7758571486922,9.417313472026725,10.332173078854664,11.213456747146203,9.684582164750307,8.169759616257602,9.976776809815046,10.5290711432316
12.309166877833375,8.70272864945251,7.740508337491193,7.377736703505451,9.40553139169929,9.586778468769399,12.477541718268219,12.61317884930531,9.695932208795732,8.539954924479737,9.622123765855903,11.929655748502078
8.846551224717194,7.39120106995341,7.973599178081366,8.40437058672005,11.198306663325305,9.469006758436484,11.602368061565235,12.421261733697088,9.63250035375239,8.062583261202864,9.31091983265744,11.781263551291993
9.094953075883554,7.57402326140677,7.982524513837746,8.394391496171629,11.207569567646122,10.289485832069373,12.066400425816488,12.720066332155005,9.894991840738863,8.132392360757377,9.19656598747458,12.204272095639817
10.109907339917761,7.621452541365634,7.894484605864739,7.087249681506924,10.388869606995732,10.04061886251573,12.44134290771917,12.48418763192464,9.824135720032594,8.030239469221137,9.130567217614109,12.354065691650167
11.610250273340275,8.655733183578423,7.903751937865682,8.54899062242595,9.632218185315192,10.577357295343523,11.412583441443953,12.881051114332656,9.324065328687071,8.05031042005305,9.15688247139474,10.828509219891025
11.328863652688396,8.995971788099958,8.215133991402665,8.16814628300825,10.84463008057908,10.147072748250391,13.494405321169687,13.161573973651507,10.744631238630431,7.853493863727852,9.451145007140084,15.242791932415281
9.349814180616528,7.297335207549698,7.910012980566327,8.070818828555261,10.998196061927619,9.521652056214588,10.93893724305475,12.112209503569394,9.155718202567897,8.186172941227534,8.94106893871776,10.540399484686072
11.356247004934698,9.403895919057353,8.599045437410515,8.303581200854868,10.819246783498471,10.750469239658615,13.687897952444168,14.928424745218654,10.466790733976104,8.574650474915762,9.936321844079828,14.784320703798015
11.658980051075368,9.4221518465251,8.747842414007634,8.464174737103699,11.37356208569369,10.724602364597192,13.555638324880952,13.50621764250231,10.134927532157219,10.270997408975512,10.168366003134764,13.537107030476573
11.043374264476599,9.754669447042856,9.00192638671119,8.452965951176733,11.402316771592444,10.621809666891298,14.330421678866742,14.699673342051495,10.626623023925468,8.219519274821726,9.787281689465352,14.866029528684011
9.890432549158206,7.865839024925655,8.232276899314996,8.576226970972648,11.139384875303657,10.206535212276384,12.831809144541177,13.310616220575769,10.252363728588135,8.09353257586943,9.293418658201713,13.85616443800438
12.027444290699956,9.878224483825534,8.514542618381203,9.016201189368871,10.331650368169248,11.140682623145704,13.361347477162674,14.689439821349934,10.144612152437785,8.279345915434455,10.272988998531842,12.495766140316103
11.616234129652646,9.683048898249522,8.477779658017676,8.614223204153813,10.689113693569363,10.612337992835402,13.455895248738383,14.780931611161947,10.591041354507713,8.117376118843163,9.615313884796963,13.880338588573249
12.621370432114338,9.751517124988627,8.692766832569857,8.288397589871463,10.74176292202693,11.21253209704313,14.330600027577363,14.464056626703602,10.602798037858845,8.056862399633339,9.658298264731265,15.948271092676375
9.96035651491104,7.878871670249846,7.880656999698197,7.8761709057868075,10.321102919390595,9.956065098138593,10.481418857429421,10.733945988817302,9.155452824999484,8.511104148442682,9.42939024551238,10.584331979147283
11.768905181247508,9.714062468252854,8.181261580350474,7.4709246250883385,10.030284722203087,10.239026824527828,13.667626379779406,13.38750950796911,9.984956684529829,8.093989046166435,9.572747904824615,13.388676843192384
9.96268203774176,7.825419722778226,8.361499645776869,8.203817052600124,10.826000625947083,9.97263404127665,12.11666286017374,12.835045250746926,10.128524682444413,8.142192199405542,9.49734173182809,13.414210531146844
9.706608431358212,8.318336523123405,8.184400591836319,8.217415037717185,10.662692953502846,10.042043117360373,11.289263941286245,11.330149500031727,9.799777947939974,8.569753794636828,9.083245504245857,11.85328299273873
9.055599704673284,7.3893488096254245,8.122380383638987,8.268020382788048,10.72497852066054,9.783116831812984,10.713700177828187,11.220681808835739,9.691002604880294,8.152156072727989,9.341372333118485,10.902941739391286
9.611129236411152,7.545977871002818,7.909854310740531,7.6395387922751885,10.377081955001962,9.66107225077164,11.934470086832532,12.326809715408357,9.631372713177967,7.949487025800146,9.081776495312784,11.367455066627704
8.93051862574417,7.128254710179517,7.914329864487366,8.379812136356291,10.747218690142743,9.832832785096622,10.374667749297034,11.020223151653271,9.332402281032161,8.264309761011672,9.008850741316259,10.476788668035582
9.884465680863217,7.444829855348453,7.907266480489675,7.890367867542762,9.983763661146183,9.613398923205692,11.790487129310526,12.038577312438353,9.420954632067405,8.262737284389738,9.366926815988549,11.590386248077113
10.637108925731136,8.228463614478494,7.928116110275114,7.379239366542252,9.803959380294849,10.349523550976636,12.747422169215415,11.936679049827578,9.62755805749601,7.500911523520386,9.07915897153579,11.429665014049395
10.409464936434125,7.720480778390697,8.021947788919022,7.835082413393317,10.163397890266543,10.292842078771772,12.153282944696354,12.860136361003901,9.659988016296303,8.439980477206808,9.661269681740304,11.799390626940038
13.564514884822332,8.98716654323759,8.112429304501013,6.881668898807549,10.100998153450776,10.022357745172314,13.825145348416475,13.295015092775026,10.377804048442732,7.491620087086508,9.377799870823406,14.709614353616901
12.952163194039043,8.544626907580781,8.045908793158882,6.647240078716713,10.0445234013333,9.795867436819895,13.90659245998534,13.071559287700952,10.3742800804913,7.3871530538722,9.139752180336036,14.8199751213048
9.751012915732142,7.454804175606361,7.941450230410827,7.4287501501345465,10.326946083554303,9.879270187638802,11.819055344102065,11.47709836363113,9.365871239691172,8.46551708595524,9.243598304307696,11.55083634945265
11.60421055930621,8.771904670749757,8.213221431100656,7.248594708117827,10.03703183594793,9.984216875230214,13.457648918635961,12.923826443153938,10.400404233976651,7.619107405156655,9.319600692765126,14.885408296723817
11.67708079593676,8.260919730099454,8.05660751935803,7.566021337259024,10.245631976729916,9.850427374454858,13.093091037369891,13.14890717815599,10.296918474578561,7.57006066237782,9.149269583673636,14.065380453721978
10.401752372605255,7.872432087070088,8.124000493690264,7.230504849551644,10.1396315874375,9.577125482566567,12.757930884455826,12.85667333701696,10.24030971097641,7.612485044131552,9.28579519821052,12.37829737875304
12.286838646077124,8.28065456764855,7.806948038890273,7.906077758455381,9.49221058941967,9.862480124171645,9.34107314671262,10.352730971184021,8.316794363630416,8.482063617203831,9.587288559833082,10.515874373584339
9.869470551132165,7.532211891322688,7.823669869177258,9.16645963339781,11.170433594909143,9.750454975795758,10.247082294129847,11.381072665850041,9.298036688894223,8.747894040627616,9.339081295970816,11.522391714054987
9.729267051719356,7.34191893991008,8.003687225272472,8.322677152404932,10.118133587782195,9.489571393188564,10.33116306429072,9.745974115479825,9.327320484218403,8.32281832037729,9.149546416693743,9.832674272346466
10.34126827456208,7.626685981057091,7.81666898168232,7.792335514466038,9.540691608580506,9.515074765584188,11.517402922868087,11.95048432329535,9.444296559160467,8.19192414149215,9.125359320732917,11.219797878164364
10.163071930509581,7.488113989816791,7.728614668688977,7.813981751075437,9.351426962923403,9.241027765312523,10.511623898337403,10.897979282081229,8.811801889439751,8.486343383969388,9.295801402933401,10.202163715688847
10.723106053215597,7.281210531168915,7.838867338516663,7.903078300819988,9.880161280412755,9.580756073460934,11.590255351871024,11.761435720788313,9.291776438408608,8.457301062003644,9.29538995749011,11.331615642815619
13.825496040912695,9.637822374626385,8.247245198426285,7.415674244390331,11.194024455383271,10.031479467509595,14.049012238526993,13.21326810051829,10.898179024048742,8.112286960022297,9.337188787781914,15.312543411711385
9.895350047401013,7.833782073010306,8.68435531585494,9.556571460382964,11.410911409305772,10.973912871532866,11.648248810683153,13.529678207025642,9.323421451747814,9.143286580432372,9.462928684791343,10.597294990393246
11.55100601412791,9.391428777101423,8.588584844674022,9.959034656969116,10.361224871108208,11.084964969503885,11.646312934154485,14.462651031291498,9.811393179101458,9.157637224887338,9.887824991602043,10.85937288105071
10.623367058690171,9.34912060937616,8.467276886506074,7.496761109730354,10.838159725350858,10.320657072132292,13.163387629170403,12.91842560270607,10.290655980438348,8.043685050972742,9.36004661046052,12.328701703217872
11.717137683887803,9.51184673192492,8.86667501477017,9.508914450420887,10.80340949987708,11.703833052148328,13.52019340062909,14.463811894149412,10.28913351482839,9.455185163678511,10.217415859540692,13.348782882473175
11.825736399028493,9.252986590637983,9.507715080466667,9.603063276655664,11.498073955247508,11.164768416651956,14.343207233100893,14.036246117026534,10.131547353229443,8.010026266974686,10.509567971967774,14.829814922354092
9.495656707697805,8.26326242806222,8.562804921933177,9.582288914159857,10.87789277363923,10.681095720109262,11.312901948873463,13.455414819716747,9.183273866862763,10.023632925137731,9.886202521615566,10.891153571453815
11.557037349208303,9.786640531551676,8.67771973674424,6.972342451269935,10.8190724072575,10.459957072247825,13.598705136127824,13.844939886397803,10.273810243580632,8.155666828448132,9.432646578747702,13.985071614196425
9.760394904395884,8.457163886894348,8.567170834982358,9.364763683097568,11.495640151647924,10.757155389267638,11.76165230541793,12.596988680117418,9.728341868657987,8.560804929997945,9.433779032985296,11.289963224839612
13.692583677237144,9.592019514533145,7.935340084393233,6.601906935710719,9.815265075383572,9.982640102963567,14.136642159571247,13.106374529135946,10.223757698608644,7.459850028334405,9.193831919022752,15.020843574657544
10.783768739604795,9.268539239557501,8.34896039904125,8.921416989967678,10.721719363034047,10.402478014452594,12.134722340519176,13.333441889829254,10.12297563842786,8.439995886505738,9.45087364332683,11.678801485446769
10.33306538585078,8.51220125898708,8.482586676372199,8.076210643404336,10.795160691077095,10.053056786338166,12.72974571964405,13.110412685731422,10.240146644617889,7.894720737902853,9.502548405473036,13.234791145401873
11.918638874358285,9.50923134462076,8.293968308422942,8.27593046714329,10.338161387166716,10.981409680266767,12.241981262364353,13.040412249199868,9.776513775479835,8.014126889805757,9.802269528597026,13.141785537135712
11.559898374114526,9.179010255538612,8.385007810958365,8.003139631670912,11.459807464769863,10.124944238983373,13.740058420391309,13.215770494816311,10.643220814702868,8.14143450876339,9.542299126952793,15.482797464748895
12.444114026171619,9.750248483866518,8.201135971289204,7.42529752802334,10.072624825427422,10.429216491701805,13.172643006975045,13.282448810825986,10.098270114569903,7.886236082607335,9.537381338460538,14.135601885009597
11.533728609799962,10.22465217961838,9.519819570013908,10.002155133610197,11.486413471513393,12.834849363267292,12.903242386534814,14.129929611662282,10.256097505256898,8.464322372691903,9.886414588439104,12.299506261256722
10.839426455716389,7.769247515131767,8.18368856860106,8.510471993348151,9.816100595259075,9.436827080362486,10.354113907523155,10.152131742576037,9.131834153428233,8.707252553463972,9.510765986499909,11.181379446274033
13.32464530496007,9.297428439764358,8.072168581222398,6.452406998245884,9.754585716159102,9.802467574182396,13.919036140779644,13.054691852345394,10.14286003989377,7.454331450620762,9.276807661119072,14.692233471955232
10.916302349405022,8.433724007390794,7.963084703266177,6.944541545730759,10.395610911380082,9.820169699955388,13.121091419382765,12.94461731857294,10.152761231945,7.67120986716659,9.092546141834568,12.666302347074133
12.084238272556872,10.435560767621428,8.965661648919433,8.002067681938245,11.419205973457517,10.991816837810566,13.767067085368653,13.705987224495848,10.246121733973133,7.927881392894763,9.610414851063489,13.398198426840615
12.403831178195182,8.525712845378385,7.82291365795239,7.069077516334612,9.5869132403916,9.50287496263254,12.73436210645657,12.408159423668751,9.88198951123037,8.506440207493585,9.636559284192346,12.42062752161829
11.803218317814418,9.103031421686241,8.219734165800647,7.256010740892441,10.775261488133909,10.218903078848944,13.953564177230458,13.535871755338162,10.808568949568816,7.797412929132599,9.669778440925995,15.965923293929391
10.020612319383046,7.45681040311561,7.946384096530403,7.907678246135749,10.079928340665562,9.45077913153671,12.045573431049899,12.534485486146949,9.656180740521712,8.278614139987306,9.276393862246069,10.984990161126667
12.777946346660878,10.378138936849746,9.965633047217793,10.526720617112792,12.229950704947695,12.22407908207239,12.832942467602642,12.949913394898848,10.02580721291448,8.116523886732779,10.981109031388318,12.20165640261589
13.969150142932682,9.920599249034872,8.095283573252168,6.622156714486104,9.851329186503696,10.09590241012201,14.19060996958356,13.548142717439406,10.461888856523672,7.437254618453752,9.56884802798483,15.463960032570055
12.56518904153931,9.995622414727201,8.425995121261783,7.056836333707576,10.54590980858697,10.732713434033071,14.102209783740731,13.37155987898625,10.067100928142915,7.5833197014724325,9.608798507279527,13.829719215840393
10.82523857211552,6.86238477750432,8.602247036214354,8.65330579926019,10.341922015173793,10.673078081989985,9.958619877232366,11.222285180024523,8.405443809051299,8.421348121784725,9.772939385042875,10.928657207429175
11.960422739306082,8.891623747431867,8.077161798636341,6.948355032851709,10.056610231965477,10.046710649000364,13.4201312770718,13.31580201053384,10.18951889753408,7.544825474040361,9.204456666977386,14.83610064875342
11.775221302824916,9.49076639818022,8.54525322066771,8.441665346824172,10.298121988821528,11.41119123678354,12.169048782218043,12.733068406618488,9.830028359594866,8.189916694204646,10.102013007439872,12.184193983337678
12.45558692503614,9.648722177305647,8.135653127770485,8.057568450089065,9.788433589013525,10.682664327637015,13.148896444875609,13.567696523933831,10.02503063974446,7.964276702736549,9.415965789166481,11.6001357734708
12.75030612181894,9.403053454757195,7.873710614604276,6.843605998464882,9.489238843977336,10.11783785870253,13.10374816967944,12.725464864532215,9.982882498863765,7.832020035438882,9.309847180034112,12.58866009711923
12.59438792701858,8.279945458950682,8.117548323283808,7.233632731299928,10.109136823136035,9.712004958676255,13.011855032277127,12.97073017405568,10.0759884576598,7.714355402341745,9.273474980186569,13.852566107841959
11.12023884456706,8.504743074964749,9.030561742376964,10.201030338161363,11.163290780267907,11.831315513663172,10.314311649196721,13.174156000979773,9.59628919727363,9.63888856345038,10.891755205682943,11.815214556940807
11.594389852056166,9.850838138030348,9.167305850830273,9.767286678533635,10.996741429872259,11.972147475352754,12.616454679890152,13.87112357339822,10.161279683739515,11.342967470169587,11.062445376820921,12.541329982557402
12.12595698109525,10.280984225518049,10.776353634099276,11.19615792783925,12.73982019111618,12.730719780955384,12.97122523748747,14.045438885138863,10.168960956722799,8.51562481153813,11.349424593883674,12.31251129353005
10.953772385069001,9.661529390714575,8.899578306170593,8.902379520176984,11.267384701952277,10.290625574078113,12.02926443787998,11.644809814216748,9.95039521241787,8.825028944292542,10.151178991746008,13.03346009798582
10.670198003101238,8.64825648679744,8.581846730828081,9.418020719320271,10.925458619851812,10.131764120301211,10.228024409050905,11.244034575561116,9.064336808870655,9.717383876358614,10.684058328126747,10.898235430040806
10.427452284699823,9.45901107495654,9.18096268251595,9.618112435243694,11.652063426983561,10.795551419675606,12.564660676805602,11.456427164505465,10.072188528242279,8.844205702313833,10.441230253014432,11.584960930529592
11.046355633910348,8.853125738575306,8.974479501014425,10.286741077717952,11.192138206255969,12.426611151244824,11.093034606545997,14.211819960807139,9.377146134188653,9.708560201648162,11.146041569338697,12.31053898477045
11.083419736860936,9.988287582833113,9.051495768753648,8.579098721460184,11.52750027247768,10.2272635417267,14.110998705126251,13.916473109421947,10.433769564995865,8.750173500961745,10.382715363954581,14.595824893614965
11.218373556110325,8.820231897461847,8.903140546126291,9.795811434412748,11.50313769103054,11.32286210961725,11.876112484374874,13.278439318701215,9.026368560128427,12.03079658511737,12.227814458573922,13.354756917309636
10.665393768399229,9.90857732584149,9.099971223160646,9.475617011139894,11.302432972006395,10.398784398327503,11.745698899486621,12.221481260407154,10.190946011299145,9.145022076472898,10.807372193012808,11.724841678397734
11.827800079370268,10.053531860230656,11.242098237683516,11.117633646043474,13.634124839544773,14.351672642721303,14.536006296135286,16.044463534028612,10.316953250175752,9.466822005022385,12.885247775589159,13.207156366042987
10.900222763107259,8.024336216234252,8.67043052770199,10.005376432349989,11.324947991582057,10.668828924996173,9.412614644953191,11.929225858615547,9.120769053289171,9.378326906851767,9.682712397611514,10.224233132559618
11.288133518286843,9.223643292764923,8.773169006873037,9.385131304832083,11.089665333727154,10.465709038592564,10.69152714943281,11.804282623826396,9.443211653506152,9.265557017426623,10.711161599377744,12.090000260124546
12.390025956242733,8.446619997452522,10.231394635925245,8.990110438510865,11.168072333486952,9.989716394257496,11.463792930079519,13.702969731350601,10.490640803728546,9.22488131893088,12.975129232960569,12.159088684216469
10.745497807691775,7.901860876077496,8.99998930809242,10.068576432641251,12.108121110851972,11.06393448746198,11.266767294430302,13.568349245374222,9.11832151458307,9.849586081797037,10.76495989712293,12.34578687148428
10.52232835680319,8.31657524902152,8.964984812187984,9.149354524750766,11.26693403449152,10.338694293885736,9.65996578775386,10.273480416100924,8.686218017965462,8.74140862219677,10.686513424197088,9.956497479464792
10.892501776939604,7.600663827329542,8.515927378524033,9.998982730189281,11.724838304214504,10.324440867538659,10.520611390072522,11.909865349730056,8.755713528665565,9.964434181867285,10.937146959740376,12.487719455816986
14.615455365219026,10.81555489049889,9.538647367203485,7.045880447662065,11.44086582283812,10.796370395126972,14.927804188321916,14.070508015240673,10.82430375364913,8.245598341250377,10.247446887240383,16.79097085871507
11.186354622286895,10.167523037690732,9.52858765345457,10.202674614963227,11.38700887598707,12.423516665496782,13.05598588472372,13.976779121401187,9.182132692294973,9.450888775481026,11.294871579009742,12.094659060961007
12.404925178471677,10.572988098239437,9.150463761370425,9.444242383729794,11.72788106380595,11.348320186655744,12.961722350987394,13.292498799970046,9.704193091644017,9.406232421862347,11.842367175070734,13.20743338234371
11.415016334059699,10.404130355776882,9.5589919196562,9.85135574475174,11.359946567280963,12.026200355492987,14.007988949710295,13.595384961507467,9.991146162993239,10.057438029751744,10.996827118018794,12.672683685781276
11.014886360272056,8.427335949388706,8.623365394525187,9.979839368353609,11.656537948654522,10.420772628052113,9.474459490788615,11.981383206239078,9.177528144871232,9.085978087800118,9.565548190077122,11.159842240510867
13.803216307125897,10.605866081465827,9.355951097902679,6.995281666184325,11.260754555101785,10.872092062267322,15.042341297706256,14.164624721719786,10.778066763928127,8.302136444609504,10.158412075591798,16.87533074793995
12.096113292814225,10.331479957097304,9.325746981910248,8.801089240197877,11.747073891649684,11.508405011777926,13.132487895666767,14.944967946653426,10.360031065719008,9.08303873129145,10.12314790734505,14.663797799409455
11.68153574801347,10.353758082993664,9.486270144913611,9.905270733485878,11.641667964369375,12.192735435929098,13.066969719857003,14.209236607583694,10.320558115390414,9.35990925459696,10.809819503599178,13.219507728824984
12.190561868071862,10.517794096024177,9.536199504669241,9.290042381970538,11.588950512140354,12.612428193411263,14.051015017518479,15.19444201149236,10.24009594300145,8.486870359602483,9.819506762170247,13.320726904685824
11.36017618840766,8.609243409423714,8.843956504101921,9.845426889507022,11.440279256955057,11.285289348886433,10.081597253411006,12.453800468026818,8.861756480023383,10.18420625322716,12.137848745636449,12.278946316248945
11.300264960693095,10.49244370424973,9.352939140120332,8.748640139845591,11.595338022269466,11.862474936125327,14.070610578340492,13.75167474496264,10.34176301243162,8.43954830353761,10.276598426130972,14.537160266801163
13.660397626193195,10.62806256232091,10.904991816480376,8.48782590895827,12.275005663309683,12.00753504249218,13.77488437579151,14.604313310401816,11.489222531920243,9.389472374113609,12.986739714723843,14.165961956936016
12.276091987686229,10.721230087882129,9.848448743794217,8.981419606116301,12.155767100245658,11.839755626377144,14.371650149677437,15.680375311947376,10.692503522686927,8.947725671492295,10.679483041395828,15.889409726766116
13.090852538530592,10.860246861038444,9.68775702950595,9.365405091475353,11.53554980506024,11.872502047953944,14.494224859348769,14.667581622952751,10.483926054647625,10.189600660968768,11.222855318857436,13.040724135755749
12.355390132930498,11.42481481356547,11.686887315558593,9.765723487427369,13.265259884513338,14.353968625619103,13.968944668676485,15.52249779378084,10.843257403620969,9.152629419357073,11.045371039051057,14.659180735715772
10.182500949540001,7.818421887741658,8.423234818007897,9.528164491731717,10.913794414752575,10.098339447372672,9.73236414966292,10.774733017250755,8.834105824770855,9.691489212711009,11.062414331695836,10.647002533880476
11.962316758157316,9.071414558670288,11.337748228019754,10.608106012171401,13.41810938219363,13.373496778530445,12.506815072113582,15.032531095314052,9.85471712316553,9.212757343088002,11.421014335492973,12.8663630636863
11.45697146035662,9.167484259036137,10.161157219877566,10.242533158460008,12.51837131802959,12.07982988831711,12.892505145281602,12.565227043323725,9.566645188248334,8.689020191951,11.400129109839021,11.772740746253213
9.854858093161805,7.344503070831352,7.7963313690975475,9.035680214333723,11.15741448445898,10.067928064372747,10.401136733603389,10.631560583962717,9.371430361542703,8.32946412727075,9.390682310870856,10.576497319311148
9.777041414380726,7.466007393360853,7.891671739061643,8.625454902327213,11.172100945614172,9.958360252127168,11.363235111085265,11.922086251064309,9.638997965414804,8.48883873661279,9.733509979501848,11.541088447040682
11.249202833409624,9.006763443132895,9.309060275316943,10.578053352177895,11.200127570210473,12.343870431743959,11.268133884774748,13.74324686907855,9.752186981849778,9.723095047380685,10.78761365427288,12.427825792611372
10.662406888072402,8.683333913694112,8.562678522316048,9.651430584799646,11.02744628796677,10.5012548100933,10.436825258432314,10.890356610324526,8.931238995551661,9.60575693504519,10.590593166505874,11.507785947611639
10.74822064542234,9.75323587835323,9.018537966791484,9.98284667090948,11.848539626441084,11.06926927713083,11.97265669269008,12.73212707077105,10.006791128612278,9.156484050436033,10.337998148403345,12.185151635538746
10.61303555366259,9.922385565492892,9.240669020779182,8.650205159153632,11.768896165322019,10.412825051403043,14.320219898969723,14.261242478409828,10.371272490974247,8.55661994833543,10.205915797038845,14.629023747336296
10.61917595361502,7.881803088830469,9.287205368813165,10.352079799981626,11.776438564070132,12.34947571835671,10.835293675593862,13.76992893999909,9.601923289675316,11.773240757338204,11.51127089522836,13.919834107046366
11.67238726964695,9.371963741192081,10.44600349670267,11.485479894707879,13.040160461653784,14.17641746247918,13.510842540548564,14.04027202061935,9.7125280405435,8.682264637310888,11.221514366426739,11.601587826581403
11.999349416292791,9.816740206410099,10.315574417490884,10.607897946198163,11.797964875180442,12.984008843166805,13.417067987851219,14.73799315085024,10.882765881961324,9.27827672690342,11.36795591306267,13.13379165271302
11.111008257738684,9.263466646409855,8.908130264886653,10.297496406770522,10.844204337378997,12.321777164334181,11.615777268473597,13.685931676291448,9.261475032848764,9.811786546954005,10.994947540754405,12.04905316345124
12.331237340262788,9.317909018800615,9.042544444564136,9.842287267190127,11.268945466254841,12.165548124360274,11.177014050486344,15.1292805221648,9.719361909522343,9.467951234175716,10.288403855178181,15.74604157200704
11.97454283271264,9.390654513686728,9.550042834438866,9.793391032713156,11.141652761455624,12.324466346093526,12.113232066124082,14.250549000043463,9.536280914151481,9.90271983646514,11.004948340770147,11.498379991388214
11.466168503953137,10.355417717749228,8.98753709498634,7.911533881127171,11.233513926798633,10.018111198329171,12.883147993938534,13.287688145569073,10.389785560227374,8.67325842478907,10.41795240428963,13.908138575238102
11.870236440088616,8.374107172431765,8.61724188781317,8.686435429597974,9.794813660670243,10.321799790274302,9.591590150144965,10.430462619569942,8.709655127118703,10.17119538803957,11.634042912311337,11.679892401801837
10.926173907249824,9.425113895435551,8.77415483651159,9.314832992504096,11.256789268890072,10.022356006439741,10.463552959143675,11.29944175822456,9.76165177966919,9.583903591284654,10.93590394698657,11.024077298738826
11.62894854070811,9.252845653611137,10.471180182596724,9.826331424438644,12.384186487104483,12.222524615516399,13.458057927790977,13.77499168280335,9.825157089517598,8.51047607281506,11.191194704526332,13.209218429840087
11.689446507774964,9.949320738360976,9.26643392761932,8.602790812655266,11.790257347772808,10.015947289534527,12.579353565551768,12.23749281893364,10.087407199926984,8.913890399466187,10.296088097860267,13.114188873629598
14.548477577970607,10.924091006371501,10.085238132585234,7.9466591084009846,11.609404203556979,11.043131490199963,14.693240921013906,14.953775216006349,10.732498946358533,8.516461175051944,10.538779360079783,16.55891947535172
11.500669567035986,9.938531346934168,10.271577863054343,10.113974214999356,12.827307709571715,11.88865911108645,13.070890742256207,15.144389063635941,9.743027508073318,9.777733481943905,11.266335489825714,13.305353073909872
12.104879480824014,10.988899412527946,9.42713060586168,10.534603584677638,12.318674686068286,12.223179186365028,14.655756545075343,14.706298999117626,10.250622954802806,12.132485037708241,11.99890230750553,12.698650367976017
11.732776824207063,9.972654532972543,9.361810049631464,9.991886831500539,11.157563488837035,12.208795046654819,12.101835763191513,13.249907832471473,9.864708145221087,9.077426846153415,10.84929706189825,14.571389213026377
11.188921034703634,8.539016793617659,9.106937466497635,10.205067468370709,11.449306817110404,12.065795439141162,11.414824039572352,13.258084803863206,9.656724981152797,11.905381521302635,11.95330982182193,13.847862949918532
10.962749591410503,8.900500665664543,8.890090471227458,9.494634875996326,10.623579379812771,11.627529414466448,11.821693101194088,13.124518615363892,9.393845106599517,11.752316691951727,11.465813064843006,11.985527430625861
11.167502180553395,9.311103398782306,8.816423959595795,8.939854913309244,11.259191534006458,10.243356851967716,11.518861952495046,10.924736872748632,9.67807938176805,9.408094982312107,10.65620981115432,11.009154080611376
11.104112860788899,10.801396217397794,9.872943464940521,11.331863495141567,11.81530111662079,13.020494663152707,13.358189055303777,14.172160665318446,10.311228750842801,8.712026933108985,10.822603041404797,11.488859529702586
13.532075405702289,10.75925373916034,10.892912193166119,9.176890751271094,11.99435050213895,12.58675142009365,13.031205582694009,13.787579976067152,12.187168738042324,9.271682213123432,15.366091680127132,15.798247847425536
10.118055577082345,8.114850118168011,8.617666305094842,9.28095727135899,11.110729328918145,9.871210266950346,9.64418552337835,10.982071775739515,8.773628759281303,9.24365425537992,10.35500356755402,10.589567273169914
9.851530053794034,7.5981523104915185,7.763693901046004,9.043231276507582,11.231150058340218,9.982870637913415,10.43348779881335,11.419978078412827,9.339253229398043,8.280553278111215,9.317600396295319,10.961440175561135
10.708385988776678,9.508112859366065,9.327581541743143,9.51424767162236,11.893158778245828,10.575910962171987,12.516439256069143,11.211398994719225,9.901295599738685,9.1852125284049,10.418674614670183,11.335952716766982
10.447792331707117,9.289107580714802,8.92470744993926,9.196371134723048,11.41875548944839,10.118280495269422,11.12221570500806,11.26943211174904,9.59109886876669,9.187998898461448,10.289618254374949,11.540009199855417
11.713708917623427,10.646695077687335,10.785920947621227,10.388602378744865,13.419115088086464,13.71363382330737,13.656150939205165,15.905782168759087,10.164872250365125,9.100935031675265,11.669238339954525,13.593873304591476
11.925636959665837,9.111743168436785,10.412145020598738,10.17353538039448,12.468219171942392,12.213269683548303,12.773308275752996,13.614894742905108,9.7896865330273,8.520542655448521,11.09168087540482,12.758530640484707
11.778138894810688,10.227996976396469,8.929710643762007,7.917881322655455,11.38089366989675,9.997480895786664,12.776472767586911,12.42925126885936,10.178701932723715,8.71815286626168,10.37495821959147,14.492151918283577
11.549667568088543,10.555585015944741,9.530087629079906,10.250214159816847,11.589255037883923,12.406049996844573,13.129751187857517,14.314382466061412,10.28415678814517,9.224992336842407,10.653901842594212,13.781966888701026
12.122838828630524,9.335522307914976,9.564651161682042,8.288105249101275,11.874976343036899,10.930949154139487,13.73836708558311,14.733132216100275,10.552788054917842,8.466837180016869,10.251361012258538,15.243648941965711
9.46989008236378,7.383445724400914,8.675516091862532,10.075360276426704,11.64395264934934,10.290166880469279,9.589807549219405,10.714574900539164,9.004862486252877,9.579597421244038,10.294255090486802,10.663308044293512
10.85284533351346,9.983781123237936,9.319549651001577,9.866435923784653,11.851831885036246,11.169568933120292,13.300359667050522,12.329807855100416,10.256179409242003,9.01814709390567,10.653709367901222,12.611980518706554
10.78275160660097,8.67487261769913,8.974571304642119,10.664273726418037,10.713350782095292,12.341045889764459,11.008356126775956,13.038026438397074,9.296132703430429,11.416771690325678,11.377349614013934,12.034652188851643
12.035972452117491,11.228876826075464,11.336559101895597,11.877804621977656,13.897749358579956,15.022262581428322,13.88847139676873,14.690712414255716,10.07783098193657,9.447164509679029,11.904622669106786,12.73737442789796
12.335201398814883,10.301919832276687,8.813495907448875,9.073237468565598,10.873978564053614,10.587779607907448,12.808573473159768,12.147840441544744,10.014106631554727,8.48642904506056,10.23548189191774,13.69199335517247
11.3666401877989,8.994710653364173,9.559484896460368,11.147317839455964,13.179418676790128,12.89829624922938,13.911536975058477,12.083540800824405,9.436902480584274,7.961291743453296,10.924788111851504,11.254683875573408
10.25284811456151,7.302258154742,8.353003462703818,9.090677911174334,10.64693923373154,10.171273857822563,9.216320788221038,10.233527127118148,8.742441408408979,8.937583357790459,9.683320044716043,9.925681916293296
12.05583389108777,9.20519723543347,7.921968571928705,8.370021008239284,10.688254281767016,10.494526247564869,11.564456736559237,12.3612625744622,9.352090933866174,8.506687836397942,9.792536761385948,10.977052999314457
10.131956084792693,8.407834175265215,8.583655964510976,9.295190361294466,11.219087540842171,10.119760801611847,10.128047749668788,11.087162727070496,9.167362266657092,9.223051647056815,10.178722832946448,10.601607575018265
11.69394393523601,8.98078520492651,9.337312811586655,10.54108874010852,12.185219278846581,11.725854002297297,12.313186817256815,12.271813822833927,9.591910370149503,8.3230403959548,10.283708661663571,11.04634997521815
10.467390007253298,7.725092389136382,8.469853178265936,9.103853086483495,11.272939455162511,10.118451281392257,10.317073358160636,10.59032186409892,9.258127057279221,8.753085635435102,9.712565721260143,11.003332024704262
9.048253733887252,7.138183674464555,8.275007417042598,10.095598008137882,12.280062222535724,10.386787470207347,8.699527062369885,10.992960862345162,8.906778251792817,8.947855802148625,9.424839044422086,10.053910904539434
10.020434927214167,8.240170976684382,8.100316332052717,9.18356845984459,10.978470666813175,10.181183374307203,9.941861729087442,10.99215520897952,9.143070098223005,9.150848579805231,9.172291703719006,10.864705043112489
9.521013045799261,6.680144725094922,8.37858694423753,10.005404474218487,12.382577655284267,10.29755640265204,9.117839212051264,11.388493032333846,8.374816807329154,8.689764909425625,9.95330203341995,10.396995099305121
9.925535533258191,7.291497072260466,7.783146407632345,9.134545707620774,11.126340070584083,10.181243599352795,8.890480617497733,10.263512548523826,8.445763264674683,8.560887835548261,9.165636903454317,9.833271701725936
8.65899068447215,6.426950359990676,8.220117540453053,9.804559884902837,12.289803916593884,10.388153631120485,8.762454152425573,9.958760006140128,8.776075467100931,8.681616380023776,9.24975757676894,9.96873928731178
8.941484201309956,6.5288317433572685,7.773034477840866,9.393378082048697,11.259290367317789,10.234167830427845,8.68168793038733,10.607041885453942,8.598346036994037,8.451032963033676,9.125125711769718,9.852865673982421
8.572124621253336,6.757773448810415,8.26686706114686,9.911493034397067,12.38333678209972,10.335897570987102,8.786624132677902,10.922491159676282,9.021859728333546,8.765622091133762,9.07665065926241,10.23838412055129
9.083290872895857,7.289279975316604,7.828764821005123,9.310628501189202,11.502206764185079,10.300928990953633,8.881647818166586,10.883275983511737,8.728739165821034,8.723166862775225,9.125627498923894,9.976976446740892
9.382878078513365,7.188182106772289,8.003379933810063,9.338053306134926,11.315262126731854,10.19026045216575,10.057177807634865,10.07978622319428,8.923867154435651,8.782407317040809,9.114570544577166,10.184053140974092
9.298855782275348,7.160801688715406,7.699063022986617,8.70103301571531,11.760663157574237,10.150190715431572,10.816483019536236,12.157089954570564,9.534146158643681,8.593267710558647,9.2946887161882,10.688618522160885
8.130136703113687,6.461908308264659,7.647700179741845,9.621608178632721,12.46418920358343,10.247300454250471,8.560303424759741,10.995164440697458,8.694666294154024,9.036141265019001,8.971719516449939,10.065679630348484
10.752764206290294,8.660949028329805,7.733111711168556,8.776707719205854,12.1182077076127,10.029966431613598,10.82704558103215,11.966302349709132,9.37883847536284,8.31850189181841,9.14726102430726,10.940309125931678
8.392854234301536,6.563093651238264,7.616299779687007,9.359752697495837,12.298644670320508,10.0035875740209,8.125070712835022,11.114359694723008,8.533716440138866,8.725715295761079,8.818097683640856,10.23485983147703
8.23136465395366,6.254548604062466,7.7337886126675475,9.45303649285977,12.21604868054176,9.904860274016402,7.9924183127701465,10.965392598612732,8.446169871144987,9.008762844513114,8.933736631384416,10.113702000194117
8.445719153278445,6.280026367251468,8.024437716558609,9.06834820931491,11.666693352877164,9.977455327286144,8.265690905435957,10.869274285997609,8.659688637399068,8.479334436133918,8.991778921608688,9.82751013430073
8.342050332256322,6.635695905605753,7.851791976414902,9.357687135481058,11.513418562796556,10.120425988173855,8.420487228535247,11.562850539960115,8.966033461075547,8.531799748344508,8.922455804221142,11.012625194846878
11.019603875526332,9.666503251108809,8.938609642319506,9.140434591262098,11.359980613228373,10.624881741061198,11.198472527823297,11.702332645020117,9.94268508866975,9.473612349548683,10.863770452286724,11.160890809803504
10.646523539460048,9.669836216426154,9.041217048935941,8.88051267316373,11.523614166013054,11.042627108375154,12.01967080078744,12.285488458691532,10.047666052073348,8.720895706169598,10.241896083246301,13.051074720909515
11.245805618391454,8.752771542213273,8.761774553405564,9.77232415347832,10.783912587135498,11.741186032697662,10.594475512112673,14.32871858347046,9.38695885646972,11.433628104760011,11.225234741412136,11.989846849491418
11.285588339183251,10.123494567796026,9.28206256281028,9.265744963900431,11.52835099526324,11.424197994062562,12.688283830062712,13.36082348110019,10.254487962506417,9.224455555908879,10.505263021508883,13.741369792988213
8.649745601957186,6.741206383945209,7.888551725562071,8.572958205962907,11.015844828176132,9.572694720974056,10.187737400764888,11.264942605303897,9.345635270882171,9.046877282499917,9.56502575113846,10.35940524279974
8.848207157094963,7.808678263590487,8.93778146442472,9.505602611377416,11.731981066590668,10.253612551044924,10.433327160600383,11.521862626502339,8.912552233194152,8.930424815636638,9.001668022416219,10.461967480541006
10.926388220834125,8.020711361985875,8.601861265990426,9.057106969497147,10.771719014258583,9.83170090760855,9.718936556103733,10.913247710398712,8.68515220684185,9.044099426211503,10.550294799143895,10.766466362863964
10.88410924932088,9.357757102711977,8.87554356012108,9.13730200013969,11.360400822575762,10.512452866535357,11.351525492316508,12.802809213910162,9.948892109147014,9.162722843528899,10.338253423507348,12.893778716605471
11.937277524771622,8.703927948820747,8.191026187953687,9.048096146613851,10.3741257430018,9.759142484367878,9.87719344354187,11.061692814756707,8.842463681735834,9.636645133012772,10.927374045252655,11.287394270878538
12.004446451952198,9.971921887023049,8.749885418908095,7.787812686088831,11.03814274065359,10.122355397872179,13.521157928868748,13.274044550075402,10.355685147080289,8.469382534632079,10.381447183890153,14.750149329964822
11.403706057330108,9.728227951885685,9.232016570694325,8.917020167389962,11.332750674923508,10.205770128308131,12.932983087902272,13.617685074306928,10.37430245537805,8.87557312940864,10.719334195570813,13.468807164129414
11.47505670271888,8.697778810505188,10.381825494274933,9.832876878874288,12.157543614692647,11.761463732880085,12.19124680411254,12.597084143518318,9.51073510160541,8.428672503378863,11.147883157065353,12.280209633702476
10.320721097033957,9.172726210303468,8.915547030477397,9.434564936506874,11.063834540899768,10.42217775740039,10.878252003642952,11.019451542459773,9.72439677264162,9.07241899460436,10.28181371291604,11.248633749432296
12.598263864494482,10.546573005521108,9.107418357415641,8.021922028609849,10.954112012662012,10.599418783257441,14.393968028292562,14.647213033719133,10.441397268991523,8.2062446353263,10.234515740726536,15.134945578158703
11.589974302452184,9.519447560256257,9.071362116310743,8.02985308705541,11.395246022610655,10.222791635011635,14.199925065922814,14.17484787481337,10.40938983004259,8.345300750576726,10.201575344598092,14.478469506008945
11.81370740254962,8.578500623686557,8.896701383447892,10.044721631876435,11.199589327180947,11.453292302304135,10.63151358655017,13.321871826285212,9.45117911389244,9.99669278366563,10.730642995365207,12.618231964350981
10.31563490960414,7.948598876546541,7.6033360921502435,9.041010243516238,11.039244517444494,9.834872843275654,9.434660190062901,11.138396594205648,8.92212552443823,8.6076233229302,9.408165057395408,10.16698832982401
10.018973093537362,7.8434909531448795,7.889064234669565,9.369489480415314,11.427826159110387,9.951039267952137,11.384080217832599,12.45557907551504,9.43909060106272,8.724180254401977,9.475675732455416,11.516188880568023
11.01716156022227,8.416985101184904,8.610059746915598,9.765511010403328,10.832371408297526,10.409132245341775,10.011238995910158,11.030258431120066,8.945291232913219,9.963599996742882,11.092875131547501,12.481126772861861
12.306201954716476,9.682940194516114,9.14927767512328,9.263847238006623,11.288887367303914,10.803758665441329,11.158401372833326,12.830466552965541,10.183415548950297,9.242181644611135,10.802670394205458,12.49867213459805
12.309238240859187,9.650040486995762,8.3269145249779,8.752700346194706,10.891555328997324,10.740173532767091,12.438913303228542,13.133078123135476,10.047932821616751,8.59633750435816,10.171240820161048,14.160302233035278
10.301945487077724,8.358435135958691,8.572524956863168,9.183514982967939,11.068072975575081,10.297623021989608,10.303656504086439,10.518293934067156,9.178342301395055,9.19718889908727,10.257990117243928,10.769604189068554
9.573606087330171,7.392473422958561,7.994684094500468,9.75664638775913,12.448939144041764,10.147428134247109,9.181646573827805,10.928555834773407,8.537861908256785,8.714848811049897,9.068396835991914,10.170577676705062
9.063644593480227,7.036673328416825,7.607903897945538,9.154427281553989,12.135800616758354,10.107368768963132,9.609157077368708,10.406764534304932,8.870569957073606,8.612148384770133,9.07634643332169,10.192698780000894
8.088524716239382,6.32443229258946,7.838619669733932,9.199852040717605,11.988756656726588,9.728662749878435,8.070269598426751,10.687895505586864,8.72701921929273,9.376373203639575,9.011063492361199,9.869376853788724
11.947511428714368,8.337568097365509,8.331219248077854,8.681501943684827,10.039194527202227,9.490394407711857,9.714987576768486,10.540473016188441,8.737864609326671,10.084475196108942,11.356877060000146,11.046738611411877
10.933448950476775,8.48939554515144,8.670328261242647,9.608791157383163,11.611854470492778,10.318748864564695,12.274690716605324,11.683493178609316,8.673354125771844,10.484882468450149,11.439768840945838,12.273297230019482
11.930206893377509,10.39555721201428,9.326703015070574,9.375598877771738,11.581407960750813,11.664565744758567,12.970111532206413,14.796754629734975,10.295753758066535,9.355866674553946,10.942242619354422,14.533730709701592
11.835009659737501,8.823631442718687,8.81328564847557,9.92400319502511,10.631996491447637,11.587494493478511,11.096218724900597,14.118928070836482,9.17644000205233,10.47230753973514,11.553397887681056,11.86024688214909
12.17488578840398,10.465877703228395,9.476040255282147,8.640269396200672,11.194228744814845,11.460731055140595,13.080000965926168,13.593029826917334,10.484145403895631,9.026818386490724,10.902525483428152,13.027779388581715
9.551594642979364,7.981695352999196,7.64958046285828,9.642391601500997,11.798485955169875,10.18193557031083,9.638359732551947,10.616608205980446,8.928655576440692,8.941809030434694,9.148024140819079,10.12577564510615
11.226823208163532,8.899715508985151,8.010024033479782,9.330324487506763,11.556203486042886,10.711664401163445,11.143263029323931,11.696093752634285,9.075821395921375,8.457262844339914,9.673472072060335,11.14470190986016
9.447837600589958,8.079524237453077,7.749404178256572,8.80424110591185,11.480444013653964,10.097306689204872,11.025088492208196,11.998209264792541,9.35924258227794,8.59475662889705,8.997383101360196,10.66700129567087
10.35660262300979,8.57636112897987,7.917147972511387,9.630651555866296,11.971491080233802,10.186610905873899,10.26054525804538,11.67007666988896,9.052583547748629,8.513293054351198,9.356035713383665,11.043432576093112
8.38408249661043,7.183876150583608,7.811054313521556,9.829193069550923,12.003791824430147,10.235371776445499,9.314759028430808,11.414355667508604,8.930701845106409,8.988453284297213,9.016779260027564,10.334711876060375
10.127310881052486,8.33164942213142,8.09041771311929,9.67049724584429,11.855386924202701,10.403958145369337,9.272160603767455,11.4410265559583,8.63632205158492,8.662238373435287,9.31253581614281,10.403169542474808
9.018010054890894,7.493211872156209,7.741860136038571,8.913773267870237,12.106398969980658,10.144405064149728,11.792364167971737,12.420755509385677,9.454480377700126,8.261112815431304,8.895018945346623,11.027171208006287
9.260009114834714,7.079007773675104,7.728330730189512,9.35550643123546,10.919556644438774,9.794632786789837,8.317596553170569,10.422668429416069,8.19475134770039,9.432049349346713,9.335789732018846,10.05090183839425
8.856121047383645,6.7828148771124885,7.759484323630621,9.767069849739533,11.95475989643697,9.969011183942449,8.276089036486013,10.591141807082378,8.29219717233885,9.405508568120224,9.035546976471359,10.036779180428432
10.350995215514331,7.693186727187837,7.937616834954207,9.654648581818734,11.83932441149278,10.175211682409724,8.942523176482904,11.397587716743793,8.514057453835237,8.63769856562009,9.495036357775406,10.22349851146568
10.48652837926775,8.437239626870868,7.6390848618158556,8.483359755183328,11.24003110029808,10.216413676000508,12.029618183754495,12.204948588134064,9.58920608773018,8.210383673874519,9.053856276066423,11.39916261489256
9.431715368292565,8.01266238109685,7.860421792715436,8.966728197280155,11.19437125893123,9.816697756832632,9.898612702397502,10.865312818442806,9.09155291683253,9.182261857096709,9.482952996720968,10.609598034202788
9.252572339551385,7.514943532580448,8.164812719455355,8.960751649113439,11.182598126444283,10.08955908999528,10.524821538559943,10.898399358401647,9.568821253774933,8.5646528707251,9.67460834795923,12.159063810053748
10.22999730439477,9.245028782908276,8.779824791073214,9.461243387824627,11.378106460345666,10.338850664531634,11.742248932812622,11.058603998733913,10.01636428791901,8.786770834872575,10.17331848746197,12.809195764513333
11.300106674214781,8.216955165582592,8.608314433201311,8.895132114949407,9.919377345149062,9.60860914249973,9.443897665126444,9.790310604390415,8.435126776236011,10.249203823127035,11.02616635428945,10.232784654494223
11.613052361730395,9.33907604048725,8.394114412865681,8.752741966360592,11.169669750364651,10.85934109824739,12.597570726057302,13.608426215432223,10.047068818290251,8.262614911715405,9.788885024944017,12.800119342711945
11.006114600595478,8.178280709561108,8.426010888521313,8.855038595251425,10.827429996189698,10.376300510436305,9.562334618741634,10.587768972080394,8.737520372855327,8.387068694693593,9.74228742621899,10.835645200557765
11.445175691719758,7.281244167429051,8.647841708606222,10.173554536146918,12.139865034850326,10.541048113086234,9.763688252526906,11.58477090590882,8.843788555598044,8.216531547431014,10.374570811229807,10.340598209896688
10.473383246058706,8.374712177333238,8.293998199803353,8.552374695070988,11.109921733801029,10.48399860608283,12.7286548903161,13.751512082307984,10.191264882138217,8.296141486918636,9.665212209857716,13.440716449524242
9.796427429922117,7.855967139530227,8.01988104290075,8.684358753441167,11.018225287771289,10.214533080677672,11.124796079798438,12.180916386480877,9.803208302939302,8.444451870762103,9.289208320608806,12.547568395325957
9.64711149314442,7.564079432681783,7.689730360455989,8.600693034252153,10.95133223440072,10.054448109178248,11.005664800203888,12.161780241717643,9.433105885276868,8.349136894817738,9.207021892135328,10.478896358299922
8.362839509654496,7.1100885254965425,7.818416624004455,9.243070540461867,12.224760796279458,10.036988995807327,10.246950554485503,12.050215321492226,9.3724692425406,8.709550733165631,8.914552346861841,10.755429989683268
10.045733954575375,8.515875133986798,8.597322859331566,8.711818888389068,11.969578922769081,10.712899270433228,12.775115501128234,12.845831213782189,10.034309693930597,8.440082382849154,9.768832168376635,13.845486640463841
10.251587297195812,7.952555814797386,7.9289471933374625,9.715131009839853,11.671907160637174,10.264752670911108,9.276025181732447,11.714343372425168,8.73295673992297,8.62804177755025,9.566576183988152,10.262649358544413
8.908912667723795,7.3512460760013845,7.745485140628109,9.921826225456801,11.954515942376114,10.1705164656381,8.682662365046747,11.056426318979732,8.773158831242705,9.159981568636107,9.038365456527028,10.07435441643034
8.588203234858225,7.456261087766364,7.763134398104083,9.669375973843522,12.195425480334656,10.123148148191277,9.981590483865046,11.20563471471853,9.194117319249095,8.922766461579714,9.145307850035573,10.382560305917439
9.81205966971879,8.253086051919901,8.218169506872993,8.920303627389977,11.985449072289173,10.475086982475318,10.909386415214907,12.08636413537891,9.752074098277038,8.505405917418697,9.45162751980084,11.649994884631251
8.298884267466603,6.582690550231551,7.866548324913891,9.961327013839492,12.233857597464267,10.154617279632122,8.41123749632162,11.431623354068325,8.771422448542564,9.15214762845549,9.147405745361608,10.065988145893817
8.939029953086742,7.794920104561271,7.875838845438223,9.295673610354763,12.000976024337392,10.682827741313496,11.227383888051431,12.299795359602648,9.442094872350578,8.55955290934336,8.979180004108471,11.79156188523462
11.124560667528726,8.54083207523822,8.425715868452173,9.403226063491797,10.772781987169465,10.19699823035828,10.42831505325448,10.536851678718413,8.912586671832864,9.620752077630426,10.793986865487335,11.057474080917627
11.724919449033528,7.568227343482049,10.005383288498468,9.329900954626245,11.785789600983948,10.333361966481112,11.305969058620626,9.906446510301572,9.303292873596982,8.581830778788463,10.968894415885462,10.693184819399677
10.790215056069451,9.215943713012656,9.184464919709352,9.999358581710261,10.997412319716469,11.79506222566818,10.783348334659623,13.197904975739425,9.597552660053207,9.147914676790379,10.680205118831966,11.93341897918751
12.056371882074647,8.795186632740617,8.699080837459643,8.855916503850862,10.46133938181593,11.002707030610008,10.860533374532833,12.624551124257206,9.183238763681059,9.826981994835906,11.098042768485682,11.801381580919287
10.121043744309608,8.26677016431992,8.69510242095473,9.963501246284991,11.324532416907225,10.906704954793167,9.787822874241284,11.122771918338515,8.977595289586002,9.341802117852282,10.485039590530663,10.984993013265296
13.55133588225567,10.17357696013766,8.800974979447568,7.847819525909646,10.843082629844504,10.378070572570904,14.467891577844641,13.80627479237617,10.360821351134648,8.449290329869376,10.172114560812293,14.514734032804514
9.807051685711247,7.616611930253397,8.449824788377668,9.999368703067974,10.804900936338667,10.810535919273248,10.439663134977417,11.114345113828403,8.5225460993078,10.702025331324162,10.384187172915023,10.710496167240837
12.234769057497937,10.37278359761109,9.564438648528435,9.178809037124752,11.5405492338787,11.429247685244466,12.554014286074198,15.04725065115107,10.188282524458504,8.923863351341154,10.557346702223036,12.85429470906736
8.327349696837597,7.114194133516342,7.834319076341665,9.808168507056498,11.896782499100432,10.151177490665237,8.313426946879089,11.300429355618109,8.879308497472605,9.174125177839239,9.085706032908476,10.218458843458041
8.369760875874265,7.095858056821329,7.69178436469523,9.807413983264405,12.342027217769626,10.22594435464166,9.081013478476747,11.424437386263305,8.802722881160607,8.971865201369756,8.816822147384341,10.274318967284476
8.66522214576092,6.97274847068151,7.623837638535212,9.266266962129402,12.156974280854184,9.813474861188086,8.90505140176718,11.540826561349096,8.818986775995887,9.15331715271585,9.225528912657769,10.437533269274084
8.558268820762164,6.7982050818914335,7.664020881482358,9.594531355049794,12.063657148073695,10.104328787312356,8.156231317006492,11.591091413221081,8.628856797052343,8.857417258147228,8.950124339096382,10.547596523271224
8.279517387459263,6.90040316709325,7.746849038201439,9.005089183769641,12.157511243932989,9.829285580325584,10.613545427457469,12.292704158852949,9.22820214044147,8.712456735156138,8.808630966942733,10.849989433671459
11.44671790949681,8.864613208997165,7.626428111742697,9.861102429342578,11.140879274488634,10.801180843701436,10.628274535396592,12.849483380979706,9.069401705933693,8.467392221546977,9.36846281503155,10.686568482470095
9.418738038481976,7.797014564794957,7.6084036182194845,9.730747577270147,12.437410604933794,11.045753856374835,11.103952626962263,12.759025512394047,9.363140101682976,8.765464073581438,9.022864353518933,11.438359177780145
9.076667665898349,7.568041925052889,7.562325348067181,9.158384448835642,12.083360850734186,10.751877151131144,10.873592137794821,12.29490446436412,9.404111553954982,8.357661320590285,9.07050915349717,11.510736025700341
8.685919006536881,7.334161686526309,7.7610345381431864,9.661437235652816,11.999942506944551,10.221148717860014,8.436870364658136,11.796085106633486,8.733600184651442,8.922636685051192,9.019833035556731,10.684625244906549
9.329966000720137,7.526865510489222,7.5552870983276925,9.297149202214298,11.681430669891247,10.350668497317244,9.553479661896464,11.071752971969628,8.891692990305724,8.383109113236571,9.030337877938367,10.370981243919122
11.447543222182942,9.160354971403716,8.507146970217196,9.956024882172466,11.454572075298758,11.742232572300596,11.487165959402715,13.809045319029332,9.6187953894747,8.447334516601524,9.281641008772445,11.873168005169218
11.083046749462065,8.708747982621212,7.691214833783309,9.036463471838974,11.590347745630117,10.222519917576841,10.67193574731188,11.878817647816819,9.413593201411134,8.238028278352525,9.176080166494723,11.156361304047596
9.030005335711014,7.3083341739286665,7.595816558724632,9.768989078273984,12.245119423102379,10.341215174868832,9.223515887090132,10.877205628875629,8.795829618123253,8.883236826750606,8.890488287731756,10.097645932475668
8.38344079292428,6.999085601317135,7.650319739060401,9.169740706007756,12.42972905443049,10.104221681627378,10.369843898068906,12.055284085661476,9.01267529929103,8.448945556768495,8.906264322919998,10.70248760929969
9.585920960420815,7.744038740746406,7.59431002345856,8.951292307587751,11.509329627794644,10.29942520020477,10.893156416676067,12.142006689157576,9.220946202859688,8.468689962512352,8.963110469508317,11.040430777312391
8.158017454145035,6.910241360737591,7.679524059753664,9.33656807511498,12.086700833311951,9.95249781003461,10.553854626710974,11.871148582819911,9.156209617172665,9.058228808407408,8.878306983757069,10.817690539025852
10.34320160488107,8.593748014403694,7.695148936696316,9.138638608500571,12.02116323252751,10.146762335464695,10.963941567002832,11.976450224950238,9.460390582347616,8.692465277600972,9.053244181033984,11.396079680525652
8.322231566662122,6.843380771471203,7.6562389292346404,9.387054503131338,12.304679074984696,10.018136700048847,9.512313927393327,11.395558852438572,8.903500232033887,8.871901519698538,8.840211447943403,10.576935620705445
9.879243107071916,8.232131350170386,8.441362813863105,9.408082139419657,12.011872143913973,10.506588807615008,10.459324477176379,12.392869165800917,9.128910276561953,8.501827849667322,9.109482246666254,10.872446484217555
8.995291446179968,7.532309150251166,7.68165058245041,9.289052666560757,11.591605695310367,10.174683943608954,10.733067180921763,12.39689949524869,9.542289347611746,8.434088916311003,9.035184835797514,11.045613844147232
8.956884416162323,7.368636777601903,7.599544397639914,9.763252986522708,12.112673092879833,10.584310616641517,9.54281583494826,11.787994773914667,8.890408462526242,8.791855368269761,8.826769711179994,10.578410786581804
10.629528270809073,8.424647164018532,7.621004823800012,9.30979708502584,11.870635064902604,10.198295582793884,9.275927147280711,11.341678183298644,8.804023500327157,8.618609425458846,9.170949029944437,10.178353959084395
9.326798672858375,7.681338583228162,7.653487619593457,9.887128486308926,12.094612752798207,10.655199103898752,9.969207813605616,12.02277605959602,8.867267619424041,8.831316154504957,8.916776016228514,10.667114756736787
10.984671158332622,9.23042976533283,8.663079232104574,8.573050120860612,10.873783383903678,10.609739174227297,11.899594707256883,13.036706482799211,9.854125447146163,8.436464605408844,9.150501029369698,11.510669415248772
9.891168095792393,8.636364555722416,9.168551852253891,9.790349030393877,12.276265368032162,11.90374825644224,11.243040490031257,12.776698966690901,9.189117777343897,8.296884707304006,9.170876267076618,11.265295362328358
8.54362804218323,7.224244219011973,7.732533008706492,9.889921347333177,12.230960432564755,10.159578955761873,8.645669070839222,11.135452394964757,8.844152035952725,9.121467194171563,8.896289640043582,10.109688003489683
8.981995738631737,7.964512348056375,7.845957658309667,8.93598730615321,11.914534925226494,10.104762400550804,11.973560929345187,12.482846997489922,9.815984725828068,8.579801987678168,9.203463348323368,11.053691630663367
9.796878542832388,7.392001579697723,7.852926097028479,9.237657151182976,11.33578643686319,10.09964875367947,9.172299281819305,10.519964530022493,8.731031709617755,8.827008887602261,9.316959913719078,9.940348889166147
8.248400075754201,6.431587650048824,7.951216615872216,9.94953337137914,12.164755630685416,10.072049186119655,8.113508007424286,11.341122324181132,8.658885600668569,9.300401921375776,8.938262542476627,10.161892957059836
12.85223434564217,9.680385798635697,11.004780091336853,8.973980298380907,11.889586587210916,11.833742065913624,11.10899323096963,13.177150702618,12.090427215480949,9.657679897890011,15.526794068996518,14.400860578017294
11.751681081244291,9.064388459985008,7.709432318131357,8.711941011374273,11.344034277757398,10.3640670853539,11.919058898382142,12.666781812998874,9.989506298933433,8.89395162709673,9.867211864383798,11.117474148866423
8.989778892109292,7.906444184449997,7.920712357311806,10.056364225344755,12.091816681075384,10.522342816112406,8.757359801550722,11.463631088455779,8.95361691669644,9.097244169548354,9.107285070083579,10.598825105200026
8.286795162195988,7.291859420343032,7.973796276016347,9.709877750692193,12.110399989456313,10.270998564278004,10.305435548301897,11.552366046288139,9.305464883682754,8.854547537344128,8.96494763016785,10.645609169877757
8.30578663132762,6.862770396981355,7.782556455183063,9.717597049097053,12.307574480791988,10.237210809927479,8.179056085092407,11.385384151040855,8.665153260520764,9.13313073306997,8.950757234824273,10.169434558684348
8.57921771502398,6.567685275922161,7.794704179297851,9.77731868727709,11.953262169986221,9.971724007501988,8.272987763257659,10.93190385320292,8.462266863942247,9.465267104112764,9.11683615134115,10.132206895292972
9.058635155051924,8.134148118037904,7.7861962193600505,8.924734927406664,12.027963863497158,10.249136632911416,11.788226734667179,12.437638955741283,9.61697887532485,8.26825881443114,9.225180997278931,11.062223379293526
8.996031944502851,7.776072041890816,7.8504714930879675,8.870980170669345,12.168200965788431,10.214199656468171,11.798567093007346,12.604769010972142,9.775026250897941,8.170537753840222,9.125853681241718,11.50472006566636
10.722396514216012,7.874258285804029,7.788189972582333,8.240257142295953,12.06664207034312,10.347122177491885,12.797222296180683,12.773825208743947,9.955144820634143,8.083724692587417,9.174163791589557,11.972081183058918
9.550040018099297,7.158616597959826,7.898440793256818,9.340544748634397,11.087975707778375,9.710368020055183,8.647291712892963,10.285341038989973,8.157571597340816,9.483656653310158,9.429631304144566,10.187507601009857
9.58556855489042,8.351549908150854,7.97743492689921,9.198092793144152,11.421394149939637,10.116186547869352,10.069602566207433,11.315692245020477,9.24862753543331,8.907058269778735,9.415413536902317,10.384573791341758
10.444256928066324,7.795795622495519,7.629603006294536,9.093359160151374,11.397791247868591,10.051238876282328,9.11217500553612,10.775173579648754,8.930978108822284,8.553679790403734,9.51994193737019,10.086839049540721
8.597920785734635,7.4674698543246025,8.090040832581947,9.980842395878641,12.075132928020443,10.4109204503675,8.826181625327273,11.774100544723929,8.647230410372929,9.159243914244605,8.990073009126753,10.353699862077097
8.793985312600135,6.5309287934922535,8.284475779997686,9.127394753186758,11.34646995321271,9.985186631905046,8.905768515811346,10.728692633838644,8.60766396804025,8.795314796540163,9.071087454949152,9.867865898560122
9.638866921826894,8.405947752078202,8.438384590346601,10.315164494821262,12.04918332265894,10.675285863626861,9.090727171608682,12.313316512445928,8.931260876742547,9.284666621608533,9.536720099423793,10.580999852524418
11.204230843629656,9.127840752368467,7.935624023517738,8.918257846486789,11.504279525398575,10.402658813915531,12.120431790686764,12.676715817768875,9.63150148005377,8.078627318999386,9.46753567285698,12.363638821792252
8.083250390632315,6.530045245607051,8.028650217159697,9.928039378216436,11.952469290235276,10.10962475934286,8.327619290295553,11.157023668014636,8.781525724589995,9.194654201503782,9.152202979126312,10.09500077655268
9.055094767741092,7.7745908658140435,7.849697671765677,9.580263643542049,11.905738183038654,10.203619469127453,9.639345831144082,10.974076845911554,9.098209728318317,8.872552580997006,9.132766071103548,10.348538317079244
9.702812904158868,8.505686558838724,7.7642125992433115,10.103421426315615,12.159730396139544,11.039611735318285,10.533190201473289,12.140442169773673,9.121866489988488,8.934082140873521,9.912494930163911,11.009624159666506
8.416003055348051,7.192884126627716,7.810296826556248,9.905647945592264,12.084007421607572,10.256657787602801,9.604216511441098,11.439491207709473,9.041408434012078,8.9976763454149,8.99847005300743,10.465399816528363
10.966778396899297,9.318557373427842,8.790160098209649,10.116392583240126,12.500104882361345,11.79548014091761,11.334708675261428,14.262476331363954,9.846059390250057,8.69973294331031,9.967369851943944,13.243912431762443
11.566797655791055,9.332600373879536,8.24534470360264,9.044534861638159,11.557179860871926,10.457198735619848,10.888655964007828,10.989629859651442,9.31453760820343,8.184009445430101,9.940004047640906,11.399588071974788
8.759090868860635,6.613421543785883,8.285679149786603,9.843684836526943,12.23683694394717,10.128987826125812,8.950109089956129,11.152823192883499,8.948544224603951,8.979723015167927,9.758813220744656,9.754863682953326
11.450290269791335,9.108071323530433,7.958435745424484,9.695863576146884,11.879117197986908,10.383621202835132,10.72233758371958,11.82761798191169,9.163779166469883,8.430617260509985,9.66193453767973,11.02937387204757
9.471257679381432,7.683836320346393,7.868784863790129,9.22466088845541,11.417172613356655,10.11169360165157,8.589584890532267,10.770906591159774,8.47049240904236,9.41569348866534,9.26443085791665,10.125453616110875
10.262127432976184,8.636320574821305,8.05799358971067,8.87895512028086,10.846225898175469,10.064136115434719,11.635150894825113,13.003270056663059,9.91583318848059,8.611485819218498,9.650011113065057,11.790399306504018
10.749535774445516,8.31576011872317,7.7884624373736004,8.015488267744832,11.35627644749517,9.923287792365551,12.417904098129249,12.73651527868217,9.96816626062181,7.948422024103597,9.182422357513293,11.551818985520676
9.239301103587868,8.150913389027885,7.729013882915677,8.93655862425001,11.941220199233921,10.249035483626106,11.448882031002807,12.150232153555619,9.645071834990016,8.395720068717562,9.087064785359566,12.136225665028144
8.903831194569289,7.342459185069368,7.800235383248174,9.39888850362118,11.570396781600957,10.072713687000231,8.527567376717416,11.07088902677643,8.718122088960266,9.127797342088284,8.97498640754445,10.123569775354175
8.613876565498694,7.290022296844373,7.861416571122915,9.753443099199915,11.973858519349452,10.148044465120428,8.612212659016743,11.081389887091685,8.84682830926206,8.980991985991297,8.96732435988675,10.149043403587472
9.30228736179406,7.4594448848327435,8.008595472218808,9.395034120764045,11.495127580903333,9.994529497117721,8.557905482456519,11.03747655279225,8.63535922130997,9.222675678952633,9.104202617674018,10.121244889076348
12.666067953755714,8.943262748290957,7.663135326869178,8.307014395296896,11.211102675610528,10.424851078174594,11.563121714270753,12.015118816840653,9.383678809188106,8.229136054484192,9.250468684319442,11.947732277918346
9.512733522359166,7.971773311679338,7.76852836075601,8.673200779024112,11.412076121962865,10.070158821603924,11.49284141952336,12.298532836024508,9.417753268642405,8.246540733001515,9.078446241332175,11.028098401068512
10.185749347041504,8.339284417656195,7.832039393424323,9.042870573968894,11.48726839822422,10.608144817430718,10.526382013822808,11.687781893537908,9.378896709384673,8.94101204284888,9.739020987046386,10.401953792996625
9.637278748634351,8.068724020292489,7.83296937444148,9.03882646297442,11.842118010575646,10.790183137698596,10.961429742201977,11.957563391238338,9.244601817063286,8.470090704853202,9.361069606323362,11.159475768138991
8.970636818260799,7.345582992941827,7.847110708135278,10.010032654119753,12.124380559293694,10.69009042855684,9.023264799618985,10.932091122041783,8.866480685078619,8.799982724572947,9.292102875838589,10.378381089323966
8.621104582043673,6.751824637038391,7.755256322208643,9.478783614711215,11.494494387724846,10.22255601370111,8.356617813028029,11.011031344431325,8.773224809891202,9.077188766223152,9.064857377416024,10.112722556145012
8.961056434800012,6.654739151447676,7.796346562293357,9.444370937723965,11.400015314194631,10.095052564147236,8.550157483377177,10.792043318487513,8.529192890070707,9.363918731107393,9.446265792227486,9.97121591634101
9.133179857286244,7.34119533957138,7.769070860181009,9.351802039707906,11.387510176519523,10.174406564363919,8.637315428372988,10.94247604558903,8.619317054876946,9.274726559953091,9.113481244710927,10.027886269392074
8.694261577544953,7.539725077135857,7.699784426448195,9.356129272363663,12.197401781953122,10.20315937721251,10.377207414207186,12.058141897527904,9.285095938868327,8.598396944667202,8.998173937854538,10.659271457473976
8.361902913777197,6.878781183519441,7.864655003548645,9.904479925870994,12.077280392208039,10.247791373183754,8.406428113258132,11.347142353747289,8.727923662695448,9.248934568837099,8.999951125296265,10.1844063189562
9.17061880272358,6.454621941923505,7.820426476541169,9.268252306138365,11.274748655721474,10.050053939731974,8.606189363434053,10.555075472778068,8.258493497445668,8.804716744839803,9.297150435438999,9.904985644444434
8.318792827241692,6.75690740109763,7.922506341527131,9.744397843788779,12.19696735973387,10.167132574108036,8.489059051526533,11.789275719780543,8.553994939413288,9.012081482681904,9.1640807322497,10.190931443303699
8.471972231841768,7.395476056374556,7.79401105012279,9.699870741926876,11.91445359155449,10.131008723691295,10.098883809997641,11.454323976996273,9.211002978789505,8.813843008724675,8.998594467632943,10.51716709211669
8.343542849054126,7.086402569414229,7.792987748978274,9.666847205459996,11.84827190793593,10.109629736610565,8.13523474837359,11.275365448439562,8.847487500891136,8.822022624950721,8.939003110127155,10.184888432286066
8.296685096374484,7.104083645253954,7.782248811512346,9.739743168149904,12.334557229497534,10.226642266583031,9.444828358064763,11.191662905756726,9.09302921856466,8.992702567227669,9.148943949142023,10.303380694813582
8.555947317052919,7.0156435113485065,7.759207836902406,9.861658302070014,12.064852051582,10.227854011759234,8.351756169841396,11.203270237687006,8.713301501274701,9.100181255668122,9.012033114735424,10.065174048830794
10.473177679497262,8.992963132693182,7.804556882971216,9.299295707613828,12.090356121982607,10.352611256919529,11.15864505914364,12.269700336313957,9.387771534851526,8.429036030813872,9.130162316248912,11.459186716498644
8.46633291068317,7.018206233988074,7.8063875137346805,9.898758107705126,12.011017711297207,10.12622278747661,8.333698718282754,11.1704765652585,8.645466537203177,9.15767374204078,8.895948474568138,10.08413054903915
8.336063075543285,7.147117253030413,7.81051533642796,9.904220235085077,12.22045812497254,10.309041569020001,9.875157491182687,11.428881245530476,9.02433290746575,8.894374186734405,8.926061096583602,10.54775038373827
9.302088006954232,7.3582822265982974,7.903819720514363,9.761440773156483,12.02425221791257,10.599399073101551,8.742099155471893,10.807371637394336,8.726121692587903,8.716288719255264,9.393662000499871,10.340863543315592
11.837758263010947,10.634704491130456,9.266949198324507,8.862885151845397,11.148541590469627,10.825429875105767,12.745502427061222,12.99703908567979,10.30756254984449,8.640349987991957,10.565054661708874,12.267257224619373
12.271164206544537,10.83583994562128,9.67424880209639,10.241930697924984,11.766101790948365,12.478529655387893,13.32610979915992,14.668527431258374,10.465894180448267,9.57256223827222,11.306511612751622,13.35552888594147
11.48599398028682,10.056087927767859,8.680941820579154,9.069195152538839,10.890061474584058,10.73467738424233,12.164797832830487,13.687510141232606,10.027535532458888,8.898869298366916,9.689649836456095,12.986748564145435
10.255052661788632,9.116040661915346,8.70536388555434,9.057464787839894,10.848499128191277,10.213325367591642,11.715765535338686,11.800902207813987,10.01061039511611,8.744293347435779,9.594572084321843,12.939933719124383
10.959145889411536,9.90604478978208,8.665218705717614,8.336490218968468,11.069431196680078,10.22031602353303,12.775131834249088,12.811813986966394,10.346674211612369,8.497610422819093,10.21645189838233,13.904641247160189
10.474155270661244,8.773925558188967,9.139864951812605,10.30726028621317,10.952169582033388,11.589934286751783,10.181925045048148,11.849069667840155,9.289392398477608,9.243120641342719,10.088319584456071,10.350269960114229
10.600780130840525,7.809029343552426,8.32839813388037,9.123282354466326,10.657271882614308,10.120029496431528,10.258288182050164,10.533566359087873,8.54856805022027,8.626244138471797,9.745557547410204,10.539027150192277
10.828770597706166,7.8384632899699955,8.484646861371033,9.02567336671875,10.335407573806915,10.098446512306296,9.69853879568795,10.46547963450915,8.696142617938381,9.379338114546583,10.562874758719023,11.512481652537632
10.342559566319864,9.104044237716677,8.665124250174566,9.500883707478224,11.221048301275449,10.54014196392106,12.595464413372412,12.060741584951032,9.891009983896069,9.107952445836474,9.781878890129775,11.673657499070108
10.105960561420813,8.17494294160436,8.592210995886564,9.30245922764146,11.735842674735869,10.523706932749876,10.565343807704025,10.794349067371611,9.558695588824833,8.907191438311845,9.577148216145236,11.133562886342446
10.286005455953577,8.696448512424162,8.516886281058648,9.130186973123102,10.679145049795514,9.80432645247243,10.079512444514654,10.901762633158222,9.083402188731618,9.774781527239483,10.385798746393263,10.729002119701516
12.5074814156352,10.615708171880106,9.19518181603715,9.420579518527308,11.178482327558408,11.629860421470473,12.894485282547214,13.415409952022332,10.816786411988067,9.139809104258267,10.743352277468789,14.052015819364176
9.450590993742383,6.895069556931926,7.775753443830723,9.012589758402775,11.734263755247463,10.342768436943528,8.84362294410355,10.64548318775492,8.547451123014268,8.448849136483688,9.174297376181572,9.944972085916582
9.392884968817302,7.524587533763335,8.3317640474608,9.299474620734168,11.575647554078904,10.363365947926132,9.004904994332497,11.466597441798756,8.626124365431147,8.581838739565326,9.708318867846158,10.491184381977904
13.835926477881976,10.805931329350559,8.898182098113093,7.0302628287781666,11.385148379618732,10.872603773775385,13.901006609996573,13.540288219145173,10.239584333691312,8.366691786157219,11.083973195159631,17.0669663412317
12.419921541163452,10.996392210117438,10.884895219481892,9.932482876791088,12.928217607144251,12.339746209630999,14.409459691357506,15.435324431778414,10.650833395799049,9.614607566891987,11.457005875089735,14.433358953381406
11.58916622238849,11.046940764363063,10.897836734799418,10.747791450883344,12.814503907214577,12.50249900268484,13.179271543155956,13.670062605899457,10.705239624403728,10.181405182612105,13.502307880420503,13.022685157932116
12.73838017361516,10.57308416323028,8.927348685442364,8.30362755850762,10.758512702561063,10.983202486246011,12.48023155609856,13.059656892455997,10.501425625612821,8.726994593126948,10.70955205872275,15.161891268533115
11.386310913552144,10.293773276896621,8.819532831746354,9.947894418234608,10.698665121244698,11.382495180260358,12.370470853300708,12.717194300653926,9.563217938282966,9.144512713256974,10.772651076329488,12.189857036198887
11.8832896250165,11.361310474083455,11.649074346186225,10.313127952336501,13.068210411725618,13.27852318142916,13.254635008879337,15.166815212269773,10.846099652770155,9.952674730473598,13.444869688934794,13.005455746027957
10.012872925338026,7.079411978818753,7.942769362426082,9.730571037537985,11.974469175309961,10.224962551294206,8.862860458922068,11.170979125929728,8.414293115639095,8.989310585143565,9.210648077766376,10.016276812771482
10.254943016663317,8.439361924591578,7.779157961803186,8.994133120415352,11.743201711424227,10.364634648224225,11.223311649309995,12.730143376208549,9.646235964310868,8.874074282934135,9.98021514694801,11.49206921243637
9.175498442401986,6.929163941127293,7.89592054814967,9.439313211062979,11.317681575540435,10.16909170817378,8.478490797533693,10.41725812792932,8.290838780525691,9.337882973984557,9.12192979860369,10.067869190039081
8.87064551791198,6.870238141438202,7.713467273508955,9.626332468646542,11.707200368838661,10.198808343246208,8.5560083391979,10.954709936594531,8.797262273495896,9.346090906028499,9.105345484006316,10.119115400208893
12.142996923447356,8.917463208119564,7.695417270669168,8.866182798766102,10.91483104734244,10.409277632167122,10.555207130172361,10.850734484951543,8.98545363873456,8.999365262547729,9.829397450746498,10.713154327600384
11.796445363060096,8.681280485821011,7.5427515533986815,8.962204406657882,11.29639372710933,10.211783116923485,10.341011705770589,11.388343156587247,8.80716757101886,8.336214655984861,9.287771896365859,10.973305443087213
8.481417617898702,7.3699006764805155,7.770338195344466,9.775548698546384,12.059453767442406,10.146664205822388,9.521961022677864,11.281434908242854,9.148435399573021,9.029046021847087,8.974127933880034,10.262084574979419
9.097421281634796,7.968535522180385,7.749267720201303,9.783272772875236,12.287281236352584,10.258660273560192,9.736748973681616,11.592371789444961,8.91239753741586,8.908767828102777,9.277779451055746,10.500786046331594
8.192590809205027,6.754662112313781,7.850491549528071,9.82209629699625,12.203211358681607,10.172037662042127,8.12024261992865,11.40394898645265,8.52560403201261,9.107621179781189,8.941497806863133,10.166724137684188
9.065366600906719,7.670825732856178,7.9933675341487875,9.842702004091594,11.99518603556932,10.33017292435464,8.723920881997772,11.973635831829387,8.727819787255859,8.752803415931657,9.209930597868105,10.66441592575863
9.315543029382185,7.933217169215806,8.002395632634277,9.167233115806226,11.453435184952294,10.067626159210267,9.546811613817708,11.036338090737887,9.055430604996952,8.829373819657611,9.187873645332688,10.297456232871822
11.1269737050545,8.833825079129934,7.552317677152878,9.066188918434658,11.836467245349965,10.621874371914672,11.493000820094665,12.237741395258597,9.424266838368117,8.19260637213885,9.23265410431341,11.559637140117104
10.350881410770025,8.02378779076065,7.8623502188270145,9.83679505917389,12.426885006516406,10.78518253008859,9.137274582255033,11.510989761187533,8.810042251183193,8.93524739290619,9.190297567497748,10.635359722101265
10.965816570739308,8.622600010354574,7.855408435931697,9.797345004637902,12.031565697260545,10.247457722314385,9.85251066455778,11.745974557180196,9.09784552775061,8.374315807423335,9.465007684999,10.59861815573001
8.263617094309444,6.747755051214278,7.822340218409722,9.963438763981001,12.220662020180104,10.2687611353474,8.125540559887833,11.43965823531125,8.546283147370568,9.229990392019289,8.908050871972058,10.219391234946876
9.440791667389332,7.733914390400072,7.717775039331098,9.219154378220178,11.48683723910577,10.17433810386339,9.92722704315162,11.059096304740732,9.058482580623533,8.849923227314385,9.04978549014373,10.402152110128734
8.271407163736967,7.0313838593513855,7.887270373227084,9.835301996958318,12.233382650225627,10.266328633012701,8.360357856014543,11.43998711346747,8.74321119435537,9.14441959728407,8.899206194209174,10.210707259182625
8.234632853919011,7.063148069359427,7.7181599848544735,9.797523016046439,12.34250251527197,10.290803250741446,9.247285367003498,11.370075486078987,8.952170379633117,8.928756196622576,8.935526236852489,10.404204493082752
8.298036527672226,6.570627882140721,7.865378616433725,9.819277388540343,12.197630196947605,10.139907871048324,8.09818474077363,10.932646701500211,8.427402582320969,9.199820843639705,8.97483958674924,10.123864012570413
8.918696915060247,7.025821246154346,7.605364679626396,9.810034537668047,12.32287689644482,10.372949493621077,8.257721005443535,10.569067428400038,8.691671406278413,9.206127526567379,9.017584530256947,10.124037836072402
9.112123916044576,7.897533360706654,8.065845522021778,9.711604110171548,12.024024999685569,10.178063408113701,8.48324709022257,11.951947286723778,8.57863672600912,8.954604713538172,9.20202970609164,10.459070181757173
11.399483855183256,8.980634343306136,8.019963620103532,10.140522206961831,11.820871347285905,11.334371709621191,10.59033717453448,12.251157790411098,9.136806477105692,8.532389835562139,9.5410612938486,10.8821191620225
8.752216555216446,7.3391531460988,7.69062945426049,9.696226098918405,11.819583332705534,10.090201502268052,8.441130765168337,10.929201904115052,8.708735835517437,9.228433173636208,8.98262089557257,10.05814032804501
8.332384556895457,6.649633225527865,7.856279338463898,9.801503526620996,12.307079558555829,10.098334338203026,8.117713287056077,11.388209010168177,8.342028341551432,9.19622099939642,8.824104830216225,10.148507573416905
10.074410812039895,8.02798042409841,7.685979489425962,8.276654341169934,11.176963716126071,10.197549638303624,12.363578412371623,12.78968246570319,9.938569099006205,8.117083049825519,9.095456126225216,11.728351229400348
8.493243568580459,7.149526152653888,8.054864183813516,9.534886846631405,12.09577879273917,10.231330723666526,8.806037105899053,11.979701178366515,9.012553903482372,8.96932432962374,9.28685866669412,10.018327648386572
9.410158236572089,7.963176795345068,7.613306336329859,8.934444250015192,11.238590005024777,10.103982862935778,10.434367284852113,11.38931940474298,9.243731541384243,8.591528838087662,8.987940454285763,10.595486511651153
9.453943694155974,7.5166559874295595,7.606062303851166,9.024126807379677,11.820523020476458,10.054012103772816,10.373516761254226,11.691180421756902,9.267344456864485,8.516164136093678,9.184716769779863,10.48247515533273
10.179993642678236,8.32217699953606,7.687095971206935,8.431917110005918,10.928928723340931,10.108937924593818,11.770597329187972,12.704258974558865,9.792827374952047,8.121893838549708,9.094511439615815,11.406063990679032
9.337952413343967,7.832386840572259,7.5847990270990415,9.318038162031625,11.247885303277362,10.170295040994585,10.098821518133793,10.924580750648852,9.130401808266933,8.928632210079988,9.178827276622618,10.504819305164744
9.308060346473255,7.592270573629218,7.688552655547811,9.089542018182955,12.195150416452826,10.469072633608725,10.547159482462309,12.086500052033312,9.052297496213809,8.31862711695962,9.078618792530259,10.713914531149841
9.389663627399775,7.669264670055312,7.578179304258632,9.185390365383778,11.89850782545036,10.31340636006489,10.807628244937344,11.967133062822015,9.4200112883925,8.223357137076034,9.059524501097169,11.602965405823522
11.708271446762877,8.729213011897032,7.590109660263742,9.940672835024545,10.901397999106512,11.190346791546357,10.543587886574441,12.094764518891825,9.239504223718415,8.829017794983669,9.218732824342435,11.0485397586701
9.421656394315484,7.60430677043484,7.680267907527157,8.503504537886142,11.207685563367503,9.95050225520301,11.243600213433268,12.22271251072364,9.35157084260828,8.242583527435949,9.019355552028658,10.690064516500504
8.198439410134107,6.519648635940962,7.8486944301935,9.414984386565132,12.092285616153566,10.122551591797246,7.797445892480667,11.346940399998482,8.668479578511056,9.22816323918422,8.725722914059439,10.344779316511877
8.34823631283056,6.662390668847102,7.649688917879744,9.41606734486548,12.208687885826755,10.15686805014758,8.964562967073949,11.267239942371015,8.807241475624737,8.641010797114612,8.796015928481232,10.322622355250312
8.714380336786764,7.085735581945929,7.9116278486821905,8.320122660819298,11.713835723742148,9.981597856866829,10.771595070684318,12.341896431083518,9.450533354121335,8.703475759531253,8.946093053098103,10.743854630790425
8.463338940309484,6.514378321733055,7.757081902710864,9.362051006735612,11.810948808996473,10.170250217846831,9.53460880178619,11.887714847759069,8.872799804837657,8.766272990986609,8.916329624337973,10.356278263183391
8.92853525133479,7.709044357389113,8.08727361695515,9.815867261282577,12.161604395920195,10.416588080939789,10.301777172176203,12.493684962147405,9.304301300618823,8.852336573865614,9.678140623691636,10.78538387891481
12.032307677221292,9.7538166877053,10.778195017036326,10.55372740797296,12.463598128523271,12.537956947292985,13.081460094147234,14.818517708203302,10.534464756232518,8.740460203014559,13.13572480178266,12.669169560871058
9.57514017824148,7.92048679489347,8.023663880377692,9.924549296216906,11.810469741566552,10.250452739993444,8.710004919734155,11.800159079963647,8.644962321265279,8.914886849607118,9.33822042912885,10.470039317346309
8.746665024368196,7.482755234471842,7.979528425925162,9.140042803265594,12.004233211540893,10.242962982224396,10.488354002344716,11.846971638890873,9.479274280236666,8.736693818252707,9.200397254529328,10.681994810807542
9.727464142779793,7.458014237200872,8.162783741169273,9.223331440908606,11.088139828169963,10.075228194802616,10.070562190002063,10.333597755681334,9.033127681507153,8.957822706670228,9.409349351188993,11.174648649822586
8.612528748542946,6.643780243048507,8.307268342250907,10.17826358655247,12.459862451951023,10.320373909089856,8.737224454524817,11.404262729078418,8.861495162221923,9.188623671451598,9.006627274949453,9.800197621236915
11.115026437297884,8.512022400254807,7.824771837521302,8.261666711778147,10.503318860789193,9.96598289162773,10.891235404203986,10.895604418347217,9.386564767176202,8.50828709551128,9.428517011985614,10.499856550322177
10.801597973078886,8.13170075114228,8.016005742707849,8.649376434667252,10.495232965327107,9.90444379559636,9.564988481987577,10.19534907479632,8.952141634683576,9.008178525065597,9.401825726640398,10.062157809592088
10.302099611004255,7.748202156731397,8.275381812008481,9.043049297973292,10.695101825034778,10.256230096479257,9.482603478426645,10.36933942722511,8.76595120769794,9.12608347759004,9.463699096170243,10.173657437950657
11.211110784313442,7.052093746497837,8.500627898675097,8.467344940027228,10.015358562116452,9.80388518569389,9.533426051238813,9.17409016095636,8.459280426471594,8.708954872232786,10.162738809162768,9.30235746672797
10.92332662108549,8.62683052146099,9.278802844859241,9.982484151625753,11.73016115476643,11.235994177062226,11.142976260871164,12.537711204346738,9.492974897404416,8.850323360053766,9.833312832893547,10.670849260283976
9.304870422479933,7.785460201469314,7.625873389803325,8.700086359112804,11.302559418086245,10.210746777453663,11.819666962379548,12.59294895446217,9.625679694160214,8.249542453381956,9.035502600936814,11.329345159635112
8.353323222603386,7.220460953566612,7.744038375809376,9.693418414844718,12.192114202891105,10.103559588044195,9.833937979132639,11.481949209565126,9.0781793333339,8.839728209242578,9.017426253606981,10.465780364662319
9.93013592589571,8.131018091368531,7.7431958013466105,8.596997459655073,10.84271568155853,9.961078471806733,10.954403606504057,12.222490221385497,9.629008733505641,8.601812881595169,9.310932596863589,10.702682360383562
10.119230759349982,8.283603227158988,7.67462361176546,8.614990583026236,11.221044603874004,10.12998422207896,11.646786317442794,12.145916645420435,9.456672043511427,8.251387010255769,9.106472367915638,11.15175064678228
9.135436130820722,7.836843713276466,7.734533291898665,8.930803972275493,11.66079265993723,10.307291619830103,10.761861208134833,11.783000607769056,9.624681671277585,8.225621505965236,9.186528581514493,10.599826331497168
9.991452334129747,8.262407203491547,7.8034673924940625,8.564212636502901,11.317607495052155,10.181821173661056,10.76982298392361,11.88718962987913,9.555761926158675,8.459449363480207,9.15077617401365,11.057058583218767
10.525106864433273,8.958218812546987,8.273206281042722,9.422469106850691,11.41137182013225,10.420056634682371,11.221111523326526,12.563993159784095,9.457514046048038,8.111574713868459,9.127418057376287,11.678577945084532
8.368582057221007,6.804840826233901,7.860369468713349,9.413011675330448,11.487932485272603,10.063932076367765,8.54002498854733,10.848570059772193,8.628437927470811,8.853874962042012,9.188772437941168,9.961314206742871
9.59505899891687,8.043424625183233,7.831043900596724,8.733280969857262,11.39576553181772,10.20172584022185,11.016451495431685,12.349206936524824,9.526233462199189,8.468946834121065,9.186557734639633,10.835303116680937
8.881374440050692,7.479999119920668,7.648380922537661,9.474814266149137,11.54986264165971,10.25175171552026,9.657366366750892,11.133683941729888,9.108102517074508,8.522410900022592,9.113115101372971,10.222368449110155
8.904948611625436,7.314592213403351,7.715466882137612,9.353493307691872,11.42744088859731,10.124935804997257,8.865768284447567,10.787981921240325,8.762008296302442,9.17723705886586,9.13442281752867,10.03535768637304
9.295658148882653,7.593521103860905,7.573457940420504,8.83863242914558,11.180190164237258,10.150376494644904,10.24916815211252,11.243456381827018,9.194445218661444,8.546180680613832,9.110996828104167,10.6150352087724
9.71404392724995,8.303771594759707,7.686037820642773,8.572107681086214,10.960100034846281,9.95818476311823,11.396279242924459,12.50831557063497,9.657560277030893,8.35716231729345,9.175066304777802,11.049040995341683
9.23037745469979,7.6704857526756465,7.604604331214505,8.74981049257015,12.306743941051646,10.101790338252178,11.58814095121095,12.29783962141131,9.427528145601478,8.143251427973947,8.835918772345565,11.1727357623084
9.15578340977887,7.53517333522945,7.675777352981604,8.934341414510943,11.23809740779106,9.952831488435274,11.18665756358601,12.164473110285742,9.481378700182583,8.839400514145119,9.208914399431844,10.71274880563702
9.098999843600945,7.735107389295495,7.75022667249859,9.158813737692748,11.22511325260493,10.023359275883463,8.984243647570178,10.976593347626277,8.781492344976856,9.036306800086734,8.98334291128821,10.288507046697982
9.993857276777895,8.018105778518091,7.598841738405102,8.779607912619744,11.160549290436585,10.200012918737466,10.508088686361646,11.148126568672579,9.306925377917997,8.577681423181343,9.181890921730076,10.569023839083673
9.89374105609594,7.967161231606428,7.670280596877596,8.953210548111748,11.367069066585595,10.09971558800751,10.200057258014569,11.121215238209498,9.0781866382198,8.645316926637479,8.96797747488682,10.58454812419263
8.88303985892175,7.87208694309526,8.3032990924255,9.427138385846362,11.130245760258065,10.325520151661813,10.105043383379524,11.587956246922893,8.981067369413733,8.764372710945523,9.010907132816694,10.402539043749563
8.995660405662719,7.870077939336067,8.462141430485536,9.210690539375852,11.234885191217643,10.250544155367272,10.90801663833681,11.04449167752246,9.098676537713246,8.980392795300396,9.04679466085098,10.705888197833282
8.725097136206237,7.884744743436729,8.248717377579231,9.66406362505726,11.63239041217225,10.1998519567974,9.923096765695483,11.740886128387885,8.881009376972129,8.925601151436476,8.949832208991918,10.15046927305751
9.866619467961138,8.242859038269135,9.430098789089806,9.881283153835733,11.916535319753162,10.714151655130182,10.719966517467165,12.361480380152841,8.865725310017623,8.923151198788732,9.59384468874513,10.455951275345305
10.433250604671175,9.149121432327597,8.486550616208206,8.816665027683777,10.68705816447108,10.267434202833075,11.597245590325175,12.639151978953905,9.67366526630391,8.619325915556466,10.22109728062656,11.466913803877427
10.802167816811565,9.386463232598212,8.419186419251329,9.236871984325465,10.83624083388409,10.37013340202867,11.142357717716642,11.33782051018191,9.55127471313486,9.00294709210817,9.811576668049296,11.485724166817937
12.603091562450597,9.66599009569379,8.011197947562183,7.553963673534311,10.42043912386827,9.842335157143339,11.650150726462373,11.19930749012935,9.808728611623883,8.496545198419744,9.507443149328532,12.740096421902033
8.698783810556582,7.665305206868241,8.032485662327671,9.66013075278658,11.719152530411133,10.430704737088554,8.602835392219607,11.87749048689549,8.916346451680765,9.13783237358427,8.937065827978499,10.732223139009378
11.455935179787913,8.874386523483974,8.206103384104809,9.039727183342933,11.066361591002181,10.933726517681615,9.945877649926,11.840522171354793,9.067939954069706,8.30655724140812,9.495935498075761,10.959149756058542
8.864927325149033,7.738762137022928,7.943878505354873,9.980305608220178,12.005654131631044,10.391633199437951,9.566421128860359,11.777224077988441,9.067166115770643,8.863355322489847,8.900985069930512,10.510564240098024
9.2654462669974,7.6546741604588036,7.716591331561711,9.507418250426255,11.915141870893324,10.308856138326568,8.934619264387084,11.661080341616087,8.665659768523197,8.923589208033091,9.101550195637367,10.394471083053146
9.172630863857302,6.895800953675921,7.835854437311764,9.369834372991942,11.268570155799868,10.061280283798405,8.452342026206587,10.935278803576711,8.760244935877333,9.02117196598924,9.02929594774701,10.131698359171274
9.185206349050485,7.8109224438482165,8.600953259792124,9.067257256475788,11.393469494115994,10.176859243451322,10.470562321314622,10.868263029106028,8.903996237017108,8.991566233157815,9.280744452000159,10.42342140885684
11.193292676975934,9.50901636712507,7.972417407750002,10.060234745446646,11.302124756152296,11.382964662542834,11.831397674891566,12.910827490131407,9.671474856245101,8.388671671578017,9.791232406861331,11.311267904560603
12.0476417073953,9.833067526707827,8.999754026234726,10.221208331610674,11.455695157795143,12.042536322062677,12.297013568551176,13.776388919780604,9.914451523843217,8.55029309057534,10.034968440168603,11.491826839647736
9.945646496053957,8.10193913275384,7.703611146760521,8.384575609384724,10.79743978849379,9.966855401331019,11.541095014260522,12.616386311841742,9.72174645506178,8.291313272206668,9.255869823202907,11.177569444772649
8.722065813881235,7.168409707759085,7.69936144637613,9.927856086657671,11.93510230982384,10.143261051856813,8.96533634130302,11.377878840815795,9.05918980362739,8.972833958449987,8.942384277256666,10.214779871945558
8.683818232514941,7.6738116984715115,7.6964203647050935,9.275345111291593,11.94331000733887,10.123792001131424,10.604301125810284,12.001101513724025,9.37165965670263,8.56365925343432,9.043730390057886,10.665247586464513
9.5508491662393,8.083993864049651,7.691285045060883,8.691860604885658,11.369143710208974,10.180381159861964,11.12720807792239,12.222954727118518,9.476624833313997,8.322395906949403,8.993201298714363,10.762709962356526
8.618171223683072,6.590259286858227,7.747094060535276,9.53994561054581,12.159009151973004,10.170399840181817,8.241179795636846,11.019928083715168,8.617740259434266,9.129269641159535,8.941835400235037,10.038232770572616
8.061887634604263,6.590603117467502,7.796985197787835,9.463848843473672,12.301496670461937,9.958075680559272,7.816268235914676,11.294784465696008,8.658023266366419,9.067038353411153,8.878879022149604,10.144417720246636
8.298396703884402,6.647757330068748,7.636881451954503,9.593936767056277,12.44497866934792,10.118491998854468,7.861089099778127,11.298937839069556,8.664403126150221,9.144050712524017,8.773112033488967,10.179401888827947
9.252705747467532,7.241553386276927,7.690822476558808,8.974009112765561,10.899011621065002,9.851885387138845,9.389686058360647,10.228940588339068,8.990183763454116,8.56555335096409,9.122989492535902,10.262904873964015
9.034780065775754,7.418076265844547,7.686615328943446,9.000655755489161,10.989035767590238,9.793587208519737,9.904061047900218,11.445901268332486,9.29676261936382,8.403199746235556,9.048483104939832,10.420189699060465
8.331357106966513,7.023914989123605,7.68542411234179,8.987803973423224,12.128461753092369,9.855163178518632,10.868101559251773,12.215599987910311,9.111145937655532,8.349909088563294,8.8166824763602,10.872128010273425
8.300374468497086,6.7860127303786735,7.717090717593915,9.371636528818817,12.138197723071467,10.21176383558181,9.518243108975758,11.139672754510377,9.017914114637373,8.715999916912443,8.897984037147635,10.354090811377679
9.246135997791866,7.4553885629752115,7.68017040101113,8.636657441976494,11.440226900474377,9.739214062691216,10.082685371883963,11.588167582648799,9.271001522877848,8.353015094616667,9.093648132614359,10.533862347436694
8.710391821404896,7.086783819645356,7.709210214963596,8.980233538027848,11.806657312327342,9.756344883113053,9.479143881916693,11.022149409530297,8.923389405780377,8.635061960783935,8.91254891260096,10.40352460170629
9.898530364865383,8.168503290462008,7.851183256334291,8.811329408179423,10.892138330473065,10.215904697534189,9.994069956151936,10.808265381308948,9.054754378847509,8.810141146352082,9.321336475133739,10.587895068121455
9.287205824021553,7.845724886216624,7.796800014527137,8.991309180078764,12.154849124149145,10.628101065461305,11.993937110937699,12.410092499228934,9.602808201925825,8.375820346844609,9.403604168585433,11.285302303354928
10.180861347956512,8.205953904804838,7.965083728859226,8.286339364677094,11.684211715359165,10.201455083001475,12.458982878802535,12.848117740943952,9.9357303833542,8.040047139785413,9.199184849704228,12.059963748531981
8.535869714204962,7.486710883031927,7.754009414836883,9.207099724154848,12.245460292381376,10.148853962566871,10.462021947618545,12.056992891428907,9.274903691348056,8.532220677189846,9.05508074018125,10.644167317905834
9.44053911474935,7.943683402411983,8.01592791433523,9.82892427193579,12.062242600473626,10.36090942559453,10.376302266514276,12.366935674096727,9.275639980170297,8.648860595681278,9.573129232836033,10.84415809331106
8.288535776142117,6.787985690902011,7.772768460082951,9.854829806494516,12.034731971652162,10.136452175402582,8.061863892741291,11.34664936955622,8.5916816609976,9.151346311678642,9.003588041953934,10.183763170520452
10.394190420161133,8.660986210914546,8.034430870280648,8.901086710152978,11.751296945222728,10.730655781237145,12.083099613378671,13.01096022063648,9.705304178449117,8.240888231294079,9.593951523904956,11.787746965843283
8.764507656831318,7.634013303298998,7.743446923320993,9.08331154534529,11.809172039599952,10.146060911888458,10.433423288237268,11.721826562501708,9.323357859286887,8.574158542276363,9.156132570029671,10.636158012905868
9.269192831615737,7.791322448392529,7.842458523425292,9.297522652742613,11.516749344458358,10.081264094477982,10.106204156629007,11.051445648476156,9.111359434758693,8.73869000855377,9.107582277894103,10.52835601356959
9.913838746585315,8.334357376186572,7.791970189233055,9.024551119539288,11.355882599201664,10.3124741840955,10.674235075006337,11.645949151372932,9.310383472519648,8.636347921377531,9.13917938814062,10.63367311653714
10.082399310432193,8.256019756805909,8.276976148597875,8.885982639117822,11.749504914345588,10.320090024130655,10.616044535546099,10.612539530271254,9.352080711731718,8.247607932622678,9.380371768791964,11.187440413894402
9.409342627555025,8.021106890356416,7.860596745756019,8.674980978522294,11.592107417659998,10.191574696719446,11.553749768167465,12.290252796435864,9.511000364899376,8.22052024795298,9.162779163331935,11.064651012649053
9.672325463796447,8.12785263346409,7.768563754608499,8.520543212744379,11.346611336110136,10.173285434368252,11.990063644163762,12.727303248105377,9.661028571152178,8.287994447316045,9.158983456926531,11.129901526945906
9.180044066891984,7.607133543503769,7.8409198567255105,9.001796031747523,11.929320945943068,10.347083624725174,10.891764865209579,12.306852804883146,9.62045542225984,8.491348479859958,9.225053293333433,10.789518498775331
10.251542083995037,7.979819105400666,7.803018112581441,8.537442051357282,11.813131551037822,10.156848304953282,12.280034422427583,12.537723330708852,9.829510411046241,8.190188458781506,9.158863788110311,11.144793689786386
10.745571273803789,8.952384763563607,8.11551320075634,9.039742586493643,11.401809231704451,10.550328236434469,12.054720249384857,13.151201708599906,9.6309611238479,8.244196340872024,9.691644975272892,11.35788920816007
9.523312732559669,7.98681615779224,7.784365936826954,8.88803980695184,11.925750067975555,10.202826585733758,11.68265151617825,12.479503868198796,9.688592882503388,8.24993142632908,9.20713179335299,10.912079908848103
9.358245636513107,7.9334893545961345,7.634045461610153,8.875102850966286,11.925589253700952,10.178029056493951,11.679911847844169,12.163036205939333,9.348468040460924,8.45034924591634,9.065369334359621,11.199854847152128
9.316783344228334,8.040094977320992,7.756751510078404,8.943459907412349,11.64461951337435,10.214915206768516,10.935061233343117,12.162941461159985,9.662379722943307,8.718758052343055,9.197471507433946,10.79768083935265
9.286349706310281,8.189399697165461,8.323764945685,9.587460512053683,11.770178652585356,10.379031374862437,9.226744294673175,11.683914451672253,8.985129148054238,8.39882316823068,9.49428795356909,11.037722983583262
11.707369698319088,8.145227448474243,8.44312754800907,8.805318659811256,10.778179053156096,9.566762316874133,10.219650634677825,10.396449699791937,8.778623587469259,9.041113846426759,10.13019717397159,11.802768201187533
9.265938058743473,7.567550533911402,7.620419690813142,8.764341506278628,11.179279484940547,10.114043533032582,10.38968140845528,11.855812300794309,9.18758936268392,8.323205880582695,8.94860739966173,10.654854219983498
9.328359943303083,7.560246618194442,8.063145510764029,9.459445611653399,12.040980074672984,10.341578979871477,8.898216386305712,11.705137350391142,8.896787547258322,8.747805634209076,9.5138076666745,10.199499002282248
9.041448839704582,7.245709930672191,8.253388304538971,9.36247753392873,11.721891913274304,10.148631275374992,8.950916869427715,11.154975086050156,8.652479605318298,8.536528775204753,9.586693537195988,10.171310424062069
8.997934318736988,6.618747689905031,8.486921638167416,9.587499037607019,11.92206779325311,10.456393282287227,8.940170823212068,11.419082725855555,8.823404710772257,8.428768268070641,9.65452664775909,9.895993215723008
8.30639193785969,6.595951181507813,7.7216161172684465,9.378401788490605,11.752230220739731,10.383502004987601,8.489482998486036,11.031234150305897,8.672714081276267,8.659022816112014,9.289402688943834,9.935290114328781
12.715666316867187,10.0833912490518,8.450928693454358,7.642240849636905,10.244308624208278,9.915318641252615,12.324130291571487,13.143603219340202,9.837936533153565,8.609296983273348,9.86239433031488,11.902646085953409
11.591173094820528,9.234376215886495,8.198276663104586,7.938725426373674,10.844417003851053,10.182042643657281,13.4747730575173,13.553109354275767,10.163228632999271,8.092429728366891,9.470035568809813,14.346701818059888
9.973177791745119,8.503764094640838,8.115519143757775,9.016611733224543,10.98545758583868,10.115230227439637,11.23796203132235,12.351815822851037,9.712494935368426,8.595772810592683,9.311791367280113,11.852794992213495
9.61959267291751,7.566603340600995,7.771576802661558,8.812834721866802,10.678866207339762,9.801843758561045,10.113453761999464,11.562402792165862,9.130951017924763,8.706328495077146,9.308060552638292,10.71553833779648
10.756489045035277,9.178578940285723,8.331620872948987,7.680255914113184,10.684367076559903,10.16142577930619,12.045504705809813,12.235589228950447,9.875963503843696,8.296276243571633,9.3535771504134,14.112341633994742
9.988098129595764,8.538145985078529,8.3159661382061,9.473344284567615,11.024182629449914,10.383576543913522,10.968513759841928,11.708972800055982,9.6980046477966,8.960640955895084,9.347323194031194,12.205231403938624
10.239807940136933,8.41096506464058,7.967718492176723,8.484575779479886,11.111308409187371,10.231829784276014,11.152469901270655,11.531246424187797,9.46047473498896,8.482343374431986,9.028971984787042,12.246749921879585
8.449951784229416,7.163714845882462,7.937927516596584,9.925871223203732,12.098722148085049,10.359847504884806,8.142870865526504,11.344483800053222,8.634293370770187,9.191802663914116,8.966449155233299,10.255521663717007
8.090650869971084,6.60285655384046,7.895441784241416,9.57090007338619,12.17955267018932,10.103929763961402,8.272472723148669,10.907051551824708,8.764668579733732,8.982957487607196,9.140253189488643,10.095173275844814
9.48438659166159,7.689547119762092,7.6301395739592515,8.792028106471715,11.171648549653277,10.126458254559948,10.95075460623415,11.971755974501844,9.473320484850067,8.455212279544261,9.100364409380463,10.71060846313818
9.308449850696762,7.537024205322626,7.565052558507056,8.688523141914997,12.238829613731676,10.245294899358422,11.516107782167063,12.559413406768048,9.577942753313758,8.139787917685657,9.079790437404139,11.3001572303763
10.006157051908103,8.368739137800581,7.973358257957351,8.66119898324917,11.98154711891856,10.624274499515744,12.308025467534998,12.736439230974078,9.733261957195156,8.343871724660689,9.593134562654631,12.085892264116378
8.159525810079948,6.435339588178291,7.830783920473673,9.783399205845512,12.398549998038492,10.23484607065623,8.27720137856476,11.305350025707794,8.654019036658932,8.977772278196943,9.185125298862493,9.888609487702595
9.43668236640893,8.015789206512101,7.969278416488668,8.507556137348146,11.717840546228917,10.078491484481823,10.546939253607233,11.31563432509139,9.612457901072478,8.488536646512106,9.252609893617784,10.71844178954694
8.455419271252413,6.852598295611694,8.402494549286647,10.112364674838789,12.272068798943637,10.279394984866997,8.585474898095981,11.495530454847433,8.909420824450114,9.260338306457797,9.380176309443973,9.926276762819231
10.356603505457805,8.40907200044632,7.922495729650454,7.204541705644962,11.675048017143148,10.190080464589846,11.6542244286826,12.315619685236992,9.59867020694931,8.023553036588101,9.062118678234576,11.396357011412473
9.775368109518514,8.395415523947621,7.93035032507997,8.69330092745399,11.552494035416995,10.258262870240094,11.798649853637476,12.491566846526222,9.523986425356092,8.566690556243262,9.220430549455015,11.275150194783365
12.234040375397138,8.608671592848141,7.736167148180989,8.000933777640824,11.065236690938683,10.213140398682183,12.687052288151088,12.74338787855091,9.735652604709333,8.034553233260175,9.103714574639866,11.369072759069017
8.458143578032372,7.205117676205313,7.816312117934979,9.107329716453492,12.195575297282675,10.200798876827266,11.189090857775222,12.479441984721692,9.764938690949734,8.430797383061298,9.097788162083036,10.937312245609267
9.596134548338288,7.100027413105798,7.888241347501236,8.139365847561276,10.54465841581907,9.162321713711442,10.233690279969593,10.025364797185194,9.263828397570862,8.302004461978115,9.83884687847563,9.802533013969862
8.95423679686791,6.6548878463319046,7.977184700504349,8.049070508484863,10.610159439564514,9.930740961138596,11.595263702168445,12.148835512259081,9.455942277906605,8.82914403071892,9.721742443474751,10.825932537984897
10.79013686515224,8.934220816890104,8.584919008153015,7.905362637912846,10.477290015850395,10.188014339491545,13.752311109425834,13.825063488544272,10.358014585282646,8.130301000404257,9.825600720598048,14.209726259498208
9.777894618367519,9.289213694706637,8.342306238768982,9.33413449445162,10.901680762885087,10.731452248855708,11.426645559440118,12.09130332534282,9.823824142144632,8.474947451122116,9.87667510220589,11.462517608180276
9.018277563778224,7.469746630288646,7.981545765096377,9.856919001878218,12.009909563027975,10.519429661048306,9.360441234240817,11.978981437472207,8.942091333073426,9.162587636007595,9.052108404786566,10.420599751924103
9.37619337196442,7.66020797158185,7.707381497973583,9.332771817604277,11.413572454255759,9.993376789555022,8.55988281844074,10.838884588472157,8.484919281612585,9.285208081170424,9.153515462621693,9.993216743130004
9.685802473656281,8.423939293127944,8.01282098310692,8.999345272491784,11.607424243529625,10.358127127379419,10.739173439027125,12.087727780746558,9.635090463473462,8.189985579191665,9.298327521371402,10.845495681035587
10.50058420736769,8.603157741951865,7.9752574711241415,9.508250248866217,11.944486460536831,10.341918975039142,10.860322418666431,11.768068103509277,9.213296898676864,8.217684155261276,9.67965718595664,10.629592703603464
8.486509653174448,6.640611477097837,8.331473044606236,10.368160336692318,12.333845934443103,10.215769101159173,8.513786509804325,11.63253564176097,8.94654406999677,9.38512409262313,9.174104027230467,10.019580444401079
9.74750970066609,7.204730709304529,8.354571634002479,9.358397840969014,10.983337229974763,10.02431308657104,9.206081515963586,10.764896309661,8.477235251126176,9.282579903306267,10.047518943962436,10.410329963679269
11.023872997416655,7.7218866095257575,8.165697693120345,8.242645877519061,10.601375366141253,9.894988951992174,12.329608043874192,12.359195355205118,9.720003576540742,9.068406702015439,10.133896287676588,12.325295258808943
9.384165315284204,7.447152200888615,7.853587217567104,9.660057357255335,12.138365060887011,10.773241280943644,10.182611250560758,10.625478307259295,9.130967844831908,8.277172641999632,9.295549844963265,10.595162169140794
9.042400021951364,7.268510607560274,7.731347604738103,9.003162652882155,12.017527729235894,10.023177067116118,10.47050821196859,12.133256263707551,9.438491119894943,8.366019860800328,9.06152071066193,10.46530524730159
8.454436630850624,6.545306421407929,7.873304812266964,9.561057209105396,11.827591345323953,9.955522426150285,8.625123462821874,10.470657045193146,8.587289687867415,8.761334126720753,9.334103329215393,9.919733280972348
9.40023054990917,8.188771815673801,7.621518732236356,8.082455673192651,12.220537954513206,10.260940210040117,12.201546405912707,12.0901133554565,9.460694260467681,8.018982473893894,9.02599667756639,11.854392986264703
9.543015540496153,7.430428325998112,7.732095952585504,8.61127013798268,10.72731134424548,9.885356068104059,10.977488763728593,12.180623001557723,9.210844178247653,8.535102351853327,8.966077494735838,10.802177843539438
8.400364131890585,6.9582294254452925,7.690117305717193,9.14200715702834,12.004995610264906,9.734410026905561,10.06366806331196,12.02583508563575,9.220271771555815,8.454251940099613,8.917714434658258,10.728698992239098
9.303951202070973,8.062289648573334,7.810396039852339,8.928601086228019,11.39129859898798,10.065613577171394,10.778511531190697,12.035599304285334,9.51981420810997,8.622567071729424,9.096093942168475,10.819636352449765
9.53228427395289,7.945767371302337,7.666158913340618,8.46463304053098,11.18881971935722,9.961535561142503,12.09036687930951,12.662990506639268,9.970565532762636,8.057993983702314,9.082468928698322,11.74034040896407
9.652162288636388,7.9731359797835255,7.7558980827715915,8.418157213048602,11.158052219008258,10.159483239356558,11.918587267170798,12.626272130086544,9.675741453386262,8.214903904468203,9.055047599717325,11.246850562532465
9.720292733178447,7.7587718264007846,7.635779652733815,8.962699092443392,11.625907484047927,10.550320882870745,10.375142400985206,10.892949755894662,9.322691937725626,8.29366955745816,9.096141472904034,10.9233037292444
10.760407420420284,8.94994090531163,8.260324910632276,8.229411384121308,10.353706574248902,10.080275887229405,12.932848469412159,13.49942316082106,10.024686007531331,8.23538149148313,9.706642173074249,12.502785364912448
11.596473931356961,9.022203735420957,7.692182239369575,8.861158649710996,11.017088383749488,10.779190374171339,12.025100327380207,12.71891248035946,9.58354261421848,8.246064196826929,9.343633163226988,11.700276320821077
8.519474111999584,6.854924686639356,7.804983367984428,9.541781718093118,11.99388521906409,10.037871524344146,8.547157634089789,10.90358873756211,8.765231102668874,8.857325494703051,9.210640571001376,9.981560697837464
10.078965192431307,8.410326105968386,7.81316897462834,8.337073416018052,11.731015030920291,10.512504244789358,12.210415298932467,12.346507176650382,9.587145462005518,8.194306697780455,9.251380441599125,11.781776998864766
9.80861427958855,7.8549887905378,8.620100344342982,10.079168263657529,11.851189585222775,10.4407310334127,9.07837965719143,11.308204541923404,8.776618856021734,8.403941077817656,9.696062188016732,10.363309764254595
10.102489176812131,8.150427987293954,8.121882032396634,8.976481900516468,11.52387498547903,10.152287395404263,9.580504576344865,11.13719394557095,9.257830987450989,8.766723709302722,9.163521289290427,11.283016596208666
8.685688097445208,6.413189048291147,8.050913720565909,9.574669224844916,11.984121631625658,10.278297670930492,8.592878154998328,11.266209990718464,8.812076909898071,8.92779079807061,9.308546646294568,9.903253065091658
9.786759915236866,7.2322129620567965,7.7938622607699,8.210265060211277,11.141926561319416,9.764515990920255,10.684722837694345,12.140070292303367,9.41295998047466,8.126393462937266,9.09959770298813,10.312656049409757
10.47667449458484,7.844893193362627,7.8202103726300285,7.8161600140980045,10.299097590045237,10.133485119959674,12.096728908341674,12.746716214232148,9.751353917302806,8.030795134096165,9.085291736702056,11.064745750414374
9.213839884809426,7.469116104751433,7.680035809736805,8.774207594024164,11.07874759197242,9.883006785774283,10.694944448507401,11.98524055453863,9.090063093804224,8.67541566508133,8.91069901951271,10.60006562988125
10.463242299833604,8.362246250089473,7.85208458528137,8.90639799252838,11.194289295020624,10.021265929070648,11.202089003404469,11.99277162823131,9.243018293911735,8.261893675413587,9.217327870367301,11.129170186034058
9.711421942268878,7.57062324938473,7.808062329240133,8.829986835503524,10.549931427374315,9.701112769854632,9.110289016974034,10.462898389038187,8.959885933206776,8.804424183388747,9.356272484885395,10.000782388781685
9.99897033064961,7.707496428254562,7.7718558626014325,8.707054526106633,10.747427130277263,10.058859474245853,10.652071617496185,11.964757317276256,9.329116833452963,8.425445013334967,9.04726915627451,11.214810396219606
9.201800689360393,7.261886181130124,7.776329917685255,8.1497940851176,10.776799678035246,9.655067106702631,11.35409215393634,12.274727702576602,9.368610042492456,8.268681859891707,8.985292360227138,10.704655759944883
8.247086187890275,6.991928965449329,8.337193066956493,9.028936102207899,10.855330536883303,9.902537236549957,9.28082593489035,10.342010871504545,8.769480303712688,8.569878321006836,8.840640536937439,9.71898807209809
10.859757609916194,9.35453093222787,8.685307287333107,9.15473092682459,10.87056789490394,10.797295519339102,12.028181283637174,12.387783217240896,10.014616060737124,8.838436584877046,9.80015442513013,13.14827281354304
8.69876474846828,7.454317040530179,7.743247826873939,9.182908995467733,12.276620319354306,10.358040684244283,10.655798942522404,12.247177373704767,9.13681030804791,8.522168157355555,9.003854746578194,10.942605242015873
9.157329654161419,7.37766572445834,7.766518502748105,9.810193971189232,12.123584074218218,10.167064477817446,8.416961102176344,11.776991388675478,8.557911714774267,8.969251834341835,8.938897898559539,10.487177597220603
8.756892111538013,6.5336133590279655,8.187328152712437,8.708284652648265,11.328615681774657,9.983363588864787,10.946495187869715,12.375515826639157,9.243153942417841,8.961830616156355,9.414194526788462,11.497834465774979
8.590579573395075,6.4298386930164515,7.940430897116271,8.921320364634868,11.549316979332838,10.144488814292922,9.546373131235306,12.456977735610556,9.27347944961269,8.604997489125802,9.010443360455676,10.856048479532165
8.248183568371102,6.935839982102069,7.938763818015918,9.789309016678676,11.837840628115302,10.079342804542671,8.106231711784439,11.42074686304165,8.587188878942415,9.128189695628768,8.948761455853598,10.12058635127446
8.974708363592319,7.488467644099213,8.085369810467197,9.8016344003453,11.578034708065756,9.906547365920888,8.631192688812797,11.157942155713352,8.816690876119816,9.39661963738321,9.418048420764316,10.16091765479801
9.126214786540205,7.921342565458666,7.75970029703063,8.847249027995959,11.841667081348207,10.219346519013325,11.502504297978822,12.372079399836005,9.300873004472713,8.098605810418787,9.045788637540243,11.169471015067648
9.975803314028484,8.556065830816111,7.989028988502745,9.540049093413034,11.810486050243439,10.343046103790849,11.279485546803846,12.7044552090519,9.721488631745967,8.507209401320962,9.601547606176759,11.455398194456137
8.567897600702628,7.149262813731761,8.078635501865088,10.003841104580468,12.020649300401754,10.333262253407405,8.417918211669596,12.077058120831364,8.618123586276546,9.039813522588478,9.28192420710589,10.361776877015876
9.0115606076918,7.8075941190610045,7.661751195665041,9.039590262030345,12.082954944561012,10.305210666535109,10.949689209782886,12.13664954095434,9.259290751787704,8.387932135562485,8.927818581950289,10.679105745835336
8.481628250458092,7.134412151196188,7.855196010440218,9.756999814897679,11.99207896928025,10.148083990668127,8.481460819632396,11.250203787785713,8.722172211984878,9.124642564531573,9.067562639020444,10.126281254294684
8.426114697555048,7.470430355302004,7.808209341399224,9.564440455163062,11.943858715388592,10.185780207013828,10.156951534855281,11.46225142584088,9.06739194307003,8.846376711400286,9.034296628211871,10.631312619342829
8.82890381639682,7.543696733091659,7.798106137689592,9.847332363442707,11.686200523105487,10.23533862495886,9.491779467729105,11.289650392516666,9.15322044789436,9.0568851142382,8.992842756329077,10.2990300130042
10.571455796310914,8.651646845448415,7.8770559461368945,9.819151869380484,11.399091320450568,10.204616809694997,10.095549665027084,11.978027608365174,9.372763049228434,8.537049232971766,9.406729343040295,11.026636094564077
10.77336904817609,8.029333999450232,8.753491200726984,9.1292129907072,11.459737380578787,9.9596845058803,10.384594182972553,10.201884076173796,9.4688760832058,8.551083683777955,10.362785336763904,11.065508351545331
11.177465394998142,10.351002114429736,9.232693613068973,8.823554172238836,11.611954014115124,10.181081992029767,12.567684600908152,12.309464415824717,10.562043418988347,8.970639199262347,10.729622275935244,12.902460814811553
11.12252784087358,9.047081560513517,8.997898017283172,9.604892260555602,10.971802624498153,10.84601209806798,10.855247177532167,12.86478236230049,9.197472510128296,10.251542144343578,11.265317433981355,11.446198513202656
12.225446472946578,10.577776267679706,9.531980184863343,10.187787967842326,11.166354298368969,11.905887921920941,13.66434170562568,15.46385330356857,10.757398860641649,9.474625911367,10.830487624926244,14.26423821410446
11.726897791547753,11.035757441134951,9.206089305164037,10.326984380860663,12.328016755862805,13.040895798543131,13.928377246651765,14.740740781619115,9.52668149977605,11.3539687412632,12.710806757569069,12.30889119622347
12.423371287465214,10.983313871771786,9.908767739457396,8.890678703318223,12.299161803170055,11.648902692236337,14.415761530361536,16.02013667847149,10.820841966683691,9.098862318129122,10.613354699721107,16.279650841476784
9.864231788688135,7.501329958186875,8.70049785955528,9.55518121712383,11.106358038270644,10.398551312501144,9.366944735920692,11.113464558570536,8.726858626528594,9.456328267410958,10.245883960302502,10.458079512400758
9.565988940779906,8.015806156622308,8.207685398875482,8.974680008323304,10.669536211097398,9.867794544412206,9.923255594061017,10.583591485130794,8.977843723635585,9.385549282822742,10.257967275305566,10.88046841309197
11.284035331088383,8.059114740439105,8.370884588279848,8.876435160987869,10.402965434329749,10.011031422154003,9.781787290716,10.821308018901384,8.858827178254224,8.554804876052474,9.734819062297708,11.411687807442036
10.029845537461695,8.091352610925163,7.812396824475168,8.515094394321682,10.905594564619882,10.1298385232236,11.933830887376628,12.634093027009245,9.671703948306197,8.302977876671534,9.148353472045434,11.05299510799679
10.388555693583369,8.266980809582194,7.633951043599946,8.989490920506222,11.18095558061864,9.869942787122701,9.458230805869814,10.415948246553993,8.780014957171183,9.01050363884923,9.646405815563774,10.117999639405774
10.632235238621789,8.322580280328268,8.55938347861036,9.460855203523854,11.240244376841826,10.140527835475126,10.17887794759062,10.931060940486413,9.084937617120666,9.634892859907891,10.809905388624186,10.574054304212476
11.681821578500596,7.564525787968405,11.03073996115288,10.42118747849601,12.82240767733871,11.554027323871356,11.145846934355802,11.206298580560485,9.386674484680892,9.250286438423794,11.866996617447391,11.963945420100778
9.821423553523331,8.475349193075948,8.529016002629325,9.719812815316981,11.9697484876622,10.299228717541274,12.162478979324426,11.382352125607278,9.824752168709288,8.63533987171411,9.461161757862014,12.223451310623693
10.51013289767193,9.021464370494618,8.48852777896793,8.455450017305266,10.981486476075444,10.189445735203575,13.510404362118944,13.53241110648988,10.11054548365946,8.176028666757176,9.417625340130993,14.53207434698156
9.797612704326411,6.699597375140157,8.123374756677823,8.739161550679798,10.300849485120299,9.177593916883879,8.917135211024735,9.607897987339662,8.194305696227364,8.934959932893,9.868251215578555,10.359241115475442
10.344918480796768,8.029678586341214,8.374031075846547,9.241410976688448,10.54306214947507,10.320596828672498,10.537509163665748,10.577005310093991,9.187979954032434,10.2662988481045,10.489160601070953,10.743054885412855
9.238327258796739,7.535055265955355,8.150077284921643,9.114745747930655,10.314721351240932,10.073700553221409,8.999841379056637,10.368606153751056,8.353945921718784,9.593967918575736,9.556815677095786,10.129251676611775
9.456551739184212,6.101533527432897,8.242548708422028,9.322783159984448,11.634503840850403,10.018074044711893,9.034773855139361,10.028314052271861,8.574152214700042,8.501092382636447,9.640369594765646,9.512665806104087
10.370311037743143,8.430896793916027,8.093685997496038,8.878768662829165,10.662790530163972,10.277041703911692,11.768228452703799,12.843831987177508,9.797180450130648,8.477819727820114,9.624266619869896,11.522015438266395
9.437118656349146,6.794728992556599,7.814237912126083,9.281748640051346,11.008481222670921,10.00310317574979,9.223308988895006,10.107989947437888,8.707798148112245,8.795372649153796,9.360463706307133,9.845651298237106
10.206033822542393,7.973666636174705,8.018288567047076,8.465517569696361,11.610433514909838,10.32768828294696,11.506324190303832,12.48246521341911,9.925880690735651,7.983204849083319,9.442624922724416,11.247785331783469
9.4287767467364,6.948197070431039,7.743389138701351,9.171108926260223,11.324280619902607,10.325387007755461,9.819176604309318,10.485592728145654,8.971567034215832,8.463609664647633,9.23863158840914,10.042665658199542
10.928513665732485,8.985597415261507,7.899539202763969,8.16131828074092,10.604980646241042,10.088343977704685,13.241878651677132,12.832228479555283,9.849775278007305,8.274908491181613,9.419940043604852,11.725312574675705
9.645010611148361,7.252793959172753,7.854296304193468,9.202005687649152,11.292463728674136,9.950321434423595,9.867102310933008,10.763111050669872,9.035211914941168,8.316029345161633,9.318895540411228,10.249513100774577
10.235668969403852,7.975601244305928,7.907511482510026,8.093741913019104,10.964075600477866,10.019693459408897,11.959643850098345,11.81232283602668,9.64985066961957,8.238931980209783,9.428806508769359,11.487331233052446
8.566996053740324,6.519375642412892,7.920313116080283,9.220981753743704,11.843537925916662,9.869964878670778,10.124994912912817,11.63668414607402,9.35659205873386,9.082134960534978,9.34089385008475,10.353403346190573
13.10079215648912,10.484234776479793,10.312118574916859,10.149654233803476,13.013046986106216,14.077104299725455,14.369722030921348,15.484161113665898,10.927762474545515,8.932497336612172,10.517406145241301,16.370704973379368
13.147043044066061,11.389924823420397,10.971271067111342,11.74344460228688,12.80901311703666,12.960873744356368,14.614768321508125,13.751638974289536,11.171295408842804,9.717708024806115,12.249424265617826,14.148996506312915
11.333594647102819,11.206237837556804,10.62702125900362,11.03537184279605,12.902377455955316,12.659284671164535,13.299561485103826,13.141569417657639,10.170293262871372,10.454183900107404,12.0739129192089,12.199715719893335
9.228228452517389,7.660159418641777,7.829053745137365,9.158795032428538,11.074901844920166,10.323520107908207,9.87192654614211,11.671196700514638,9.264375401930447,8.539752780432913,8.938109742989102,11.007443658830379
11.908004684476339,10.359721401120822,8.881090305714178,8.946671063290557,11.26700367069929,10.60737059238898,12.545491923701842,12.287966697692019,10.22373861634685,8.599314850178096,10.044895297641768,13.381468708985315
12.238396128902966,11.437670621841969,11.304389622966141,10.437342290675888,12.828093183057199,13.029993951366523,13.808878921211003,14.802888114074,10.418662010042418,9.789698640235429,12.254144410042427,12.70253888459943
10.350074427061204,9.042697570851745,8.970402428558076,9.664270660639533,10.967603238115242,11.299403657079738,10.732223280326071,12.171608253890723,9.587113030138335,8.923491114945639,10.484145951479906,11.035181864021498
8.493116587720893,7.138947775439769,7.888720108281638,9.72720146591114,11.964434883532073,10.250808462274005,8.314615348205567,11.335730963574072,8.673049629422932,9.193655048321272,8.98707532523693,10.289023272131862
8.589055610031927,6.503885726439781,7.894622774683075,9.843526170443795,11.8302162718568,9.964796491345913,8.2622906753264,10.823162804781719,8.541431113624286,9.034288752802635,9.17327031099974,10.003175269496138
9.529354366646121,7.526273737936155,7.872358214710044,9.160641404471349,11.511008045574943,10.17813977636336,8.923482180631064,10.19999583011329,8.702924024187562,8.615424899043761,9.439666312641275,10.052921523176124
9.349474239365776,7.770586159265681,7.660873055749948,9.346108321343609,11.34182047503939,10.132977240350167,9.732640986885466,11.09804794348656,9.103080617919902,9.002421289228607,9.103668850258066,10.413850578789901
10.48668174165016,8.658490399399659,8.005986019740465,8.487241039873998,11.313391771214905,10.533977541507547,12.308267138296651,12.938877436408305,9.939338791759173,8.123651216678548,9.501960473643935,12.007881733124451
8.538222099461265,6.709433163733259,7.769358971142504,10.112057662921858,12.315858139529306,10.08387717209594,7.941917486693063,11.422030360579624,8.754330244215748,9.472343820698427,8.915608530358394,10.045598134566326
8.666257923240131,7.103788289890739,7.711477008507738,9.55899963950732,11.906255822413522,10.101306349468576,8.408150944505143,11.088506906623746,8.758404523855695,8.744764083244954,9.132017552913204,10.083062509014896
9.257866225488934,7.891196342965924,7.707576552286522,8.89775213864345,11.726413657756451,10.160628820666226,10.844163099714184,12.082811157355042,9.475339450586187,8.435220496162762,9.04622831264882,10.739251143581129
10.379388972400674,8.19485293181827,8.04012089218523,9.912812009313809,11.917321203860963,10.23579480406035,9.238404104266541,11.848186778618768,8.770227812025801,8.471165346541847,9.391815777229262,10.332169090654215
11.633295443769947,11.102486524392617,11.104454847946368,10.027373359707735,12.633638153543579,12.519583863431787,13.259747359908225,13.682457285252166,11.186194162888137,10.65155579354838,14.67618136888248,13.677554414669157
9.862353396046286,8.328647001804034,8.488029022165252,8.871402781343683,11.271863312234435,10.2087705920492,11.3262289752013,11.73136595241268,9.791100787564588,8.338029184311681,9.883281402777659,13.603078924200007
11.004988825722922,8.585268973098618,8.124379925086286,9.87321630581955,10.051422636029812,10.95089808288902,10.587003731169796,11.224225591035976,8.993772542888687,10.063151767240278,10.730172878005053,11.972290580558495
11.582866229042695,8.299777864775246,8.313028110788457,8.416818257814885,9.781668180641923,9.597484184363829,9.737997506858687,10.592853938646517,8.681783311606834,9.909967866781106,10.026969865478366,10.57542678679826
12.246439312169572,8.486141250323008,8.082763530944149,8.288036971189328,10.152742706735232,9.351987389897513,9.210734838257913,10.359299504603811,8.738203288137104,9.069244117563807,9.456884980590372,11.683839208089113
10.455292609492624,8.110283797796091,8.383239326311482,10.030634786176087,10.135349213531542,11.222642366820596,9.9790460290582,10.875896700436329,8.897651214706064,10.912733459826782,10.210377963870052,11.034245454759704
11.117632483252315,8.00182144702644,8.472639579224984,9.362262762560563,10.015274344778229,9.997022330785258,9.453881688183019,9.830182881881461,8.494458663594315,10.802453001643235,10.707307559005987,10.751746686290872
9.857092113524825,7.641046854649847,8.395553588930456,9.457172056343257,11.600697658719252,10.166080876708293,9.300886269400989,11.137928766456424,8.71182277463643,9.22168449189487,9.461286339662463,10.330414057461994
9.756260969668919,7.460117772680924,8.389944673564436,9.219607392615643,10.640889394894904,10.31923731355325,9.25341403926968,10.911454040051671,8.640642192697367,9.32679327629163,9.746889764691606,10.752943800278079
10.516179266147368,6.6944353320083305,9.507497612706747,10.048905931399085,11.318425701852211,10.247999576208963,9.950444712281648,11.456406897300003,8.545361275235598,7.833684842182849,10.387743994274103,9.578580795856745
10.65476312841411,7.853629451414482,8.179089836598454,8.859896779717833,10.464264256201334,9.99897666550601,10.265968424384644,10.830991873467362,9.320560475649382,8.46113898775526,9.547172555338348,11.37881145130271
8.999832562733594,6.081765614320945,8.011668164614646,8.695276975885578,10.77077182956058,9.879123117647845,8.783201559177009,9.656807865402744,8.454255000276998,8.508202301494864,9.301493082179988,9.559764809347975
10.026002872655413,7.618263458030203,7.661295623762753,8.815641341294835,10.873774090029553,9.931039324707093,8.694894573811114,10.327214576501888,8.365596336188652,8.719053969262662,9.070349903539954,10.027497075320326
9.323856937667452,7.455959841036592,7.775262510354777,8.40799496453251,10.672644918325853,9.868942370228963,10.630629773626453,11.767399711090489,9.418279258161817,8.22441785498407,9.186893512256336,10.524572424274616
8.51021968727653,6.60847245147412,7.922000270496931,9.12584662208963,11.364612976931976,10.05193305998588,8.785634791156395,10.544795750733144,8.744233195996195,8.619109311761111,9.200512090070783,9.747034066129256
8.514565248325264,6.43378919717979,7.849006115384655,9.221236743220537,11.554685645092631,10.06675028573568,8.536396969457815,10.763316916218791,8.704206510635638,8.735675850162131,9.179455959203716,10.159040730458619
10.661848703682521,8.044719969606188,7.753506956177959,7.7413953461308225,10.579606411210829,10.17162466465129,11.35603181182949,12.259728179124659,9.415050062986424,8.714352853818484,9.533264983903456,10.782922483322391
9.166724896343254,7.39327210414161,7.911754502329717,8.409608278375854,10.831063184217953,9.951340198880375,10.092493841988324,11.107682289210642,9.318727950562058,8.435836936568721,9.364521953072725,9.941205799094737
8.271475394888386,6.56595199279768,7.780698318520117,9.537976529290164,11.68275557322729,10.271704742632554,8.155166919881399,10.977936393953923,8.448272904852013,9.079361335080597,8.968549802575437,10.02256803911891
9.801403862323637,7.880234603427041,7.830258713577391,9.125767987963354,10.969194282949953,10.109927679166637,8.583885760955575,11.06385989845841,8.598184082862415,9.007430161289337,9.012338789270595,10.201981782760116
10.153859897358116,7.827339192135349,7.874088417362403,9.2085893012888,11.05573013027898,10.223641054264538,8.90501791777383,10.591752348882572,8.728362661961086,9.20588769242656,9.065294392639368,10.127924413435341
9.05673974353822,6.888588309933384,8.235238738201655,9.526904421704284,11.011371480914129,10.171880989121995,9.146926281179333,11.213121698628974,8.966566413614542,9.085293436100704,9.366126833038225,10.077427834955067
10.03580776519164,7.705387206766232,7.592545779782379,8.463059843066667,11.053993093020503,10.075129752978656,11.610204421969271,12.338197447691416,9.400015188639188,8.234811192708754,9.051398456903403,11.148407091718044
9.913421411333333,7.279039980211872,7.768642876181292,8.863069513887222,10.945254616061641,10.127594087048852,9.345126917156245,10.747998865756449,8.96784683565093,8.63742098840253,9.111152615692891,10.066919089814984
8.783176796508425,7.382478545675684,8.056386030275762,9.900630703852851,11.831066530060838,10.189139509706596,8.711247369599391,11.345524969158735,9.080649736921497,9.392080402300849,9.054594842518586,10.069066155944439
8.242050590923398,6.539066826856202,7.655567330251025,9.60373409269111,12.26560060976208,10.130017518406934,8.096409993556225,11.212661563420674,8.547311012762284,9.143335577359402,8.925511268003554,10.129900506575972
10.44645342997766,8.371392607175542,7.667906754504253,8.895174414239495,10.77605306524034,10.15303725575538,9.770086197315257,10.798475221767532,9.091008958382714,8.584581688306665,9.170717291843259,10.153231966553278
8.346014195359206,6.501791938389901,7.734147411070945,9.454618989597083,12.215415552696253,10.02194045711816,8.247256931616247,11.522692979610213,8.361557801064757,9.096481419394024,8.890694005973657,10.074164120455562
11.395219210080617,8.855482131900407,7.695225549414367,8.945775933140109,10.804830522850315,9.813706271484214,11.231581145070514,11.85007256931146,9.239148313664916,8.527598666852231,9.712725588102169,11.268694196239583
10.91178298381401,8.225520465538647,7.724828845061873,8.71721824158101,10.571187728841027,10.201042292912541,10.333634499506196,11.449133414886653,9.428688706396388,8.552188430756047,9.4424466049861,11.132347798897415
11.985904397233593,9.01538590558043,8.497336042022283,8.682381546879169,10.563149846184926,11.089814642036634,11.691450394638904,12.769181140220754,9.678303692342492,8.207885791224975,9.67524607352674,12.280365796922215
13.035157347911133,9.976900397034072,9.402081488363443,8.983437521474018,11.4518492880813,12.124953360301767,12.80376484219891,14.026166754973977,10.370791417061286,8.291877904120629,9.971801768575048,12.372354745075711
10.5573931832828,8.250392238805278,8.289962473717104,9.148767724201909,10.860122133629874,9.888873713913195,9.466434178254081,10.523213542835904,8.752931336986709,9.167719836504814,10.85204618156743,10.95599066811375
11.288642268644237,8.944658485149272,8.632859763886394,8.515811372405519,10.671526113962177,9.975995399206976,11.795192973943854,12.496131384809857,9.536244902839524,8.692469359159583,9.493316035898255,12.210314049075087
10.365147231136808,8.487132008903592,8.08201459948735,8.740655016409642,11.12988478044029,10.230090575647038,11.903467661094666,12.437134522670895,9.838805339836311,8.599245225943156,9.240642602828801,12.237307084483135
10.199404952193532,7.986890228597604,7.96764395185762,9.002488924045178,10.600142289467929,9.967791163894022,8.578457346585122,10.301601422992562,8.488145452242692,9.255168053980404,9.20763902339075,10.149352295419206
11.515384806739403,9.233844978685696,8.844887243861427,9.30832469056473,11.784531037814375,10.731244170609612,11.455513504227296,13.186023578499546,9.812944086459662,8.068026024707704,9.579190422658327,12.833955426329696
11.162483174070244,7.661540835843827,8.518654135314405,9.945971990390035,12.24402897067496,10.771847023090452,10.003583103550293,12.327649530936826,9.426419551525658,8.3548793494425,10.25993830318228,11.40367925825579
9.644711412835724,8.205818130169401,8.170519722809155,8.924352406579166,11.06585758810572,9.884221799694288,10.005844123000035,11.03177884646505,9.25277346596236,8.744234509132504,9.170804074587227,11.355368494017222
11.129453147529906,7.698097857426016,7.931303639239938,8.559214631537026,10.471153536273833,9.672833031632083,9.156791672826321,10.636269548878905,8.71781518187482,9.463525566461298,9.286967169252598,10.241011387566134
9.798826660927938,7.7255193288411235,8.464135079855177,9.31503072705803,10.98152282321329,10.108944463750401,9.1764554970228,10.6708910544522,8.602432194183857,9.61133515708673,9.395425950908498,10.366813712312231
9.112440576207893,7.2570470465923105,8.509692067822108,10.23690493708764,12.075323995546226,10.27188580984912,8.925553324017283,11.533721377815604,9.084523655732994,9.203487763680418,9.248974163173571,10.59911442746829
9.16533962474404,7.045791065293914,8.631496669315805,9.393892374909319,11.119292088637776,10.159323733435512,9.1115622229621,10.481544607119213,8.809052758104613,9.50728192218334,9.558510004625688,10.190890322193779
9.299325146357479,6.982957506663091,8.383778252774954,9.797721590352818,11.530245397023771,10.140722756740553,8.769063023342321,10.655613625516954,8.775759927296583,9.365822964081865,9.228280956621232,10.808516191349423
10.274472106640248,9.224396829369635,8.579498691954267,8.513654868755916,11.004089931089133,10.19636381721822,11.972567069949132,11.828264238224346,9.941579770149193,8.64168067087737,9.402120547949117,13.127951774501847
10.811560091066848,7.9989602651211245,8.037982119145532,9.122406741776313,10.71450123375204,10.00488598600577,8.701617594359696,11.055702992438704,8.735055067901927,9.10121409245319,9.143129651247074,10.983042906196726
9.271464930579196,7.570088091403601,8.165708855864002,9.412636627935331,11.17688887841707,10.128876186666817,9.882250030258469,11.069500974130095,9.24565298067718,9.075824303948371,9.20529691047333,11.334992466408382
10.86090138875352,9.322750605463643,8.266666718672314,8.307241258816292,11.081379304485848,10.441811296711952,12.083103146782632,11.862374404019901,10.114383565311018,8.517991622494538,9.24454071566581,14.410613646623114
10.400342262379702,7.534085411540042,8.954637854755505,10.136201694020158,12.026010470962465,10.626476420163288,9.545972119628248,11.339092851796226,8.543191025061306,8.248672598930364,9.991134905884616,10.032838808315358
9.882522425133374,8.15170297348248,7.723146240190032,8.797754574111925,11.803043741621902,10.285855188592352,13.043885591646271,12.757174985585614,9.797762295824787,8.188525178360786,8.966793598290764,11.48711273803138
12.37127836435931,9.30648985743048,7.921410145896514,8.268919665317041,10.784457708662604,10.426566775422948,11.492310275934415,12.200554969976796,9.435049076564312,8.361759559881373,9.306807662008104,11.457337707870282
11.12074082327388,9.217739397224259,8.800385032329213,9.663621791199285,11.699476363248795,10.766674009730314,11.2344699439779,13.289820493890707,9.821550288369734,8.215898304156182,9.543789716972565,12.589300007835313
8.342154706204369,7.1138989159413795,7.966905577243206,9.657014922160961,11.077066921535833,10.126398980780388,8.66299636297031,11.096319521078527,8.724527339819364,9.616954451342531,8.931395496137752,10.392711458433622
8.808079006957744,7.3927768865804655,8.158289711692031,10.29835048041344,12.315161859648033,10.3240361814948,9.87010411312931,11.741475799803752,9.39575223457094,9.052690292587888,8.997826662456474,10.928300001753385
12.381555975994463,10.641246378883498,9.201121133315162,8.955520978472705,10.982858666108903,11.68300134599013,14.203246830378376,14.717726682429566,10.653295593158754,8.917184978252873,11.04144930010158,14.45555971037702
11.802451133246981,7.425664064039828,9.13579217016209,9.192676451323281,11.462171749057548,10.210372508384317,11.097584934767358,10.003581723098245,9.34761366534331,8.163161698007384,11.006091760793753,10.896183954942892
11.086215514878553,9.05112230304044,8.253175650944481,8.474961070328568,10.705544283188988,10.32696451822784,12.717100144493005,13.481192592082174,9.809446673601462,8.646688764873561,10.029746027371006,12.060037912757815
11.128853952123855,9.104616389407441,8.26946253621372,8.340971957418882,10.834101465369788,10.068047388353701,13.455459730476688,13.359257300221937,10.119705120919718,8.151079545032822,9.919834660018036,13.222116523367143
12.503561084674232,9.947896919502005,8.73233919985377,8.516426043684042,10.609956340646479,10.30634843676503,12.174400324644864,12.939349654737999,10.16459148264289,9.244556446801088,10.797965357674839,12.219107750233452
11.810348877174485,9.84228952352143,9.41959174421557,10.612270818339336,11.578374708011454,12.23716135220387,12.644311312871517,14.38251008574403,9.932465551717621,8.609006949423362,10.089137815340383,11.975640172366054
11.20473857693361,7.661504912679409,9.256456114513698,10.385214136320867,11.921563510454403,11.056612073281615,10.674009508437555,10.707860562245013,8.804188460925669,7.88718112907867,11.066021531591026,9.654062530479694
9.617844780532472,9.191450104774104,8.573149106990519,10.239797250624468,10.836283119310396,10.79863677935401,11.177760901982502,11.709938874648039,9.477807474511028,9.928439156099088,11.260836791133851,11.68804578896448
10.535570734527072,8.912907212335998,8.90098415180376,9.636169033697483,11.01968984486269,11.001594524123272,12.062486291645216,11.658996608764909,9.830552152557082,8.480990611184414,10.182736310602998,11.64885259622141
10.88127637167766,9.060799798453711,8.824588409883285,8.477173458800149,10.849165022117516,9.986939531234203,13.21060803719347,13.811819478010966,9.851357986775815,8.451544751314573,9.936089867085462,12.88538067093151
12.169948105182947,9.506937036633927,10.778066719786048,10.067965156352939,12.03969058781097,12.23064957589457,13.117680044874355,14.593872519640112,10.99661318822434,9.104125682820314,13.095237299242703,12.803272316223694
10.727495421182606,7.255358981632603,8.223072047175926,9.286835328952874,10.593075942093952,9.05218003740507,10.048711331061446,9.933918434868417,8.362378289937702,10.205637886866473,10.235167204680659,10.864689451223159
11.3225645667899,9.388171714485104,8.449966267296839,9.322617177451237,10.342742230865282,10.153552446033276,11.34511065733958,11.794235971097661,9.63574319451043,9.261167347787891,10.573936172871282,11.188940108134233
10.878314847745699,9.266147892905062,8.588789532639813,8.765640461499087,10.805808188444646,10.696444579694683,13.204591821987421,13.834117023750283,10.15310757064695,8.850415129598751,10.632325596391775,12.189086474792173
10.879782232553891,8.51310913210105,8.936777841748784,9.88637404443095,10.47854425324969,11.405611393818088,11.523823110093746,13.027999787359844,8.90603982216169,11.71193674831663,11.387442590686083,11.303562913664187
12.969439726121555,10.76312400722021,8.895666120080767,7.198997966542955,10.858492827937367,10.57156664661901,14.792201751083837,13.50503810632338,10.761813689173724,7.8825174183916005,10.276260134375486,16.535957442577494
11.871065076733798,9.685332120881275,8.657140036030128,9.346729237916273,10.835784710302987,10.798364606893301,11.67192574606503,14.411277268210696,9.548200713954383,9.591777170251191,10.914240583803837,13.707109718661638
14.00107215427086,10.694690978439592,8.76714974160234,7.646177515306824,10.568260116243637,10.597803297709163,13.38637670566631,13.737062005930074,10.487637587658153,8.722575324556889,10.264552211049699,16.641145318974054
12.472959141423637,10.757275482240962,9.315628569096972,9.114028648678307,11.248174996164133,11.39676462530713,13.873215872299939,15.16426338893582,10.563232145015787,8.610532010083029,10.574320602579037,16.12624282684767
12.305643401198054,10.292250447189412,8.794624558487111,7.988899396178138,10.877666719006765,10.399440090453249,14.340268372761017,14.388492229786213,10.32803558753956,8.223777486124982,9.932190255441181,14.943559943354373
11.056010493653746,8.689143877542367,8.746728695651445,9.989661285947824,10.50776972678354,11.152582856160214,10.56840256444436,14.505775650934659,9.206193862585554,10.07563352112065,10.891455998086245,12.207683833959088
10.633524002551786,7.871677648265125,8.749395781664001,9.51812916603133,10.792634589804846,10.676589354617892,10.253861676076466,12.05232510382856,8.991643540894174,9.51959118999161,10.382445078577705,11.633308460332945
13.161808006540488,10.137160608159952,9.825625184073965,9.945778075049379,12.314911024785069,11.602225629574942,13.100048640096057,13.398795009162818,10.03464735884479,8.176901325502271,10.874540936201837,13.169892388113423
11.783306595990782,10.110842343441776,9.310147943553499,10.689490892889129,11.298584674943623,12.830723316226473,11.843459226519624,15.091690844548562,10.353956053996527,9.157215459212765,10.538028515866728,13.146389221693479
10.299045770642904,8.063765154259638,8.982039172784038,10.335136755707088,11.685349902919734,11.76349327027724,11.019963711405046,12.288588419616318,9.26547968120573,8.722827910493233,10.685541057669695,12.019330462469307
11.558085957737092,10.071020031586826,8.870665857444651,9.380754772109302,11.220879758417583,10.477621348398806,12.232585972850783,14.44125016684652,9.336420374615868,9.217034131852332,11.26660167392577,12.540977354463646
10.399471032295464,9.105127970043945,8.665085677443784,9.294466607229309,11.13081483188403,10.419830945613855,11.475502486175259,10.945628970009635,9.554081949833096,9.098195746791976,9.660664816549323,10.881151342759058
11.50267777387602,10.107686521811,8.868397264938535,9.201721981937634,10.654135200218489,11.45571232729659,13.309266610181204,13.213485485763625,10.223001735979608,9.5186476397078,10.75625131851492,12.46279322972171
9.606754496314213,7.3490770837601875,8.887448577451115,9.61577473725819,11.50089636572116,10.514795145484143,9.595810121257704,10.898461777623785,8.671689147669992,9.393105786033335,9.712839223852843,10.216487910882705
11.12614914399965,8.977981569923509,8.724001188421868,9.571416773200728,10.564251565730563,11.293659725188514,10.818991108425204,13.051195540190733,9.167241289925071,9.21657445169514,9.55453993304513,11.150815729264645
11.444462030811746,9.94594439929342,9.560858205481074,10.970609968928988,11.31677312535891,12.54322167653445,11.618788580195217,13.296486902971074,10.128502877606289,9.181256292340871,10.701716197451942,11.43856431053211
10.258160043502212,7.728209439517589,7.950172750564286,8.02404502715759,10.220178939007711,10.158786363034286,11.474730741843093,12.350251800280718,9.447585459662806,8.373843544216868,9.382531268145625,10.90484418231722
11.28187865367667,8.42757301536985,8.307081466326276,10.085080596249194,11.848695152017193,10.687482899876079,10.04682073522201,12.621380268993455,9.057239927421024,8.673809545151613,9.323263172935512,10.474570720526252
9.155414768381036,7.592769209379704,7.572709705555905,8.96597905161261,12.038035314586487,10.179570108603679,11.83462895427004,11.960569299797442,9.267041930307357,8.389488625876536,9.052185922176514,10.977238094082464
10.61160365482375,8.567730913533614,7.6693107798527596,8.564993830038615,10.536344048470246,10.379833063895022,10.382147883346468,10.598304012873927,9.102155635839576,8.808042195447255,9.384936634247206,10.341246935811817
9.018735173353932,7.5478432010459695,7.8861369008721685,9.092670244288554,11.956869147325214,10.215688237747065,10.912135650087171,12.076814930906513,9.850305903541079,8.464570424111288,9.17988839093714,11.546032159854612
10.880301553834279,7.945304645711316,7.877715626902835,9.837730557517732,11.76761160882481,10.406680996736982,9.183203983482812,11.866889379718723,8.545254562353115,8.596473051619238,9.19244989342225,10.490800651387168
11.072317828823081,8.587280847918702,8.27027592564297,10.244370257573268,11.839692778062,10.971344498704251,11.235371960465944,12.970218302318706,9.341056175805523,8.648774606428828,9.47675065632031,10.572986132390616
11.897181480383017,9.110681154662123,7.556817129473351,8.287466020985924,10.559767049079133,10.108949554787616,11.711440629899322,11.891315547175157,9.254205423135598,8.359927323705634,9.162488452741073,11.413974079241035
13.05902951417945,10.835392732147271,11.562557975028808,9.404194807323078,11.491192812361117,11.493422847804196,11.589453737457635,13.302996814916385,10.69514968779714,10.030231419604021,14.250876587101024,13.248205144382302
13.556354175856569,11.023312924599615,10.324227532813042,8.872939782325778,11.057784206502747,12.583853832688291,13.56113461159467,14.025774050055292,10.49265137563607,8.481808787917648,10.79548563488294,15.853869212423387
11.292879276880562,9.393890837941907,8.193422366554604,7.950384379608501,10.196596407248126,9.550319654839477,11.432455267244555,11.04324541210709,9.739356987331048,8.89556042670065,10.252397649132195,11.338215786897635
10.53380378322548,7.36859411679229,8.253068521584728,8.905832891790537,10.17603957976672,9.905626347827802,9.012891754149981,10.150111855018455,8.431420581041188,9.164970394717585,9.91310972824153,10.11913155647578
11.509639048545777,8.601269954434159,8.146544480402369,9.714717783068854,10.406728011731971,10.804189382300748,9.681808065322063,11.535466408295296,8.866472651935775,8.964946318493519,9.61171686880224,10.60536271889918
12.834645262021306,9.208723957369957,8.115503038946576,7.652646035604,10.19934678080119,9.808912500579593,11.28720486020166,11.072055075465398,9.690168418968742,8.360739065103662,9.507923927892147,13.31776716660259
9.724423240268594,7.4389200768832415,8.039693477211932,7.831245370151919,9.821836698449419,10.451508947025486,11.679217335431648,12.92305294064567,9.53507591535902,8.595646159783705,9.653212238374993,10.666200839436323
10.630597269343985,8.285816933399015,9.006012726055198,9.319547495068543,11.183965600028708,10.21397243218081,10.356365167103077,10.318805352871168,9.159532252141073,9.024732719186622,10.801776843015865,9.924362319102013
11.727352421885088,8.765755520193272,10.041294836687367,9.909392985622912,11.635050811618514,10.560803339775402,13.460480320728854,14.1203232381484,9.728341682671712,8.361924898499693,11.022161159639378,12.794000109201498
11.76190270994893,8.014455864393627,10.135545691764259,9.892384434466514,11.670833612038367,12.449723815302288,12.84752343930844,13.916012849675175,9.907767978030316,8.746316526608267,11.467664109542751,12.01600796081402
11.61857455037085,9.552084134037557,8.876594652968441,11.220985029774218,12.7881167946175,12.47054726474431,13.440774592379128,12.948885609611658,9.971431324066689,8.278586556610119,11.18790330285105,11.766709197030423
12.291674946499406,10.566643602275605,10.549196782443891,11.013416239747308,12.531613299138138,13.014375001395878,12.73575103741254,12.95112763365088,10.123744703426349,8.399584595450289,11.253308037081355,12.02100808666501
11.069986577535092,9.279188932692678,8.341049518308955,8.22018636371714,10.984421336722026,10.082173403487053,13.635850886137712,13.464651661428492,10.100087734491547,8.153123277010724,9.783938088523808,14.063700759795214
13.707854565056113,10.805501993543393,9.013016022034282,7.777392208312376,11.043133172136441,10.650506126866341,14.821298960271985,14.134581421927848,10.732377321911818,8.20158112295587,10.351616157886916,17.037369397804333
11.813430888856294,8.3508348541873,8.262782568950355,8.247098332910603,10.187954836340998,9.289508113317279,10.039782481295173,10.350729649099893,8.865034596426757,8.659437879852032,10.407730091112601,11.094056167011496
10.72444593789313,9.473829972761548,8.644686710566903,8.583859986114188,11.067987795736515,10.484803618285422,12.416806776706075,13.048590601398393,9.953879429418912,8.36140197485171,10.276422776319205,12.22171684585699
10.469944866283914,8.992757653792207,8.26259280084436,9.050351698037506,10.921771429129183,10.149675872145124,10.95984042201822,11.694859732188368,9.824136499166801,8.950787104888777,9.309394970726206,12.94616472927119
11.751637240705437,9.023570464567282,10.180715032570298,10.619730218060443,12.370396457795238,11.622731432027148,11.984707967155035,11.881380550509009,9.387723094319876,8.345061711378035,10.994120564313851,10.674846165646576
13.587152231030593,9.737133979868661,8.017019134587404,6.495641562425008,10.501441477332333,9.70167096840906,13.286376896796964,12.639457999115743,9.930685181702167,7.83802639727188,9.23313165877872,13.851942691259191
9.164711852389052,7.917119119907714,8.174395548995113,9.372726684706322,10.525456894383021,10.06416009329038,9.725259952199979,11.005868173592923,8.624074378703796,9.77072657157671,10.077854078419207,10.829124726621146
10.12737695488002,8.089555920820281,8.06678720975376,8.889159347548613,10.489759580585439,9.9675473526546,9.487060327179718,10.981959071011893,8.776098952988205,9.42982229580598,9.446903649442703,10.906342510490537
9.663445456589299,7.244514653600817,8.302791017870657,9.191803753895076,10.638750882542233,10.002294084692137,9.047376876910167,10.967481262328569,8.620591528384887,9.927029776306552,9.657880297304763,10.390373769931916
12.268779284770563,9.318754207461193,8.031388987709548,7.473642342958363,10.735951869673444,9.929613198000792,12.474049338013247,12.293418543991516,9.95126963075851,8.327291513759029,9.337768895332509,13.635439832676957
12.860253961800057,9.486809544311097,7.945782580703345,7.689473571749198,10.652869283529576,9.833086713176163,11.414241107861471,10.728303350224845,9.490083981202945,8.216684087232434,9.267864102938825,11.234577995668747
9.065117479400115,6.852830306570195,8.110535870437808,9.48361877382155,11.61586812787501,10.240833214283048,8.910399610066298,10.790511338247788,8.897626428891206,9.228755419381116,9.135302287425153,9.998737437104586
10.856220642680864,9.121400976167909,8.11514585883552,9.691038918485452,11.801791261674447,10.468295092493532,11.159483910125292,12.977737355806111,9.660871690770197,8.006125202571365,9.42809060920011,11.97467614830152
9.718033260532629,7.357545812551533,8.29702155435384,9.466285798589409,11.023055760119103,10.31569669933885,9.159356412593468,11.34378809548424,8.785045021704512,9.450487838194777,9.467468291280605,10.90105332999984
9.606459845907228,7.172051668845026,8.182640126990556,9.361470289509203,11.053115583277622,10.163328094589351,8.788543029314889,10.87290815300165,8.544783050570798,9.472069782424144,9.358621810811552,10.041042793560198
10.917629135581128,7.950202571393838,8.042265367190833,9.103022788645388,10.215961973145816,10.08320684671246,9.345877829219084,10.592342228826165,8.532808815758179,9.428289396140832,9.400325136563735,10.206666182327652
10.165416744970852,8.285358877608319,7.771057100482896,8.752677956283527,10.883396744673533,10.418375596453167,10.42563635129317,11.038895164130741,9.124000159397676,8.808434990418968,9.032494695984553,10.654497685432016
9.9384110024669,8.011094714024024,8.59480188624662,9.103485034500888,10.635784450004646,10.626840107592656,10.15448046543747,10.887044691971326,8.81605149682495,9.407063776496638,9.586151313761711,10.3064714883564
10.552109586835902,6.480106259012744,7.655505512682765,7.9471898072653175,9.69516520617519,8.907037300896324,11.45685473519928,10.300768419914471,8.836562593755158,7.827472414458005,10.454411403184325,10.155295349110617
11.652679428970684,10.017517552563074,10.501068638993349,10.746734386863752,12.47611481686226,13.017699214052449,12.896083736405252,14.705546707929246,9.879156750117719,8.552682603734155,11.294808231406732,13.319679508759274
11.57013059245535,9.006532663342973,9.801613306526775,11.305424252444197,11.764860927661298,13.41322504261353,11.96643707796422,13.347514104383798,9.181860529104583,9.819346962721914,11.381537834589082,11.344874201877174
9.148295325258696,6.8960798817932405,8.590223006390312,9.84948458363029,12.522181337508313,10.389760677261998,8.819207415134604,11.267293614653397,8.871221213692385,8.98764239177009,9.187770194275206,9.94907050526532
11.400954624465191,9.499400789016512,8.0346186942979,9.153323383900862,11.933352306201733,10.455888962010901,12.226173617874549,13.22799923299606,9.871570569741909,8.014894920089208,9.37590081683146,12.085764386052503
9.414852698124731,7.432939512400838,7.850736951311904,9.669086304911668,12.276216601254134,10.142598977937503,9.62363721373456,11.864949539731125,9.074474021085924,8.243920495329121,9.323482106962883,10.191841693642912
9.56731650306345,7.390946597445833,7.984166183268736,9.110360619691816,11.724798007291652,10.651727330871973,11.557600227557423,12.254761011054365,9.406269496031456,8.05830884788175,9.506641067178638,10.925482831130067
9.47839499841028,7.589140226529673,7.711189921364722,9.222736783050102,12.112301162727345,10.092981953660878,10.887449830125854,12.115588719507228,9.27445887383646,8.679627440209092,9.089943271963163,11.304554369187764
9.935594353862344,7.825314884900396,7.931712756207511,8.829442444003428,10.702235718167008,10.16206720571361,11.79458219757445,12.363281840188417,9.630593969581328,8.482253080073638,9.583335579826787,11.718829299208041
11.356785685972191,8.911399341151025,8.072534725792039,9.093850781511414,10.4384243740311,10.23285742714408,11.70297740088668,10.539116093933483,9.324887169628953,8.629136533834048,9.748600249332371,10.383359895846898
10.431229370757679,8.038917246404667,8.085023178867232,8.845167326240881,10.582473116023005,9.942145024949825,11.747205348438662,11.71551260862206,9.65331885625076,8.209866261080343,9.558906679033036,10.923169486331767
10.114509870791913,7.703016033867722,7.938983187980569,8.280769919773292,10.490653975478002,10.11551179451884,11.328094327578551,11.661545155862095,9.567761703713499,8.20477347552557,9.394928493378323,10.550031135807043
11.675266031823849,8.864420183486775,7.835541538227605,8.748068490180628,11.222496939578962,10.373223357037565,12.38417948854001,12.585598561558788,9.323278188438627,8.016831207957358,9.149330298061868,11.709431314267295
10.745947090144634,10.425074211560794,9.069423796409758,9.617939353172746,10.970723827730366,11.92597684898341,12.682509566004086,12.612700384990625,10.139933555768492,8.981325898770594,10.20887583086592,12.352898152295472
8.843815549552163,8.104229200046001,8.156314132103308,9.308632007780837,11.147869514884235,10.28093202676979,10.911358422348393,11.91537066784384,9.35172113765817,8.868610629582044,8.870380025084858,10.848426401327654
11.27184952869113,9.19958062564205,8.380762521964549,8.466582056975373,10.529451339747688,10.171781179596628,12.71107613046991,13.171309415965275,9.766043293903651,8.50372257524546,9.438675351165742,12.493389970393915
10.385642352610216,8.012383933003226,8.279680561048625,9.412974297447171,11.510857149908594,10.373393840769285,11.01370675489956,12.613207883326368,9.370237776199653,8.18704796091654,9.4625018316257,11.836343698436753
9.539580945324051,7.095817315861233,8.968958847674072,8.255161599846828,10.954262500014595,10.71054646385286,12.040254486166143,12.546976216128991,9.888338264891619,8.677821627281721,9.904772984522987,11.10863798233785
10.600985122239335,7.908789732734446,7.9727391647607995,8.16103369150153,10.193987468488045,9.81190599254393,9.842336478533955,11.012695829024256,9.242164893210795,8.400723039801665,9.480756137352484,9.862049252244564
11.698296625482898,9.118928595955428,9.381616354945566,11.191137725854379,13.124379325496829,13.363949671112788,13.45860285720698,14.655854378119793,10.092479561297683,8.485917414814153,11.015978265020516,12.665453970586196
10.723906149795814,9.306474709427395,8.673049154440326,8.924330315681413,11.251684237836292,10.005723080573603,11.241158859081738,10.879824231388918,9.689592170338878,8.844255710694323,10.065678618869805,12.667752654624437
11.018322054184905,7.872552520697195,8.202851340246365,9.63918862404113,10.683532560332521,9.798444212811875,9.052536863985363,10.454702252812544,8.537069412784303,9.834342271140809,10.904364922325309,11.143794581128548
11.953961544437277,10.056523427907534,9.494696482672977,11.269352900348592,13.030115563390773,13.66401708525229,14.165297723682455,13.061607031355235,9.532650982588002,8.11130843111162,10.696994042985105,12.659130841170892
10.250724080079781,8.124500097050511,8.374989874984273,9.295075350200815,10.530857641774103,10.230412231388868,10.072799742823541,11.371280620467916,8.414746613618139,10.0374259119539,9.685491753647266,10.693058471225045
10.467966838338496,7.350256694446126,8.493024158713679,9.475566004154064,10.881734828169929,9.80177062459337,11.459429228699456,10.745770123305592,8.478426644738368,11.27464443941728,10.1964766504082,10.604135832515082
10.611254327020442,8.455113673464929,8.334713180024421,9.421522979617007,10.767487313170898,10.196858712569595,10.820019911352723,11.170208287590379,9.39079154782315,9.582973807192618,10.787599835107573,10.9743645640626
11.73735038591657,8.773590442243615,10.458743397204449,10.084979617237805,12.148780071318976,12.56249043474279,11.295191236411904,13.852718173178316,9.609472558161182,8.694132518335756,11.550781771875059,12.685003138650275
12.995509473032282,10.656657100065791,8.985649322234545,7.8301604971201835,11.211865737367427,10.63089103413488,13.218339860229088,13.526865549957574,10.811246715016903,8.646461927926206,10.532508432605695,17.156189991559536
13.172376163950661,10.668856430747448,10.952855232930975,9.351777379947325,11.86751378157869,12.630718348946864,12.742963695654112,13.56993512820191,11.395562391539055,9.163394546316974,13.426003691019009,15.49887493791005
12.044391506119,10.798944554322128,9.234218007750819,10.348866860133487,11.389816968216756,13.50801160787966,13.909308916503646,15.082543234402117,10.395532340297187,9.376662458440597,10.91178723525324,12.945801510402422
11.670866020423084,9.127951370463542,9.370255218486273,11.319925490483675,12.241108257059185,12.534324512242883,12.67432079810829,12.722976109167774,9.565428214431044,8.409267312750782,10.823070849741702,11.45958525696872
13.121005050342381,10.12599697571529,8.703381167691,7.979665544015504,10.358015522640665,10.232895954715204,12.748749299527809,13.094405059609818,10.184636491433643,8.618770032235,10.438715236550143,12.395549741428283
12.50822406213802,10.114203429615005,8.65543701643926,9.089486485422924,10.63850968386722,10.458427975232032,11.561988786153169,12.760672710542561,10.032862261389647,9.054113410083936,9.96394495082101,12.547487033867247
9.873931670937607,7.199314730631171,8.551615714886442,9.682320679747997,11.934698989611972,10.112100156815847,9.959962588958648,10.665972380885677,8.721355141875863,9.442292930356723,9.725753738447407,10.093332733238553
10.441982349628342,9.122844664784893,8.585050746757837,9.116738069108841,10.753939434924696,10.33233641536472,10.123668315719527,11.908187082794107,9.18136850842942,9.172391476304924,9.485775718688847,11.058762394639965
11.253687084590252,10.00631211214169,9.160063611162531,8.962740224588932,10.799692339853046,10.683876142653453,12.507883689766475,12.498897056907726,10.198086020342604,8.723827967992486,10.207415437393191,13.065648276424891
10.216128984707021,7.8180726502166955,7.662491721543364,8.250752879905168,10.252348936913004,9.847867015322091,11.0754327412448,12.017176273283631,9.313685110615454,8.81634066731421,9.385772510332167,10.636375037454508
10.969760270121498,8.560387478772011,8.210863026717645,9.02969593321288,11.341968980183768,10.535603141759076,9.510884407685136,11.474322485693758,8.836331316906762,8.416036610403674,9.515953769525314,11.414909772903101
9.357688699069408,7.315236506938729,7.784735893204952,7.978792016371703,11.26366422490881,9.956423329001582,11.10901541367876,11.795540015355376,9.128759256993321,8.593529116405412,9.323332413174926,10.359735071909167
8.813874801977892,7.081124020072821,7.838566010824885,8.306312080372162,11.316238843836537,10.157778972747828,11.34427926670971,12.178306445531744,9.386199065577301,8.610772295620903,8.971471039131382,10.796434358141777
9.41153172732057,7.417905401994599,7.8444465915099455,8.018973664547326,10.683219396504027,9.969704839279785,11.08136023062937,12.259111296091765,9.471856973298484,8.618686699041543,9.359609787063585,10.788011076531147
11.228131258364902,8.208406971769653,7.888173865069874,7.570539287653935,10.503644141911996,10.378311838429344,11.977400468512712,12.749805508141197,9.252323689286698,8.33111129731139,9.422489515224575,11.697784896615671
9.914377805434258,7.933154144478837,7.637538053057404,8.633280552359446,10.853036459471276,10.122147051342646,10.657220745262865,11.144217120325116,9.357877363149566,8.540607961599191,9.211883350130124,10.518964791750156
9.043671554465476,8.026691641423064,7.777784789088439,8.624057408165777,11.161466613432282,10.13250652647531,10.44285950143441,11.252354359757948,9.383273882229604,8.628443082503349,9.09717294846828,10.992788945062413
10.71955149287939,8.254281204575172,7.724178222087598,7.798462740042523,10.501940736756241,10.048251058467596,12.465211082228668,11.987110167683188,9.771402553206986,8.22389452295787,9.18900135355534,11.433714761817289
10.181209674802007,7.654213012590341,7.760404739449327,7.719031451327698,10.544715703765375,9.953235154039549,11.513384182955473,11.63593126051133,9.592776624942411,8.392588003695423,9.39705392460445,11.53660457475896
11.36378267313465,9.048610368992662,7.613655178278219,8.187696755555072,10.189961583274906,10.093172759398303,11.787548244469692,11.946802120360102,9.406797731512073,8.142022958548411,9.200467132876854,11.462021775797979
9.537139542610541,7.715608213068776,8.129075836569026,9.489432438550455,11.262195524170394,10.224549402289385,9.875650111015334,10.870846218569227,9.090116934157964,9.042543819172677,9.291301563550647,10.463944521479855
9.306985719194275,7.5090184774055695,8.41450567766816,9.440300335936909,11.19992833758476,10.232558589637058,9.010614483847675,11.123312067717665,8.869345543096474,9.010566812600443,9.116994118044147,10.865192917944755
11.506797340441112,8.378642243608578,8.102030566631345,8.566442505133352,10.596772100288279,9.620007539122499,9.437849713478165,10.784011185492647,8.833084140712257,9.073193457120068,9.424594317836384,11.443914191375962
11.04234420685887,8.439189595211344,7.934035078671442,8.19006669027986,10.97369703376644,10.068811595706594,11.39551958997313,11.929298096394387,9.65233421570075,8.556871665803161,9.41591082902689,12.061845064572601
11.707052504588887,8.329675350521878,9.80952987087952,10.801425767651684,12.230635998239714,11.875429243511967,11.904407101170982,12.312439701914728,9.397423328087214,8.409606053851014,10.762496134567165,11.618678154326117
12.785151860510076,9.611473200169913,8.270871004890033,8.2884502975622,11.2378251177067,11.091821001964215,12.31854998582022,12.890926139849446,9.925653191708403,7.94450404534395,9.303557346387647,12.431102389692205
12.009027132454358,9.104544160308238,7.978632252558578,8.512207850279346,9.822547531089715,9.359397150919007,9.465671961375419,10.660692804346926,8.545381154203998,9.394268487740426,9.616264897798695,11.81020040773701
10.20752656496376,8.403767352211869,8.149274149674818,9.044138790668908,11.079119547359241,10.239645298468416,11.02278438384115,11.345659087469846,9.578186775199866,8.543095197013502,9.229941100845682,12.814920197623985
11.188645946094365,8.913280124436023,8.775463211251417,10.121140588980104,10.553188984524091,11.588386973120357,10.927795230834516,12.842103098890266,9.610095741615751,9.612227444544292,10.17823248398564,11.965745943662998
11.066150362558128,8.451395895150132,8.433112006270509,8.862703413426928,10.056429261844798,10.067391571767173,10.282044281001374,12.783024277119893,8.952081808902436,9.857663324536949,10.324174062364488,11.513469439280387
11.282246325212075,7.904403502806625,8.035045975229552,8.533211567719585,9.398233884526295,8.73249219009413,9.190806430734947,9.899891371183696,8.198363342524774,10.240708019427817,10.805486192276202,10.548993273184225
11.657327844736884,8.912409420850867,9.91672436488369,10.229251741839187,11.737492423034864,11.801332026500546,10.992521578248851,11.460583499356803,9.224215710508975,8.102679885585454,11.30696474430991,10.499791261708076
12.49968567356561,8.622854148510338,10.336371067334328,9.108032224845733,11.342457518205691,9.922404899208255,11.204234636109312,10.11055460479426,9.333070185075405,8.508192784185162,11.407068380338323,11.20604534212593
10.030378655765146,7.968835335705108,8.349714472897055,8.561346477935226,10.969405204071307,9.5534128823288,9.863961186735718,10.541237066837354,9.199002469886551,8.373301612044317,9.71305219796489,10.795992284722116
11.448817570683367,9.062045640316136,8.425369183246948,9.067676655558298,10.157730824860026,10.031233456669149,10.353902480812515,11.168539467579905,9.088245159963494,9.263667110956598,9.762728487119139,10.733189751059818
9.733322261174619,7.2708143452116385,8.659586144757675,9.153190086610136,11.139813538141746,10.116720630333141,9.629620439917455,10.85871640200764,8.806804598990357,8.707766505776574,9.542810735466638,9.493403576667944
10.705672020619897,7.983238907590763,8.077719408036762,8.670480760915797,10.647758509372409,9.85071629801037,9.945655075766481,10.252715639747919,9.24552281223385,8.568670601676187,9.61249634941293,11.416127391546874
9.649572489578405,7.499565348948745,8.011053404416167,8.758668727779359,10.563638161534858,9.997638475783463,9.370701357843565,10.426676722482915,8.784958662556551,8.508960916614889,9.424982368830216,9.856929613989227
11.307362035142111,9.052110502306803,7.6433267819595265,9.792830588179768,10.48029776384799,10.5466490045954,10.363127383345722,11.611349902353505,8.821492557296883,8.957943911995837,9.27371732270495,10.738253668768042
9.89828639393998,7.679647033444753,7.689524885722062,8.33484284160266,10.604521683786977,9.96104233045841,11.01612190474992,12.05023774567771,9.314177101039649,8.262406755941056,9.095412380967792,10.510282443087496
9.956325679292535,7.912176295541009,8.026117396419336,8.766367239301713,10.689141363443133,10.084481208449196,10.569921182292966,11.952947632132355,9.384437212907983,8.703471652853992,9.4035755638481,10.57275887689837
9.020493672301088,6.906305448383525,7.730766636201183,8.78592945260277,11.033050800599021,10.059503643321499,8.555335965118713,10.260943089623119,8.565015550854904,8.327754797592043,9.067812592933441,9.835135852109914
8.20841620864826,6.167156904098219,7.868023349372568,9.170256885268051,11.696329521903149,10.08933197321214,8.157257342306009,10.730591365668625,8.555534343300158,8.643765555439876,8.930401807429497,10.1017258799737
12.885157034710454,9.965782654782705,9.32488557083519,8.456199376290789,10.862337889530858,11.36451250902507,12.805094277832842,13.160232323697173,10.174700026024844,8.314890667098062,10.039301348781171,11.957474492660143
12.419903462166959,10.111865291039178,9.367785871050073,9.284029019754364,10.550109169222608,11.571025580347587,12.703606219606614,13.580382665739679,10.086562154235065,8.419535288530561,10.292897682566423,11.217241714904942
10.250463709484166,7.798335466496263,7.938367376048526,7.941657412051936,10.035850089133577,10.210228607590306,11.514249573326044,12.608675386369526,9.471097688047337,8.778887045839642,9.52396335943004,10.801608915508952
11.19228513424497,8.5961856556157,7.829612854745255,7.5641628379237,9.740029584190175,9.963384544546058,11.623714277440346,11.824624480183624,9.572132638666297,8.313908756875414,9.451209410322495,10.62181421429883
8.37918743795902,6.204797493538007,7.824415205170529,9.05501645834564,11.441222944946858,9.874702374102926,8.00212720888347,10.3487827510414,8.553976826943966,8.912220888928575,9.28647441707443,9.938622182441692
10.72431881908288,7.652739599110796,8.69900850697831,9.155567555323854,11.324314184219961,10.947801376034699,9.538079177541276,11.856267564493107,9.127209983532152,8.958779012339066,9.142181546944265,11.040967018879616
11.700297213036647,9.732971023453697,8.949906232867425,9.439895096749016,10.869004007261323,11.738888014693806,11.695363872363075,13.232450386218062,9.714337682232742,9.502238807576095,10.951890338477023,12.066434578774839
11.941892930923293,11.013177964555124,9.9893773681047,10.341687128711953,11.346464365959134,12.216967022455712,13.856412602759494,13.507765959230946,10.322467005342194,10.51215962068507,12.198754564280405,13.809367652440105
11.714634659200469,10.82253189360654,9.887821920865454,9.87275406327401,11.686598510932011,11.760331486446786,12.999742269357743,14.370432796852372,10.377891840373046,8.543748602012023,10.526737594340155,12.004271919943436
11.65247523278378,9.892439452305485,10.452894897505276,9.91256372899788,12.599448888665707,12.080524901077242,11.216537309021396,13.890149369848075,10.824604499684584,9.844183174199298,12.896321762922575,12.534476456728077
12.463187964272942,11.179338384536972,10.070146955259244,9.65698663378181,12.693884585661534,12.047775392132392,13.07494570570566,14.402469524205104,10.239591452109316,8.678096199028097,11.918860319051209,13.396408959285658
14.066539540526183,11.079891364017556,9.818455409554742,7.097702068386501,11.517896469303802,11.21756177914301,14.801307150852368,13.461493755093457,10.949256003103992,8.276154852386945,10.23435244787609,17.40681557473131
12.298103657681835,10.378147073788533,8.546973811164742,8.970075993611783,10.466014412482167,9.741328156033838,11.430722515946995,11.552776168048764,9.239275169903808,9.493754809320293,11.791257721885653,12.325201029818949
11.369194814734184,9.095150865735691,9.16043826779617,10.04011636615407,11.228726655877415,11.813957120416841,11.158848841149611,14.026898279055926,9.311953067424254,8.859187674692622,11.077607329818909,12.336986783709573
12.527477806498908,10.139007072383018,9.196887508169107,9.978720166409742,11.424067723094502,12.024478939671143,12.10645303554862,14.55913591891357,10.143762631204922,9.091413851539668,10.231488599020206,13.02854188163065
11.27415723248955,8.161668756569927,8.445965166449183,9.318507137002797,10.967272204819364,10.028654753198593,10.368329759425473,10.691474248723976,8.75336825243682,8.852464035337766,10.918723333331911,10.81020160608984
11.283900690580593,8.931647787156395,8.7540673745469,10.21601598329536,10.662436761770248,11.447900526479394,11.013915043847353,11.833983694944356,9.4130886803119,9.289997955468442,10.929499728852218,11.51581312773997
12.45984188612547,10.430079715680627,10.254489689315871,10.786327054344637,12.84490083314232,13.474221856269418,13.551309574274347,15.036022111902772,9.869314598151465,9.197100282878042,10.870267874440355,13.775543534507523
13.89899602982793,10.64526641105937,9.591184695847247,7.747733743559183,10.504781349161572,11.711279668289022,13.786033670007779,13.82369194105462,10.83725834439457,8.670801928837728,10.783778701763476,15.164383264590144
12.751442328686489,9.847800135147974,8.387361422785027,7.897476231021687,10.44896876377936,9.465187107603109,11.840122799343568,10.941440873814416,10.081833028867976,8.82402234766081,10.34981107900091,14.15126730527335
10.42477719186162,8.293759209634064,8.604317920048071,10.039993893259902,10.440499053440641,10.740830787807532,10.306269021585889,12.830193527172353,9.1272177667737,10.86852040232732,10.955195275140797,11.265621697007786
12.540555028348871,9.510302653270857,8.55887044981793,8.453896083736499,10.393270504805065,9.60092248817327,11.172331831842262,10.820577001948852,9.78021212395657,8.802048493245648,10.522792918180183,12.207319721563742
12.361213113529947,9.430197492642908,8.58462618580633,9.24636382485224,10.69388664441756,11.436632449145282,11.215720616756471,14.640185696577804,9.732334664041234,9.44297431737338,10.277543966711177,14.709270543571344
11.504365546580624,10.824902403786831,9.262743289993146,9.308190009011065,12.009239901648863,11.664796005423241,13.24096605578534,13.286788886677039,10.086818651671773,10.656127166174258,13.424103332140245,13.608347391089659
13.637534614694216,10.415043461660963,9.856110458029821,8.447942197870201,11.440647498764823,11.526946293162274,13.413214613875377,13.563761827499764,10.28932453582689,9.200254005774928,10.161117437179964,17.054551510017777
11.445774591698624,11.09074440576961,10.200691313953314,10.850416091325135,11.980428676896368,12.33729867428623,13.85007121491405,13.015681540924929,10.364930301151913,9.807038395158918,12.074570130028492,11.938600331641457
11.485998621561532,10.990609596661393,10.107004466127277,11.815791359005622,11.595580785507277,12.988728946347548,13.412444819509073,14.658732670016006,10.253505334787224,9.26956445728334,11.3998867292595,12.46302108516636
12.366534890322608,10.617814370216,9.343785590310864,10.03708406651416,10.930433935458774,12.03086832284984,12.964262768190906,13.30596370494515,10.582568268329775,8.745402635618424,10.561551324966175,13.378202693118375
11.136206041074058,9.552422096104388,9.430970127026297,11.245633969010619,10.882555084112983,12.198419809088865,11.74323937593768,12.773489333378398,9.96365170254028,9.194623300197176,11.104504921185006,11.51628504693627
12.513818832412348,9.573085259565328,10.770919800723439,10.355820712192399,11.602269644226565,10.816804520072573,12.546226670825593,11.525125568162478,9.482020217628564,8.301774364572227,11.42433582346617,11.474081251450082
11.302318622497786,8.972678958422097,8.38859894536145,9.362832350858586,10.709423128258141,10.299254647565677,10.75629958227881,12.585649235895186,9.106091985482998,9.629555040319147,11.20070619169888,13.720249967881204
10.81202684447731,8.417702503652425,8.912145196393592,9.382175297636403,10.521065012680952,10.449956797331183,9.819250688152454,11.618708890059546,8.872381871808148,10.1897073302918,11.823517561237049,12.0198093560906
11.148673069597523,9.38382412188111,8.86731867754247,10.5471365313871,10.775899257237837,11.823325980735678,11.18161530185784,12.500590319360356,9.57424505896336,9.563242085743514,10.938479511660912,11.08618016718616
9.510370768344401,7.968390321553582,8.531075994467813,9.317764698886936,11.331297055680874,10.22675723472894,10.351671109416168,11.418370897630062,9.429173570790272,8.85755219369,9.913725610786964,11.06860376986876
10.649504302755004,8.613111098464632,8.541283372774659,8.849297321700053,10.783478439819675,9.908261726474649,10.833158883294583,10.568751164930696,9.333592132535225,9.122315107210836,10.589721255504799,10.791740767044507
10.886496480990193,9.94915521161279,8.77050500589061,8.863863980101387,11.205959130362102,10.259203416522125,12.323106103757548,12.413189936766608,10.19198670393678,8.772559129137086,10.221801579107627,13.167687653187205
11.323325720918293,7.7177831922552045,9.783059687956154,10.564490138436604,12.19361774862895,11.491273462489678,10.358922954828115,11.490919206089037,8.918709969389083,7.7227977820667535,10.378305300803957,9.830357705928249
11.554618629916785,9.010465501653824,8.891887850505128,9.588363142222946,10.829849767658072,11.807257208396795,11.32205279502565,13.421469275451035,9.53280448802397,9.534805338512973,11.821844077209274,12.944270414171347
10.834684706579559,8.072397073989746,8.61945226900603,9.96647633093276,11.33598853272456,10.523122446841775,9.38152653215415,11.992943519136851,9.193657987740714,9.424892148461451,9.688996443311582,10.328838359816498
12.278009875261654,10.50885794791184,11.261941067495737,11.336686252320016,13.013892305827214,12.708256455152661,12.935515591525812,12.780511104639306,10.172263314022855,9.146865313889535,11.646929474322947,11.433300061407051
10.609388207942947,9.28698644250179,9.495314248620062,9.20597502360367,11.649932167281188,10.51178404691899,13.503363337490454,13.985834000288532,10.482076494851519,8.930210553545175,10.699236661649174,13.815474668214367
11.72044270763749,10.431586650322501,9.352988396881148,10.203385695107132,10.78354305955282,12.923452798362657,13.272402658488966,14.967986693746186,9.346365140199907,12.178230736842062,12.511541240524423,13.39693793996152
13.795969513008586,10.790309460208187,9.444087152235054,7.310985924606789,11.333296633090614,10.81988877514519,14.15526335326788,13.905626353915064,10.719571606709508,8.718376486908042,11.009724795019403,15.168630889849325
11.544265777305444,9.209483060806365,8.753388439454376,9.62083483617365,10.930869907583226,11.404384666422605,10.956442717007933,14.215605460636846,8.982183088998347,10.398125747681686,11.162002057305166,11.992546978898286
12.026218203016775,10.325370267599748,9.268159311221108,9.623912774306735,11.349911776280372,11.324219927806292,12.439872010236188,13.269205980236043,10.225239955718552,8.888077423338936,10.446338625295303,12.9741770026769
8.992731605860085,7.928863112008067,7.920128514620909,9.256355036501178,11.989591073960764,10.327487433342077,10.814785765131194,12.444839925642848,9.308408538144725,8.36174773787532,8.944394745581139,11.315016641292784
8.475128766652016,7.2146506528565455,7.692488975435451,9.659792350906732,12.347073423730793,10.350895931002974,9.660479330880976,11.455143651402608,9.095087703097722,8.587326627976445,8.946108010341785,10.668992524259814
9.513622940738031,8.142218646908487,7.762511417738124,8.730397372766937,11.673351991493119,10.27966930777963,11.583133658261033,12.475260295101464,9.545614134011275,8.237998551984989,9.219610531498027,11.232366982926921
9.488735809612823,7.802268226045239,7.751620327469231,8.937244468000001,11.496610639989632,10.089927155520625,9.560278556086068,11.021749370048276,8.978907769806534,8.746102549694399,9.121988494937586,10.401744937595561
10.88353962927243,8.326769844737134,7.852105488320531,8.267583122101492,11.053046325544335,10.112658406198683,11.650128986163175,12.203955237530579,9.479213303789885,8.39858423436787,9.379645698711219,10.967710226802456
11.432771473271632,8.102285978290302,7.982287741358837,9.248382159969532,9.60473255729346,9.79887840592019,9.356031586475211,10.27024782686514,8.433862196817742,9.98021489420612,10.412524525773964,10.968431107019033
11.190096639489717,9.064556990871,8.01428678957652,9.043662045722506,11.570692086903719,10.73197798961048,12.342633527589173,12.766911508899423,9.772177541223295,8.506795756555714,9.860490141990304,11.298270850293495
10.770841564318982,8.598770035548217,8.520602954870384,8.590309959429895,10.600230969790342,10.164642086210046,9.79257092646442,11.452994535919022,9.06852741031849,8.908800778912784,9.894368951740116,10.855600033876508
8.887447212045366,7.3048654037796465,7.7142657487092094,8.687227281095431,11.760443371564003,10.038612201399724,10.604961967469194,12.043013469501048,9.600091505650745,8.22205312687356,9.11723464605282,10.731252934303521
8.256264404272047,6.862022397247666,8.076838679871699,9.823337257392652,12.170182304494464,10.288446967274888,8.445247682316928,11.365888638104618,8.922986381017118,9.22801814485995,9.453101195060796,10.106520889476654
8.481937359471047,7.341038863033077,7.774628355444961,9.585632805360023,12.153880226554127,10.15159701191036,10.125997116953783,11.183003302704423,9.322134987494728,8.937293049737747,9.167614860190886,10.529174207573558
9.581593081362366,8.264994900645156,8.05765118056683,9.044760553226157,11.674274904820972,10.254117974370681,11.060789555848727,11.879650963725846,9.955553109362164,8.369932245367446,9.429950147168178,11.371211525687988
8.862050969536828,7.157976061956325,8.146067665236778,9.719812163224253,11.859604674124032,10.110043777641321,8.408265845356901,10.965152379612014,8.731486547476385,9.269455051324025,9.211327866668967,10.1307613526201
10.157185450315856,8.461135328600674,8.593243330636238,9.339905790564329,11.492831788566361,10.486753787251233,10.147320540313348,11.907230903595952,9.60499884445758,8.574774623237632,9.464089075061617,11.368135222136273
11.7293411581324,9.06417858437132,8.795145491719047,7.4734903312170085,11.279257010628317,10.373159076731671,13.519258732393942,13.213096535448262,10.063334945274898,7.9361410379233,9.30810762986989,15.304554777554289
9.858613160459186,7.689254211276513,8.126288269753589,9.207952813235789,10.284775573076434,10.011873874996521,8.934668611092171,10.637084902496706,8.430988340583196,9.88743407414635,9.655708680340506,10.408462587160924
8.148529485488332,6.527547844070211,8.128489119168488,10.200223944956935,12.366351836205544,10.190627866215227,8.158991792019586,11.486047168195974,8.905952080365642,9.331336703638591,8.893517797520063,9.9384446012042
9.39837583551163,7.5964026533356055,8.116720006733756,9.95708712571665,11.444294282720321,10.059645243093428,8.896109083579503,11.077220590396466,8.79548523478541,9.496004289135893,9.365161072813747,10.835844369220927
10.51047094725057,9.2680883425708,8.173320708116671,8.368643634064242,11.061603243455119,10.422738388876171,13.182725972702032,13.497508777928767,10.512452969683187,8.085932536843494,9.322027457569844,14.98830048773099
10.081682647426133,8.237232641014703,7.932932201860534,8.733276519422178,11.294976304424193,10.083534578375792,10.598463786204844,11.47211181116743,9.598008197384113,8.551061865411532,9.140537206089109,11.028068834290018
9.286226116321206,7.548792593519933,8.045640833152511,9.064645921468887,11.009461837100407,10.05298259849434,8.95075326004613,10.958596472105379,8.764907062210131,9.548937768365839,9.236097695043977,10.27092684895444
8.958490422031625,6.779425261203037,8.537176602075677,9.921425490463413,11.904907359863858,10.293727008930668,8.928833946876335,10.805880903414106,8.720527394363499,9.239454164445952,9.284582597688772,9.94008246599276
8.58847263496297,6.320019947476185,8.196584797714713,9.975362665058757,12.418142690795246,10.120766901763577,8.486605493242894,11.247217234917128,8.842544392952043,8.7382065488139,8.980812873482295,9.584910485164665
9.65190196680151,7.114113011580034,8.274017544108835,9.317605753301441,10.9377536511192,10.07359734422394,9.392501865668407,10.667784776158443,8.566146878100202,9.200687094882163,9.75929371134983,9.988602639082355
10.13543849680378,7.515528113269367,8.442294921991216,9.641437618561879,11.023132354271684,10.592716788693112,9.235625144212758,11.57095854037937,8.940305748120348,9.32859784288763,9.35891792460849,10.774778833345332
9.548171487353331,6.821415089215388,8.050660170655556,9.342909795267666,11.982822567915207,9.856189925970389,8.99838251602543,10.595355867878975,8.756176700616932,9.15307325003631,9.185708012456704,9.842031456289497
10.440816341923266,8.83676351800411,8.046989072402441,9.13864766692414,10.7298966410714,10.011040478440295,9.687132105184812,11.48521979555976,8.848328893072003,9.142112665321,9.274138256456908,11.656171086455004
9.363952887323105,7.2553221874781535,8.764774456302467,9.848551736368584,11.957318526650123,10.66960903817723,9.680995969111457,11.905923023533408,9.172189069623975,8.890172927757211,9.089402031550124,10.182482479313688
11.180108194020997,9.530761665640597,8.282027765898322,8.510280121025971,10.860833501879574,10.2848148568706,13.314538681188862,13.562988039768836,10.275830493255215,8.322444042643653,9.428881473086433,14.432175370963014
9.87267782051708,8.4752552469038,8.612245269035158,9.663219411649045,10.70278378309505,11.198159643416927,10.292612845902221,11.180504606004467,9.07691496747593,9.72334204606116,9.847496082106575,10.706451551522518
11.237233244533497,9.51596846312571,8.546037211242272,8.621474380663322,10.855286268799665,10.088120200846094,11.619390545533651,12.716257061125345,9.976606548616052,8.435811247506296,9.432375342729824,13.497163752594345
10.58404863507687,8.139061594207543,8.430268927142665,9.563287018533028,11.051975066494906,10.496657328318154,9.538630525723363,11.302570888691573,8.519848585744546,9.515077669578323,10.885925838615586,10.826290396835129
9.417239758602204,7.920227406147448,7.784492544491697,9.127199931356435,11.281897835426701,10.194594900393488,10.075076446510558,11.62238443861045,9.301974085543955,8.442266562577805,9.055820542869082,10.425203120472146
9.586575385731031,7.784185665928215,8.42710865057431,9.345824331845607,11.142426717944575,10.182506009371359,9.243848494676422,11.31067533510587,9.203849377122554,9.126231064202994,9.20041025717896,11.179510277939714
10.33246172739148,8.249994615253984,8.778172472770478,9.51159292456976,11.440938348781211,10.657733315058238,9.340821027388529,11.25317788619769,8.652446862471747,8.297741704987047,10.098181441461223,10.53949777211399
13.289571567473088,9.558040778057908,8.114514845331751,7.404575126219721,10.486115779937272,9.92303952207712,12.138154794850239,12.674093454859005,9.785051156203659,8.281006031148058,9.441356317350172,13.81745585993312
12.43076858762455,9.697814458926425,8.324702714037109,6.907948561548942,10.987897978906968,10.051187672388206,13.688485248392023,13.29640490537645,10.200875236864265,7.744658400710767,9.288780084339027,15.72694745152693
9.199887179105918,6.878147003823546,8.122055725038912,9.407648512718973,10.863019874322152,10.082706581412781,8.650913969314475,10.840524393922665,8.578093204227311,9.506342688847852,9.269216953838509,10.113840779371118
11.3293671172001,7.269810368636095,8.30219891583303,10.088826397201391,12.217675985744178,10.737180449423429,9.103880651223553,11.886555557823034,9.3678098739236,8.303895562169053,9.942647345878704,10.606520686913862
8.87809832621341,7.432020983984997,8.030571823578388,10.26652248779855,12.006832495709276,10.262495045407263,9.55823069351821,11.260409967207883,9.247736042895307,9.04164777726377,8.98504622779405,10.377409371473858
9.089147317649024,7.294709004472038,8.216242297185103,10.218513854268462,11.922126670894366,10.181865858162189,8.486877391716883,11.436306589705461,8.615890675836077,9.47364385636804,9.00466371628195,10.676627453227326
11.277337335926479,8.249382390281896,8.261537566402843,9.469497364530085,9.728480666336093,9.307760426047215,9.304198799088716,10.561830513677942,8.421266284114562,10.686888003111818,11.521158651434163,10.934806137323868
10.048630772822671,7.84643372832941,8.57638342959508,9.7110541640686,11.010102341404616,10.628790182262414,10.305457132631267,10.888563155494172,8.850758067687929,9.600995792140735,10.555255184053381,10.90582002253963
11.571114153724855,8.618552328526834,8.532623086330458,10.012917366379892,11.072096594681643,10.544360467525523,10.006772959430215,13.047694995107761,9.375591301194584,9.732600377204163,10.92975001140892,12.559667327873685
14.106560526723039,10.47919833938546,8.67431767218,7.336015945208163,10.724518545127605,10.04230059727003,12.997873411572305,12.544559456585436,10.270957106816915,8.349278165560536,9.985178848649028,15.001485984522658
12.25658498740885,10.259684517232209,8.719289858585874,8.039737073965734,10.937351715337378,10.10190079799856,14.619518800716733,13.500634134381439,10.45354403426614,8.345279035618601,10.429660139609032,15.318842419815644
11.669401543893363,11.016532654532762,10.718150041095372,10.644957076819699,12.287979181839784,12.670442802606612,15.034331757469163,15.422791644014824,9.888149623681182,11.521235383283937,12.006731529414747,13.17694163105
11.202078346818334,9.767113990877398,8.49078683906622,8.82826657805676,10.70255890400741,10.06322212977753,11.151660857810647,11.805308439346728,9.984086452068082,9.28537202688982,10.625723634456216,12.652275477096493
10.405228803256643,7.6737940117004975,8.40492705795664,9.360396370945777,10.896666680586353,9.808564567908448,9.247069133280473,10.06312096377071,8.506780087793159,9.525299613995614,10.840863449750996,10.486875075729177
11.203780027792492,9.623582831191767,8.88597213259262,8.935694509708965,10.921785251596086,10.846173192158233,13.057718336480816,13.531422386772663,10.114497606061176,9.286758957349646,10.835018723307504,12.5303218147088
11.520773035102954,9.28815246865183,8.832639137661843,9.600378138614706,10.91251547918929,10.664172435621076,11.583995789807686,14.354084465589095,9.531196389445638,10.99177998115696,11.113003267282222,11.897494943790779
12.12054173812538,10.384952794866335,8.784756208807075,9.172071267028356,11.147908200979389,10.8302762516731,12.298454689066114,14.734633441954035,10.27019957050294,9.126596090677463,10.840813646676912,13.566251474536779
13.85485597661469,10.855899937543265,9.134214496795927,7.038991334742914,10.95648127643543,10.768093771459645,14.497439482047351,13.78049943039622,10.795142099709107,7.8660046278262765,9.943630320284202,16.821583265751936
11.695388756146032,9.267140480950067,8.828082911334398,9.312105804110637,10.075129336078891,12.31813178292996,11.190425130852429,14.44643070096941,9.35933958966461,9.995714803357108,11.482595127065984,12.818345470188078
13.483044851633474,9.974323034030208,8.53062569807322,7.326235208292073,10.501407823805229,9.988332638083985,13.43435926207636,13.022296507883379,10.351137940314446,8.246359888811579,10.391901191254476,14.55003372740384
11.077124912669017,8.499603798396855,8.459171499645668,9.162855354948812,9.958943480257442,9.677537954820378,10.113285825086145,11.95403343298667,8.979326955769512,10.466661547554022,11.085231534765631,11.721608230705447
12.095921038004422,8.351767335443215,8.403945445996001,8.819125927049624,9.627949335591168,9.647436403614078,9.287119304405085,10.20129178079578,8.516247958393876,9.571998335992719,11.971824257596909,11.677296971717903
11.300817175461386,7.985279531889237,8.147584358610258,9.954953629174103,10.855793319491314,10.004273142818521,9.488075779999384,11.620500753008523,8.691643202874356,9.996033585715601,10.509484494622654,11.844528956646146
11.403244770979411,9.432363031638436,8.601868624817747,10.14418891487145,11.201790354276167,10.989712760386878,11.993425407359938,14.187712121516327,9.647994958004476,9.993594626285274,11.790319492974833,14.016058392960849
12.148480118862416,9.508907456801898,8.347040407238522,8.8810887546276,9.771317367515701,9.728552966107813,10.700869635538943,11.545905283404496,8.97475422858455,10.159484267182581,11.631174220965677,12.12947942977696
13.52531498954027,10.306042112191452,8.66974420018243,7.6419701098599235,10.841723988807422,9.878377607960404,12.56788945021789,12.69719214060383,10.409360693059822,8.32769107768524,10.516652761432589,13.686366644758245
11.295798430500394,7.642601298910117,8.502892323266737,9.680277600212799,11.624450707222111,10.181740932431236,10.571045069046866,11.329526158547555,8.74245133746851,9.588723700605824,10.607599003533734,11.77214148470173
13.973668988511411,10.189112656911552,8.716092004794186,7.121045477504634,11.122947325653127,9.936894878364583,15.035676980476707,13.898180059316676,10.66247869894918,7.918657016826685,9.793512958661784,15.921343994276373
12.29945239155231,9.795111714606742,8.608462164025127,9.011545890385317,10.379393154270877,10.022723162155128,10.989013308866225,11.39465230567163,9.858794942085852,9.125596523098771,10.714255832315096,11.87276369073357
10.444527141405851,7.985794646582417,8.693205510984491,8.958147835534596,10.911696365061683,9.791076646678922,9.569857026832643,10.284983993039864,8.697756974462113,9.50483897876554,10.715465838311351,10.517763195254934
12.133355864568667,10.939025296262418,12.085096225219308,11.713859224282611,13.03955697020843,13.569563127403438,13.45770922048185,14.937283365824664,10.470042755285835,9.512048217031928,13.018447414703973,12.493253502911939
10.81307870076776,9.975713544579706,8.90720496111498,9.54995698872184,10.80900988846325,10.817637489039184,11.748512177686898,12.00022916010485,10.065564834204539,9.060857454620727,10.285315637437396,12.243034743522896
12.237842196214263,8.96487496472376,10.011441454723373,9.084433629560296,10.635125399600216,10.174471056034749,11.451717776168486,11.672518644545352,9.965694380836789,9.25943231546358,12.678576623561636,12.967517172356942
12.353773657984531,9.13444792577203,9.997697392523765,8.656538862790724,11.653409211792082,11.060801510871276,12.8197530442488,13.449120655618504,9.713838911990443,8.170543447111967,10.32648612316541,14.10242080277917
11.962225439181369,8.310502888423871,10.60501685800215,10.363645944860549,12.688109281658335,11.785840572848658,13.255331839009889,13.654497689007,9.641417790436662,8.921518797585549,11.135458204154274,12.709368187180022
10.557045395321369,9.801081045983928,8.977617484830013,9.595946711733358,10.955935146045004,11.399977450653157,12.316098545671858,12.191969183084606,10.370733499081403,8.746258863245787,10.15732299700541,12.836175910260382
12.226627715931802,11.327783246571228,9.85117295834781,9.960954280717015,11.581174491811929,13.036330127010721,14.419429670898966,15.29433757752338,10.269086238872232,9.006319621496916,11.849483158198645,14.325513281054345
10.917825194643214,9.029328986079031,8.551544348835495,8.376670394717328,10.823381075452133,10.341542005221465,13.330030113061024,13.322395977080667,10.45125938151156,8.016755523367662,10.163066912697738,15.165705750532927
11.402890433517195,8.394912019908118,9.236724769213609,9.54095074903507,12.048494732236334,10.950549697534916,13.160716112405469,13.691125539922645,9.381495717000888,8.388800025233897,10.638487120980173,13.616211401979987
11.924030291617715,9.783759472494364,8.602550989740433,9.110566924090499,10.630873370099428,10.717103356566495,12.100685116414606,12.864202306883513,10.028960590230328,9.077069199473717,10.811196140087352,11.547960777769545
11.683760659727453,9.282232179556612,8.673387749307073,8.71590907426986,10.511495461552474,9.723473008676622,11.660347913173604,10.824660769401449,9.685922676399523,8.771104610651179,10.10336097957796,11.836700909393032
12.266573316444738,10.89779246631821,10.735523983787077,9.944300862638404,10.897083836808099,12.83792759531156,12.224518106496655,14.467868531930757,10.30811964990547,8.818856951254075,11.35099065986594,12.94915040398242
12.567378224732334,10.743242192366411,10.47736621482282,10.627022996872736,12.725576289264508,12.408104492848324,13.19360695744853,13.138599859361333,10.707971377080872,8.93138707047961,11.357685947920537,13.554208237928867
10.197597097908437,8.002491308171027,8.229408283337326,9.45017390973839,11.443107094486319,10.206522287703677,9.724289208080677,11.002237434648361,9.264284979100598,9.037832740340553,9.413097159671308,10.529385206644834
10.74621506549749,8.27932431542069,8.012908989999879,8.198817292028473,11.138435675084985,10.509582931666289,13.097873603631813,12.887199443771324,10.038793594857559,7.95332965265754,9.281701027834991,12.605850785295203
9.904372662624104,6.2527559789181915,8.80340698325709,9.077524129956712,10.733586998728796,10.296823463495857,9.497277600446063,9.986500758670227,8.58796222444471,8.57057632714617,9.810646647592062,9.394109112223692
9.989622111766971,7.507052149680892,7.645270991251634,9.022025376118135,10.780263685194734,9.970491919356807,9.966496187868671,10.46465686051527,8.927974253125187,8.491887537033755,9.234914134746537,10.183869166835345
10.834044150712229,7.7811117167014485,8.774026353010182,9.039010138923139,10.597306490300195,10.265778899292275,10.385774458347054,10.952711570338241,9.021215368407832,8.464658482044225,9.745252271101874,10.542359042564671
9.890079164747094,7.242154061206117,8.374460181272909,9.03484261291213,10.951865910631023,10.119807702469592,10.67072676048428,10.604934818355215,9.473128529440181,8.388885266170169,9.601798543080145,11.893571966689318
10.03785896767144,7.683453628875368,7.711314125865451,8.950095974917028,10.424361172328828,9.838625632520632,11.169355656468971,11.926675194999994,9.256195922398337,8.677633063986592,9.371871084125626,10.736027709668553
9.348013130779808,6.724871124485592,7.829225536230914,9.400832270744717,11.578445156272691,9.909443692731223,9.126491559490473,10.226615710553054,8.647945430278867,8.600140831975569,9.178223000073677,9.923886540339383
10.051580498322885,7.384754916696763,7.8504365644679845,8.956280703203328,10.632652330494027,9.823002065696336,9.815569823068351,9.914208908732187,8.910298370494495,8.463603754423481,9.403215939155269,9.748127289616958
10.522115349507942,8.019825126473156,7.830633582065837,7.711757356709371,10.458487311368657,10.061559912212608,12.147214607081793,12.43561581712093,9.656634749043347,8.21765387932931,9.350493493366107,11.897444232139186
8.510416212461893,6.314086258731852,7.95898162303999,8.70972163086395,11.405901604747426,9.537811259304519,9.531479635341336,9.909722951505879,9.126935461351852,8.33116618763235,8.890017076990606,9.50173651694282
11.61502601172292,9.814559738595346,9.38762298061133,10.567740836132783,11.819504952956727,13.609737225663599,12.7253235940987,12.744307419480727,9.347621863839576,8.54502598208052,11.04752899472299,11.974880790030776
8.655085977966515,7.807965224305164,8.090458553101616,9.634521457136287,11.523304127946046,10.252941845489234,9.078891351622737,11.886965969716488,8.7206063156624,9.052124761709454,8.913607840818909,10.12398304319436
12.659207525515239,10.31380549458052,9.107780777957835,9.23727009706924,11.175603319110996,11.719101572599795,12.677320371777613,13.138168093895292,10.128615883043375,8.32024920009588,10.915793720577161,11.553126028542481
10.16400850906322,7.2725015873111545,8.7358306995416,9.468486279603118,10.875788691818892,10.589717477314807,11.317311532126817,10.631894249049257,8.568163995290037,9.440318526604194,9.948671836470272,10.506165124231346
10.868633507621432,9.010067120055071,8.652748383900182,9.063860024996272,10.159418092228307,11.521317331790629,10.979815364413748,12.998920447824682,9.303817038033422,10.791477242816375,10.838278198389798,11.916628305112367
10.073063036322056,8.050434631302517,8.722403026426319,9.12619276814643,10.56318235803878,10.754017551535428,10.136764929842913,11.816561068592616,9.327792549753678,8.689435874575945,9.822642457049984,11.208566702472927
11.718324796059603,8.395379995220006,10.502972972167772,10.462414961176256,12.274769167971577,11.796301699550646,11.610292780912847,12.153234072432884,10.409952276590772,8.437903723298113,11.228868189645468,11.027766915709512
11.95403470276737,10.339801660788048,10.51382834188332,10.155975532054516,12.687441358051025,12.34050327491237,12.859962955992783,13.19433384307309,9.742311212864038,9.635337649740823,11.680339814538783,13.253933138239624
10.846780041534313,7.880458645552142,8.551942444234061,9.981665533747234,11.062670527438746,10.165629659087836,9.58845754087477,12.869364993678706,8.9165516197352,10.337735055180298,10.58805349665156,11.778124274574786
12.385285298711386,11.324963158115775,10.924094846315116,9.70986975333102,12.227041047987342,13.200201141654212,15.026521634094701,15.97298165974059,10.679581134733457,9.003082746912291,11.884065717865447,15.396963878778024
12.074932946960185,10.04855588991872,10.871868172188334,9.848709364145828,11.276157763994307,12.63537482872585,12.265018467828039,14.404592892087297,10.050967005814352,8.908201550902382,11.519946841899577,12.360036685651892
11.62990474385073,9.133971943008326,8.453045590710785,9.192272492472176,10.917496367899332,10.342028990182897,12.231715200343409,10.507138920285591,8.95243619818565,9.688486003582234,10.578982443091627,11.729969069407204
10.028574384679082,8.104208150605665,8.470673291772952,8.78437940562039,11.061250449103198,10.108606782257617,11.986511892719275,12.79228374157395,10.03916574949819,8.251832390537507,9.710205857128415,12.77391681019154
11.6691620406491,8.521747517532937,8.283983546195266,8.919215932068802,9.92502892825819,9.567428627988669,9.349760317033095,10.1396512780987,8.602286559737816,9.89000389812891,11.22042780302573,10.929257040221305
13.804258912487791,10.544588208228728,10.937151630784006,8.95862709798951,11.48984567893542,12.236649281465928,13.366843988764412,14.290335167048422,12.045388835989154,9.308817754545183,13.947126546224421,14.015551463338195
11.778627923185946,8.833289689414512,8.24374529652388,8.732623430139531,10.356558449274575,9.659442462472708,9.754965222847378,10.780965479713812,9.271180494942834,8.930928702703898,9.627947628270775,11.518771030590733
11.632860217881548,9.386106387893687,8.61448945017218,8.378933151767415,10.681012467230492,10.476381732103961,13.753263531685974,13.945300144325572,10.225638304275577,8.09953952999403,9.719240616842274,14.124413060337439
8.635453001417405,6.022821873932315,8.187396898364932,9.498143369392247,10.78513440811649,9.952638298296192,8.623342878694947,10.601196221818146,8.467711041298996,9.104914120524057,9.448770061148998,9.780488553757955
11.145260216922187,8.164743582551235,8.898348531530841,9.495878157923313,12.162082948039806,10.426936085894845,10.206651484095769,11.133452595601172,8.931947289225985,8.321214397943782,9.316591525477833,11.29102571368079
10.601588116872511,8.574599302866178,7.826622057136542,8.800627101713086,10.143991098212776,9.365776334809924,9.585843277148657,10.20545125426799,9.051940074883102,9.298699692755292,9.704743316923375,10.381442238418034
10.710408219977936,8.613056053022836,8.304435061962868,9.733694057789469,12.041694498803983,10.379001539208952,10.741525678850365,11.402416204000781,9.214449769666652,8.13270854271018,9.440445114605831,10.834488251372056
9.821246163141636,6.906016199266272,8.187361691158692,9.032317630073107,10.427992542824756,10.087460209687395,9.027158226103703,10.25780492115947,8.208748534114259,9.282402547496398,9.582477692915823,9.974091724387712
11.31718525821629,8.979081460551916,7.653115840295089,9.727041695810726,10.743676554139219,10.586146130716854,10.581591293659223,12.187539229575501,9.321648240182874,8.520472380400607,9.239107731476333,11.084462544611116
9.36689618769531,7.10480872621708,7.734519534459571,8.928592988791404,10.601796599308521,9.734247225536379,9.001548809667307,10.53289236421988,8.972749987156238,8.670184698063093,9.414886043707254,10.2203801106223
9.042935562203116,7.845573217806686,7.7527735839313285,8.983575298558678,12.018082718900496,10.214066299142779,11.704615968271328,12.568284608537146,9.795510835000195,8.322703408956226,9.115666466408504,12.12271239694694
10.373810974324726,8.04400860337219,7.84850638453483,8.572326796130184,10.266510426267379,10.10849861390423,10.576830486556355,12.206263845022981,9.527402126234856,8.6752309666603,9.54927748397525,10.323112843605077
9.345017025329328,6.676544747076103,7.758865616766692,8.957813991706516,10.817031799856283,9.590927982137122,8.629361504220391,9.903388773050917,8.451792493569046,8.56983408620626,9.247736320299152,9.891112175165471
9.0693111246821,7.227605443036767,7.762840861115054,8.809621688010054,11.496973902464681,10.027079261000521,9.77199515323038,11.295390015159699,9.123168365152075,8.515251098543262,9.049030628851376,10.323252940478437
10.936090450677375,7.67420552702906,7.920143322493948,8.250955718728482,10.21297018113358,10.083279210340569,8.978572841951964,10.503038299932662,8.70744682965845,8.281765711625093,9.112349737958152,10.182594833904222
9.843302432453,7.2328855833634025,7.96966235159015,8.286466763806482,10.877183019384745,9.671860267954594,9.61702877751634,10.102562695973555,8.868986056762337,8.718743462094563,9.319034652592045,9.551521512283397
10.435159647261555,7.779982689735023,8.104793671704003,9.624847516777608,10.981359781261043,10.02791962907257,9.411429761175471,10.654182604187481,8.79645834443857,10.42594398259235,10.778042558055688,11.187869846519005
10.520421885468958,8.01240573309599,8.634886637162642,9.865175574324073,11.67852791499106,10.53642691436499,9.298334507659511,11.798539040273242,9.220879347156579,9.235408855829759,9.749820495522519,10.261897800267242
10.987539969696963,8.1008489766503,8.622559670051634,9.575942941141301,11.21568468999515,10.371846268460448,9.451910383891072,11.433439194443213,9.094846517949096,9.364340524410535,9.868378059329755,10.464994488969454
11.644659162086578,8.575742977921252,8.55383112526748,9.16610957033798,10.34942423120437,9.950713990902535,9.65986260988763,11.975616389971478,8.771902622858747,10.691642575425805,11.269693042354966,10.914687692379397
9.814475002363505,7.385483556684285,7.8402749812891885,8.986018617505483,10.831267388272392,9.870913232934129,9.311668131205847,10.547710661418586,8.803030937913144,8.820886050421672,9.27545752969341,10.024617532014501
8.818419563376263,6.270543226363482,7.94918832018303,8.358898409349226,10.089649789133498,9.46837091633011,9.298895668228232,10.001769460221553,8.69494304667692,8.080320640448157,9.939854736373956,9.29551620815995
9.001452179909954,7.531400018938094,8.127381452414381,9.277104824932822,10.573631446729873,9.97456039758493,10.078663033750589,10.320265399640329,8.986089004006368,9.191445597092743,9.653906493323047,10.80754638251253
10.672681054524446,8.232956691180952,8.377839671564956,9.28944017660805,10.959224636596508,10.073289022752075,9.750618470233892,10.811820544261202,8.666942932830958,9.629686753508627,10.3738048877304,10.591095756283591
11.404268958171356,8.832728922569695,8.72099170177171,8.917199273719623,10.762941116862766,11.15865891658207,10.666804363283523,11.351044356509957,9.272018548131896,9.269570449654728,10.443003191159091,12.198296607349297
12.928384985234947,10.369655320688224,9.002855890737521,7.102918149295059,11.195535351797952,10.456426168380158,14.483661613177595,13.603224751417848,11.000104829237156,7.841300007446174,9.643921714630162,17.048157608016396
9.583914660145222,7.76776765747074,8.541186233085142,9.929980044818025,11.491891509526386,10.19895385567275,8.91859022867964,10.767579826985196,8.889395406670237,9.437386807115512,9.523006728073652,10.932830444751048
10.28105006975852,8.349077605273937,8.137295618380326,9.114082108268702,10.679787340387639,10.201064026752166,11.692305221321726,12.69035181840826,9.688318803577316,8.690593728385815,9.747310469152065,11.325150679679604
9.686546288366612,7.381211232979499,7.961795517326703,8.506501198507339,10.023615831850318,9.042131396227292,8.955463253618474,9.930339233984744,8.154925697246465,9.155476236583882,9.67403804435256,9.822972545216746
11.32630623553248,8.018517292782802,8.119888403807135,8.864433921192882,10.562190661452908,9.971225420957415,9.511513032069084,11.143906854156349,9.011208273719332,8.92072475449169,9.199663657234359,11.260117538826409
10.488440504074278,8.152802629091845,7.639453370104755,8.147482697658768,10.970405284811338,10.06006887656676,11.976798848675996,12.507311399805811,9.619610731730859,8.219856642304986,9.039208746534724,11.065720335077708
11.47894459770154,9.019802669757356,8.142708161734722,9.921627787545376,11.229998505938864,11.004853333601664,10.409318392502941,11.849711296088467,9.092097801981053,8.622714951457663,9.363038444732439,10.800636584071912
10.261089711886076,7.580967864559494,7.897892455788565,9.375583345751448,11.597206483816478,10.440501563475339,9.193243382581784,10.969832914475314,8.505769211369152,8.46368365637365,9.27958196207495,10.298796822922611
10.13438492896908,8.261820577211676,7.632843013969563,8.173607713818578,10.712509822574283,9.864477180255127,11.925291924527535,12.444147930592216,9.63017919829224,8.055398812333596,9.102918038845337,11.086609411093457
10.242295380437227,8.421754061839168,7.672711419146957,8.41506677485083,10.599715043430194,9.954866971215063,11.458224374389324,12.002968053347162,9.429074076310876,8.389466851527878,9.074915532876354,10.882449279199081
9.752516256105512,7.422684068437264,7.7447409692313025,9.051004248112433,11.450125192040616,9.964468600475211,9.142443187247817,11.178656309956311,8.72392731347809,8.478532965065503,9.280171873967886,10.295862924217287
10.564034557790453,8.730638095726565,8.555356320433486,9.229123651207338,10.652942973604999,10.35695425798708,10.588780655289748,11.368490161850275,9.298465463534237,9.536723664012023,9.56639493574124,10.71134269313693
11.160025369407936,9.635574690296181,8.594354664636446,9.119574692892165,10.577308328555771,10.94627265577115,13.177010407003475,13.990845617278064,9.970494962612076,8.439981138265063,9.774251117313879,12.134297594597438
12.145998070965826,9.260263367266946,7.917381886080022,7.956906061229174,10.744760209441216,10.886422040491622,13.054519834066577,13.646799413821583,10.129694628232976,8.120577838144872,9.375576724231006,13.364450377012565
8.866962759819097,7.181428891824612,8.219385700169765,9.37197579566939,10.951564448773551,10.185617557701043,9.215579521707715,10.988217356497618,8.969278497606725,8.921873779598725,9.232375230426415,10.599771127855066
9.713475347255537,6.789857695342822,8.21653725298143,9.157233416536696,10.877555228657124,10.073574913167437,9.138483787591055,9.839771584885167,8.624159382824724,8.748766581033346,9.510257328185729,10.240533429893112
9.700019587492735,7.491057812696589,8.22595067032742,8.432369363338584,10.790283718477415,10.204427595913563,10.415479286319307,10.434260511137191,9.490124777072776,8.194094895550966,9.54582896515559,12.367961942499287
9.583742855801889,6.837779452834088,8.165597495211712,9.06038736487157,10.954635848707978,10.412435935609343,9.020381204081804,10.412839692205484,8.706924503591459,8.978222231693852,9.287605354645029,9.802953544175555
9.870607320259223,6.741461802295341,7.862292721867512,8.86965280859362,10.538355021054656,9.524006998600584,8.840908226420758,9.63958232293569,8.11486906871408,8.366362416679031,9.333544219553298,9.73524276864267
10.451228913756136,7.805839745816963,7.881694440020463,9.46224446021233,10.417605962968002,10.019989693716157,9.604648657114916,10.101153679742767,8.584859446450581,8.988013168616554,9.69337077308205,9.76019625077682
8.435279802760807,6.064121277672698,7.815912634726486,9.566784668100105,12.030302212432622,9.786986624511002,8.30736536640448,10.602953515387895,8.459837842224129,8.713850478634056,9.159010839724282,9.916755378600644
10.795194304743303,8.180450222152515,7.867103755620232,8.701046947966464,10.40630362855806,10.091100110234658,9.653808008536828,10.355262362874043,8.950328993805613,8.272543052169178,9.195684077579056,9.570764420629349
9.867487074022371,8.044471038075265,7.879303665676496,8.82083601951859,11.296072274827994,10.227133969085495,10.454542824394396,11.6306015905914,9.048572349432206,8.477915343796496,9.017726556701003,10.145903449494849
13.014649988803605,9.596771510746056,10.260083698317098,10.723259086825113,11.736227282110768,12.244936867022925,12.98916785226359,13.834291001539974,10.059438442215688,9.767980716929097,11.190086758546231,11.128756551205344
11.682714403817398,10.345159013322403,9.141955963195215,9.418843215711368,11.038540445140397,11.380458628891239,13.697576938869014,15.075024442219206,10.455873049880529,8.660532259374412,10.751503474230187,13.489221253591058
11.458240715804111,8.461469868372818,8.571303017190289,9.629787053809016,10.745782132180885,10.020565963184938,9.794487989147235,10.910010809081292,9.171958206642735,9.539686347417469,11.043498517023425,11.968254419881807
11.839517364054489,8.907764900461835,8.674789705054145,7.915302097234502,10.950151787414194,10.497327869221248,10.77346306303826,12.238028975197262,9.314092557489095,9.16853139006029,10.035785718856495,14.299958736819878
10.411647989455423,8.701655327170217,8.480343776833555,9.674442408541196,10.947449656341691,10.602026747434206,11.172317775668406,11.48721470134567,9.381848548906632,9.709530690252313,10.690944657478294,11.216660006389366
14.730289414412486,10.628913263065154,8.878489238417886,7.149315490075936,10.885096902750274,10.566746652626898,15.276640353541154,14.282886203945525,10.690548346218879,7.931383963417435,10.05132504099485,16.627899800647143
8.69644590864504,6.636912809974005,7.878706484172864,8.110501301311269,11.42543433571689,10.002729074790329,10.221763617840377,12.404835449889582,9.126559049970167,8.534558869696106,8.80296009934996,10.893929853396116
10.134083878764619,8.49807011106303,7.648831829165338,9.150368074896447,12.314504365311175,10.385679899768858,10.26502607335037,11.397240351224195,8.913677595244161,8.777479619083941,9.179401568810842,10.766022186766264
10.192789289204427,8.148366087046243,7.616520556732036,8.525753307472645,11.04564257127403,10.183134499301058,11.414517498553177,12.244073154305902,9.461865764573425,8.166710596107691,8.984987958027977,10.994426782481614
9.492097697403558,7.3980762149007875,8.277185238182144,9.315500147098165,11.053870002297712,10.339328013133162,9.155575608828583,11.169566856719651,8.94925148483764,8.642885914837025,9.12957266951521,10.337303623985644
11.310248886569399,8.539780985875954,7.776083832516018,7.812400417958618,10.130570155616422,10.050419107644766,11.798568102740061,11.866005837270519,9.393795227461897,8.499180134454718,9.225161450466471,10.691545229483552
12.164244268592174,10.044676100504335,8.663162203362068,9.288561815530489,11.208405530295025,10.553658748340345,11.944872256817888,11.684557660621156,9.85050707974512,9.008902828712381,10.135929422703137,12.099569427520443
9.045509744183889,7.3852914309464435,7.759724148910346,8.374367412240781,10.378440130016042,9.869588996388144,9.030514938712068,10.818753961498533,9.098630485374967,8.49185921103646,8.967938139645417,10.256290323710449
11.157179928713171,9.508584202286142,8.829343493215454,10.476244448265291,10.909599883701482,12.116675397594923,11.489996769516058,12.382935477142869,9.303736574577119,9.594189774133328,10.739743089960903,11.032551078353585
9.193864516236353,6.234288210048917,7.6425909398675005,8.15677657178751,10.042894545966664,9.158904807507751,8.422148130616783,9.262870421289154,8.192402689810244,8.086769345364548,9.36104638780966,9.39538002981553
10.294269342303936,7.4298576506506135,8.074736546945815,7.9278412150456035,10.128043349699757,10.4414220108142,11.772158261038582,13.231035849089608,9.676016972798173,8.736109675363167,9.595698048832316,10.881938265223248
9.260614036550875,6.81545475247177,8.079468425644599,9.554122400177754,10.997552445982283,10.030025550252594,8.78420572788895,11.059319248049396,8.713465558793438,9.502701699667268,9.18316277939798,10.394238324522066
9.199285805090334,7.358835360369574,7.99618260720294,9.295282549695067,11.185973374009693,10.141530565418744,9.229545877344615,11.635167601788368,9.105619035409546,8.644996304921438,9.124887578363117,10.604635530041973
11.047830580041204,8.462324598264926,7.808940284967125,7.454894405754205,10.966022623676107,10.14011591645191,12.720124315499474,12.72221755697595,9.741844508795346,7.8633591897993,8.9880915730899,11.79554804395745
10.616969143611596,8.366220842295538,7.725932814371707,8.081906639437527,10.83623859037378,10.036939811072374,11.070695081681103,11.11211253795818,9.577572247732638,8.364629854932572,9.221412095554566,11.268756729562325
10.325148735025522,8.340260781106043,8.200317011316496,9.80967065174121,11.710987808384692,10.447357711870124,9.637254677154468,12.067158707469726,8.949980396913341,8.432254687409117,9.268339574169083,10.344611249465473
12.6008808429171,8.64502866830165,7.803200256618272,7.669707484680885,10.444727395458939,10.193207446656452,12.807376080263117,12.5568312846107,9.655721973147022,8.105000894195607,9.261018819894513,11.344156317895294
9.165428882083788,7.365579986948675,7.740463283257512,9.630370743874842,11.849978072586108,10.177019020816173,9.770485263339935,11.080545121288237,9.130700178935909,8.849473335173062,8.97927466117587,10.067349127368296
9.79132254895604,7.61220850636229,8.023818210925558,8.913641488564354,10.585402711458649,9.956285653368631,11.427082265319177,12.212251686186917,9.587571715269668,9.399187769367083,9.6914360281694,11.767461732794581
12.669572617245736,9.208714916874715,8.059119145025171,7.93213239444891,10.465565046373435,9.986128042276583,12.850834628871304,12.761355766074331,10.115758063474496,8.151587521960511,9.269260683338318,13.33022962959919
9.971024084064833,7.9620583099659115,7.876961051130685,9.039565555534761,10.7862149786093,9.997520427007185,9.651587016661292,10.709333268488349,8.90168803356916,9.075182292603346,9.330422857389447,10.015561552166535
9.907523152970793,7.682122625040069,8.023426948128858,8.825026086117136,10.780615770399328,10.04773402346509,8.78912325295331,10.52760285294331,8.531808763678615,9.018665099428189,9.148355705989298,10.02030474433887
9.115105223369717,6.208823365283657,8.093476258859312,9.140635651561524,10.799006435178164,10.133543068630226,8.989779078828429,10.078901995752291,8.465709019167171,8.489483793012585,9.45864191999424,9.619677636358942
11.519372738287982,8.702020937455433,7.6145258696853295,8.66333580058603,11.462812455385262,10.026270766298069,11.231184909055061,12.158897206252785,9.59621628726915,8.60096973427583,9.342180428934203,10.726990568778602
10.367717590700336,7.480521135953774,7.960031113846803,8.700948317332843,11.280260899978208,10.334256745151576,9.50839178239664,10.76384944111939,8.775815767414082,8.034471817078428,9.337876050672868,10.148723441137715
9.829782864638743,7.376899145819555,7.8206624383671395,8.878660420685359,10.837321222419508,10.078309198835614,10.265608151709309,11.65807318165668,9.33950662342376,8.326692800805683,9.052286340317638,10.376130158762992
9.934746255899636,8.14447974364619,8.171694671635738,8.388108350290558,10.710443689746107,10.524017220558479,10.825489812642017,11.979521741066467,9.523334100622208,8.325891163065561,9.24567977936681,11.47898844426266
8.563728984228828,6.770758152927683,7.695794612723648,10.001345264071277,12.19761080606046,10.289520629912637,8.490928760938687,11.31514584125075,8.861749844806903,9.112055685972225,8.90928005580912,9.959893777033393
9.774687405256456,7.171284785031641,8.036029956276474,9.352417543127144,10.462395395969756,9.806359293198305,8.819600994011553,10.216541812356352,8.181607950909797,9.363588152180995,9.663982817355096,10.27041319441509
12.366616091170897,10.472691944259367,8.98353565884281,9.213749515697517,11.11172857359648,10.982897925202503,13.69963553254991,14.379555800116501,10.739363431165655,8.717192378294431,10.561974524264423,13.736282748955306
11.471761759164274,9.268673130491718,9.044126361838924,10.139737108266507,11.20463345333455,12.392695624189804,10.853201951491197,15.171551016145035,9.482618992147342,9.986167068611875,10.692717204563785,12.31773067792475
10.511195493134426,8.239449751854966,7.803865768860421,9.650929189505474,11.546768805962756,10.39407791093609,9.11849483483503,10.719402361324276,8.88982296590871,8.542375050453892,9.400181552227945,10.144164209361117
10.747038532372569,8.294161084934604,7.767598652302762,8.941658242104733,11.50452276675361,10.069922705037694,11.594371959317092,11.769635091100167,9.377422952020737,8.856363279207043,9.486287731910764,10.82480704737152
11.767936231154614,7.202791408309738,9.716217042615384,8.619995088124096,10.676357767313835,9.92472632486144,10.46350165488251,10.566006235056808,9.077699680526795,8.16656838782127,10.554839848545587,11.365305032055508
10.189165021731634,7.920657549238646,7.989507152237685,8.978811820734771,10.200413909525418,9.761962279871483,8.748230180991325,10.330870814403424,8.415998266972283,10.053977639173004,10.105240519719931,10.576394509696895
10.579651445133146,9.379471060814353,8.151633005257047,8.782211954860761,10.742509874219028,10.105908061122859,11.672313482131653,11.291466328736078,9.598781045377095,8.748375647980696,9.428605381367856,11.621005884506022
8.780103819692998,6.740561617629237,7.734811888255287,9.693731098821678,12.240538386352315,10.204085691779817,8.603632595877446,11.332757860444827,8.584147368583434,9.16213184536496,8.984128653422772,10.234418129774728
10.165624871487477,7.616149521737822,7.7151498860482235,8.49599696085538,10.201777793064613,9.494629928600446,8.63387449030414,9.92891918451262,8.110543142017583,9.139145300139205,9.086552101979754,9.848591065821637
11.421878464880091,10.95407396838052,10.226156077053792,9.804396182741483,11.88445232786537,11.478815677721903,13.362145220657826,14.690108643139522,10.132610528863182,10.016513842926805,13.016978575134505,13.20803564616741
10.806883483300776,10.111810410535458,8.789610465239809,8.386467635669527,10.654884097606418,11.08201734858559,12.22950579410948,13.264623566361191,10.202696937186358,8.782153894778725,9.729276870217367,11.944337183256646
11.080722335951789,11.012503836999334,9.547153389918758,9.939670020924295,11.367569473811876,11.35528994939461,13.45029149042389,13.034964827962627,10.143562525732166,10.7205328963237,11.819148985960444,12.029042981449768
9.503568315391696,7.824409113183775,7.695121948115605,8.835387672652574,11.327481172229696,10.225079870509598,10.934343623218446,11.32830447179934,9.534025058434022,8.385077775853745,9.1557562851756,10.590231273619922
9.98876025194708,6.156046890059185,7.531889102518953,8.16130677472235,10.230894408290329,9.109122483910708,9.950849298864368,10.638325058774923,8.412201696094648,7.7466276801317004,9.787286464844358,10.127530088222318
9.92460645618928,7.2161800730806105,7.800137324487865,8.905835194446182,10.717701750891436,10.108573440851696,9.217671578539047,10.74177169990351,8.73219353530343,8.597708943253304,9.221990282595986,9.917411902198975
10.400859903589698,8.4197544745586,7.800878185164387,8.563970815716772,10.775505433687458,10.268581012873636,12.1557442086309,12.544538943894356,9.58261735592233,8.306517052897815,9.109519579382617,11.053109987463166
9.70221741740844,8.09880457350244,8.708640885486039,10.107173416833906,11.847075662199137,10.560212183249275,9.354627278250593,11.549606368900182,9.058935283418828,9.067673064497827,9.162524033750225,10.438044814465558
8.617863890094178,7.600078930700112,8.098439969648204,9.72340335273104,11.760158715983003,10.387887138593342,8.519607772243324,11.768607575942463,8.819684161842638,9.253756306916982,8.937567189091904,10.495292336994222
9.624512826377057,7.867265413181118,7.769150359054135,9.305067755142217,11.856067036487497,10.241343433662987,8.893227055014862,11.124004894550042,8.739990157537708,8.623597569227568,9.247946490804967,10.044311660287745
10.467531335565091,8.781119853383586,8.416146470654123,8.328484524178794,11.170294869781179,10.305144237699205,11.576292266368295,12.289098696722123,9.9166560777966,8.164466025311533,9.314492005264416,13.837904999855466
10.848875701041871,8.306724757979152,8.052643129416822,9.781596736491805,10.794394661283269,10.66965983510512,9.008803061073065,10.939538916029585,8.634469942755398,9.541102383903388,9.783297791595734,10.168504062383008
10.377651655770245,7.0112083100228,7.803183592670722,9.1581144559523,11.86321819429989,10.34063845344646,9.10588093650315,10.557904126842105,8.849409898600578,8.906642841697415,9.263539773764618,10.135024050433584
8.536710816638392,7.051191365352282,7.7399573555527965,9.037141758160407,12.25363579595826,10.137251252645129,10.612486910034356,12.098600630768866,9.236393254812253,8.519374540422204,8.985684630336236,10.715962001372304
8.29697425648201,6.4542248108729074,7.661387048541765,9.369915266549537,12.344042149615213,10.085526377204923,8.083320482147576,10.723979423818594,8.450214046905371,8.847982990541766,8.952641834311102,10.178537947174505
8.518669068559536,6.937920031254448,7.761359205106093,9.612837306029872,12.273333609108796,10.199374396377953,8.120140738839178,11.496315956576629,8.638806460217557,8.994392221382476,8.908574492805409,10.144850323605183
8.671725308060143,6.947311559276176,7.695506398335971,9.391550969310456,12.029779297469748,10.036484364748395,8.267375132454054,10.621013022948976,8.53887842158267,8.659683546810655,8.957777320935127,10.053215647426384
8.806634232839764,7.231517475961929,7.647020849082852,9.049347454229974,12.210433717895048,9.875502772153835,11.049786575793627,12.287739839753208,9.348001184105202,8.762923547228326,9.005608875688974,10.969039944024235
8.418158728166103,6.514924748535221,7.820391868333615,8.577486828549613,11.610660503550957,10.101992377287322,10.321078623560535,12.085507337180957,9.16902701962023,8.624780787888731,8.740592622171544,10.542890816837486
10.239224568001148,7.619626867565066,7.5922343246349735,8.161118718567293,9.833550552372708,9.655231206487679,11.262181550208771,11.752250257450692,9.27640145811814,8.898497940373195,9.371520114644683,11.88167009248541
8.298308783674644,6.952656697291542,7.72970438816635,9.85424237098527,12.15449891792001,10.239558438528842,8.538461604520593,11.25232506956699,8.907026646149315,8.992229504054164,9.106201873081467,10.0434567119361
8.299228302494708,6.18429035167539,7.864826306944001,9.466523712015713,11.235481013259227,9.910495430429755,8.296696966571309,10.432484418450274,8.518569890909628,8.721827646556177,9.340802748181995,9.999325233728372
9.454659200546727,7.847887578156049,7.608793080822384,8.698368449765233,11.162081883520715,10.088848415170823,11.809760563929979,12.268461434069927,9.502878684239201,8.251160514233435,9.143926366635748,11.33498296141089
9.468422752783201,8.393037367370006,7.8808652031593525,8.749193446531267,11.034077454992543,10.039965307915544,10.449776896820207,11.555523335658004,9.580035967989605,8.717881269980007,9.261052226571406,10.95436272960817
9.233269282020279,7.994811656947791,7.595802290675111,9.376220923074461,12.23566337758017,10.418153728142169,10.052774041014004,11.390963426236205,9.043290381810246,8.743191708008457,9.067001496845817,10.45303210519423
9.631867715162446,8.632010214398434,7.672565169862501,8.644066946392085,12.103526696297964,10.438985673253969,12.012480611718251,12.919652169429579,9.70282163825832,8.207820376979111,9.168344173717168,11.670277482666721
8.924231277077357,7.312212101892527,7.709312809116941,9.475321481159936,11.593034816496774,10.334902217784768,9.047752848976854,11.376492827765711,9.102781287909174,8.748977822894316,9.047498393670823,10.165217562393453
9.76647918796851,7.929387249180924,7.991611204637823,9.15813444037342,11.399464303877505,10.167422657539282,9.932523484442983,11.109567742363454,9.228804546368794,8.818912360037338,9.248439974747948,10.835589877364187
11.162963918860406,8.657782783327468,8.671035543585594,9.415473310577948,11.209901307540191,10.592205769370567,11.16310569595418,11.888675256420662,9.638891053805125,8.628616877343548,9.985054879726443,11.609727130008588
11.720320650702899,9.396639030210439,8.350090018438305,8.373729029045178,10.537130012825322,10.051173643685614,11.62242311624637,11.500508036662028,9.88395669947607,8.939538843026998,9.677251822907827,13.220928334079515
9.371420193964196,8.348191204282575,8.194145472946735,9.652632674093747,11.083731807898813,10.502138424165203,9.909087969045908,11.6834422151866,8.98106955499574,8.630496107253352,10.078196632726138,10.64086355807615
11.195054057671689,8.388726115343776,8.244428251732375,8.869792555474188,10.03075143437733,10.112483816814354,9.698484943192677,10.666841420521362,8.606116925888637,9.678382006860508,9.897121294930555,10.562062071923464
9.232311254491576,6.967052237021356,8.21039230116336,9.114054676383645,10.986890990452784,10.039520620108402,9.450245248370685,10.935386046846,8.830704959368513,9.031296247327374,9.31862102267943,10.505084346974778
10.30627433364417,7.734026888161299,8.894584442572436,9.621649115138094,11.482684962121,10.534921865920401,9.694501977141135,12.104064328828635,9.00162628002167,8.814980054896074,9.228999068269498,10.661732449270358
9.7729410550005,7.972016308542667,7.863012431768358,9.326153929697568,11.833269913907548,10.212825609443549,10.800527257241335,11.789067780537742,9.188293259285594,8.290619299624096,9.393262624969763,11.11161539233156
10.307312506709133,8.59799853181713,7.9584332477458855,9.296977687545201,11.656057890285675,10.306782145409539,11.682056860968846,12.7809422437311,9.576675657720662,8.135081319526707,9.377611139137793,11.959495793522969
8.926145594006664,7.230198868846428,7.946044933923208,9.890425660142505,12.224033463691137,10.58434129259496,9.16570247102494,10.976412561822286,8.801560771240903,8.966411516594272,9.463843243749203,10.151182360830138
8.512884851682495,6.5705574758117065,7.9133586163611245,9.933366547129417,12.094976274181715,10.370181458408096,8.538861631514603,11.356067253003856,8.897477856683729,9.14665018400741,9.250859839718395,10.079391218103511
9.62198592795549,7.463229252033793,8.612590347591478,9.656787665284712,12.159758426299858,10.195016290158646,10.443945840267842,11.00358594535894,9.467093044126278,8.281709764895542,10.135357525734584,11.470002837156706
11.435297799337006,8.473135460022348,8.989464884843084,10.286748932895366,12.453822981029486,10.96206016046047,11.264417340515639,12.150214681787142,9.590082221993416,8.28044022696968,10.085627694611338,11.326651467934669
8.737070288839261,6.832150865794527,8.224030849903524,9.96453440042365,12.286889213266662,10.265563705245999,8.998148097640001,11.358318593963379,8.97074161547814,8.81378126037287,9.092543856359997,10.987096181289665
11.994725505486844,9.975498663916524,8.327221608557943,9.281512630825462,11.814596949606182,11.335485194161397,13.255392593361176,13.461241196003103,10.194571605599954,8.114334465836368,9.775930373034791,12.329595027470171
10.61407021687504,8.55022997415309,7.651660692502219,8.890219197216588,10.564394456393131,10.638531301364713,11.873757009924285,13.142385205462093,9.715637108879001,8.495880799785299,9.229171352684494,10.965029110997623
9.528567967990774,7.381661351985552,8.209672594667701,9.251722839750164,11.164574212648345,10.27643398896871,10.210359758581474,10.752428637488089,9.431689891615184,8.570482864152911,9.329620461737877,11.655252217757655
9.351313497593573,6.812682422464539,7.863973320097487,9.219961617167467,11.219460399946508,10.084803814693316,9.298813981118746,10.315081782849957,8.840327224274198,8.831933840030432,9.326542571404087,10.04873966006064
9.549063461459639,8.126554891005219,7.967546580860791,9.09304410666737,11.6987496652812,10.052902507855183,10.338343995485621,11.320237102304144,9.33533941941437,9.016983180945106,9.239067493162828,10.600958691440225
9.265999890572303,7.33348404249622,7.627666038991237,9.021734323826118,11.52068168139726,10.051193061400545,10.011251226298969,11.736994274647635,9.186250189184621,8.807676530351536,9.09929435277497,10.330143573613901
9.59417860739867,7.514595393671422,8.006420609072375,9.1944659001853,11.04675725251338,10.201703112331352,8.900424912364155,10.359962859808544,8.476438718920955,8.928441228476785,9.245216475815585,9.879909773649077
10.935743584819818,8.13902632676757,8.039619121039351,9.853887371321205,11.815218455889534,10.78355785437511,9.265638626737855,11.606456865199975,8.667189246884485,8.695889740265871,9.909250459191481,10.016243457926578
8.167318194098423,6.669890418141382,7.798856688435531,9.856654682074439,12.196351674685666,10.082370580367256,8.009319964286119,11.317765298527222,8.422022687816275,9.212610022744181,8.847002077819246,10.108567836378235
8.318216924215584,7.251435840336502,7.763749059661121,9.290590862401052,12.155573428091252,10.115756461838451,10.238283437718122,11.983465776833171,9.163501973435592,8.783694903392865,9.078355394491604,10.651886235288371
8.99202968586563,7.60803801052926,8.071007378751139,9.49673847283533,11.418716107332454,10.120121762869855,8.793627364927875,11.247061349155832,8.789929724099197,8.938164046895922,9.524446809666243,10.495906997701214
12.315239067037817,9.054306233760842,7.68805421962613,8.811804243031778,11.51599370678932,10.257654931092564,10.685929322746336,11.294707181462348,9.347914262691772,8.638318663485729,9.727182976328343,10.744041894651538
8.617538817318227,7.584017050804198,7.860985608719394,9.304786623446184,11.989616590947175,10.177551133668311,10.641070316033103,11.488212499552557,9.599649484627598,8.728695279986804,9.319569414285949,10.728649386505515
10.343506990930296,7.653265710154676,8.541584113980504,9.621336487515347,11.03340258018684,10.315123131880124,10.720329451844675,11.103889086913822,8.703672771530625,10.856794324293974,11.003732873554418,12.03071288636964
11.050628454231619,10.175160232929851,8.974935978356658,8.863882288669448,10.862664681477321,11.319721864653474,12.869077795573068,12.670720965547092,10.447037303696389,8.86249236801463,10.451589934720241,12.11291433019047
8.287902592417005,6.797991291203194,8.091214760690153,10.024452251335154,12.278363657460753,10.270672349546746,8.300213885306908,11.535100129000508,8.844198386727188,9.223244149767897,9.163312860064176,10.007704447842121
9.061923608849389,7.747149236038821,8.002730936404085,9.863451744285442,12.062687692460809,10.347351446016928,8.496505845742908,12.020418833802472,8.727034050699581,8.920229767144363,9.341873667507244,10.437891168683137
14.09841208560218,10.479097753914022,9.308269562792576,7.036136438897194,11.299911420228275,11.12992013605416,14.571770556218652,13.741734296787838,10.350671909417516,8.30164398111924,9.960850324478658,16.16846049846901
12.059958845444225,10.392296661710445,9.166982597187861,9.006382658985006,11.315652385792784,11.197438032256251,12.642041888564645,13.76270281396212,10.340383893925761,8.972237657024124,10.206875178336169,14.390314386460938
11.839517199205925,9.0201230502824,10.467234983280113,10.706334629168499,12.400782795386938,12.12000570093342,13.087959853601635,13.89537424884379,10.478177336586652,8.51814161216575,12.333720992165674,12.041749155653118
12.196262773297466,10.179061724224486,8.759641483310698,8.161710233822623,10.733413883260516,10.853686302072264,14.446254892680324,14.754008865483627,10.372453966864775,8.405214974428763,10.08988741123769,14.83287015934198
9.461298088111949,7.578574265794487,8.885053086196114,10.031462591697009,11.127213534531048,11.350034674221437,10.155542759769984,12.442566199852669,9.18994676088962,8.514672993429995,9.622362086265149,10.739954560765206
11.718286871165462,9.102985797972988,8.675887886971276,9.223513049503767,9.85300742560769,10.717206942249847,9.85461498432129,11.513847083862485,8.91231356610138,10.014259405936361,10.70221594303803,11.092756054713153
9.059514188751569,7.480178133051331,8.13703617709319,9.340270897041732,10.51639459852621,9.806404144016057,8.799491582538005,10.724751413923071,8.41918662399321,10.341061587860885,10.113182016575266,10.503574101258684
11.049449711541854,9.066481442766339,8.937202887720494,9.89809125624273,11.28133771851224,11.590030879991927,10.52956185940186,13.18327888499099,9.749575264088278,9.440365201450168,10.591248417998898,12.112852888193398
10.022296931049066,8.055803264752631,8.498655512015743,9.258087288819477,10.350911154040798,10.309643504893012,9.58538680972186,10.934497794819707,8.54386143397141,10.561733401645727,10.378133814931196,10.64800281735197
10.498257522334447,9.2818706450701,8.631165282862032,9.078565400258203,11.317771075499792,10.477676746511882,12.167836158224244,12.207960653189712,10.086359432935978,8.809871233893764,10.06327043063721,13.183652686297926
11.420389790637753,9.808609489642627,8.732832324949436,9.198527124428328,10.866626481605879,10.367001480774354,11.791127023584881,11.974292069821004,9.837888658285193,9.098317155303207,10.252716554844746,11.42207545754538
10.592850011896735,9.510565776232982,8.598374626606459,8.62660120733989,11.058545458353587,9.940200871974016,13.892779901001068,13.63756551409158,10.268980681757348,8.673511232784383,10.44439038158262,12.963239058616455
11.241502164610345,8.328541861588128,8.645886610043673,9.00704874074835,10.226760634221286,9.828879062151392,10.012307124735889,10.930643391439398,8.804177681788248,9.507934175296354,10.80253465617269,10.733561039785188
9.83563116030204,7.987908932943849,8.384589011000545,9.300080909907448,10.713287796016767,10.098624990649594,9.46765428863348,10.795169761073625,8.572496841733306,10.322337799214175,10.494120470113398,10.391577242150118
12.546641910913486,10.63021313461107,9.510427560453087,8.22660116253406,11.527034276071127,11.395714981184055,14.734444520128882,15.345637832009169,11.169855640137065,8.523841292765189,10.034683539276129,16.347371724421702
11.632008849117941,10.372464435215365,10.610459152811648,11.801049070621383,12.976815499596118,13.419451922694257,12.498891818682658,12.41722923511724,9.753736762815619,8.416950107313328,11.439354580840707,11.098226772596751
11.162069565614006,8.09224134161675,9.02405172441895,9.400798693388158,11.428539135340117,10.410219682953523,11.087350257936494,10.961291132819754,9.21871099817433,8.093656903514384,10.745263750946203,11.724620746933047
10.79725372969984,8.829768271563836,8.557805254092937,8.608163820154687,10.867992257127108,10.106919406574677,12.224032882391523,12.466679712449249,9.621861052320908,8.578452242536871,9.770061904340862,12.7901555962539
9.54067940178808,7.18382651657809,7.650102207068716,9.859444739443436,12.272567366837848,10.239488944187837,8.584590209667557,10.264156895348346,8.666041206409947,9.042529371379956,9.219500267553594,10.082802492918994
10.845765132331282,8.057211137982378,7.917285652278589,9.6533989133215,11.365345192962312,10.319214478996383,9.311055523139034,11.855046354688099,8.637440791650828,8.865911620358172,9.200269919308164,10.439655789080529
8.932286563568333,7.586849363813539,7.895658327845457,9.430564779145152,11.693393724683494,10.159960926690088,8.970133275766049,11.656634238873245,9.119768793103873,8.942934839605613,9.21280666155033,10.030354672190468
8.678789227985924,7.123554274934903,7.751393990216658,9.744485430241783,12.120261023742275,10.247585219058044,8.493476046594546,10.965413729409972,8.603180476822889,9.041404434109738,9.010100858632624,10.152119550649006
9.277981595392502,7.300494683259938,8.72656747759751,9.902902627743225,12.20049719026374,10.627848288732103,9.047750791369717,10.786710082398157,8.903369930232072,8.712756161037502,9.780879269300344,10.005824789199082
12.79836889929889,9.419774401273836,8.55280277460852,9.409913235307343,11.163556592656077,11.074284879754746,11.19664354619904,12.849669184411434,9.866713908369329,8.697274833869736,9.551942545030187,11.710842630298776
8.989784453653796,7.580162211879138,7.770904379378197,8.757468798375026,12.348296673482542,10.251771110040009,11.739164026291824,12.500528363126804,9.660591954298578,8.264817232609941,9.028453495044067,11.197507074375094
8.841347363549474,7.389962889295445,7.745733087230421,9.663214013591128,11.93051249493647,10.062798930977959,8.393544183136942,11.116992111496542,8.812912765760743,9.117098021874625,8.974527931321834,10.100380342126545
9.29842144906894,7.4700000072085855,7.714694379409872,9.257157472763708,11.417650817261519,10.207284844917364,8.71973270419661,10.895755437646084,8.665512498065507,9.044042976051946,9.045121977995361,10.185444587551274
10.498726075744898,8.29902592713483,7.901309475707505,7.355721032993638,11.539762212568531,10.280487686308751,11.457108705127139,12.29992634538699,9.643774844418282,7.944265118910227,9.204966349112299,11.17147182540261
11.016328362534187,8.873368090080403,7.613870271045138,9.778629914729358,11.169617827336817,10.615497099719985,10.632080974643392,11.6104925228764,9.197510299367458,9.050543188133428,9.477431277979973,11.138556296568256
8.979499637545343,6.9370768606307385,8.03275236800067,9.589846454466867,11.152021048722045,10.045181383953736,8.599942965304594,10.844511532028251,8.722451256042337,9.458253806105926,9.386279111094964,10.228633182572977
11.780463616483107,9.189083526942705,7.922669569929632,8.792702639211333,10.798194610760158,10.35124449882646,11.998767471649687,13.11079085435018,9.644056580965037,8.391304892392993,9.349674404933493,11.798177917009939
10.786217391229913,8.682478252812793,8.09124383195607,9.631599558549135,11.448007113927082,10.267573772403864,9.901732029491603,11.669027906618885,9.074755147700616,8.349883370481026,9.604725873269507,10.315818719678356
8.260596494339602,6.79802092559367,7.83622631278695,9.836407279510773,12.190706567804018,10.324019466893379,8.318098934006613,11.545901969838646,8.92987573116362,9.061070453864101,9.070649532919438,10.138483611864197
9.150029165847094,7.687333039192421,8.00758713237646,9.258863135846308,11.356944606030625,10.154059838194183,9.058477743601673,10.968726861709506,8.688413865784732,8.757803989593722,9.47825024501284,10.916625992940759
9.677353203304197,7.8396397491619565,7.846921509769529,8.525308461638721,11.693988529878423,10.320936636018535,10.785700045890644,11.560307481362308,9.502637256325965,8.187379604995773,9.352243707377237,10.67614091227604
9.563187724411831,8.188715539236982,7.655498949575958,9.761693434872164,12.123216486576993,10.167598967696412,8.39538148368898,11.94101067146118,8.712201857803706,8.821100117563297,8.93608834243192,10.578810126619679
8.354866657264381,7.258071162841355,7.732842026480018,9.808869815640563,11.880676737981828,10.124800934121247,10.030509603918082,11.477245900894294,9.353987437164925,8.856349799354879,8.81947862943627,10.623644781987608
9.957451356500314,8.188246344010203,8.395583052220083,9.318231374027294,11.820211068609963,10.49558088620634,10.976349632896532,10.944599395874427,9.788982169599509,8.45973864862475,9.903803698282506,10.970633314592295
8.464940652867202,7.158360730929847,7.783318523819782,8.42665507303533,11.945962501325063,10.116567609083129,10.720230774330533,12.170675866078797,9.335045601799846,8.486924191733777,8.94620092141496,10.766040093387462
11.211144171391702,8.64581029078655,7.66042289196386,8.57727128784087,11.289092143905354,10.274310848490645,11.329606202664829,12.21488299794766,9.739988028851533,8.071778512894737,9.222907048650471,11.160080824671335
8.842932265611346,7.42723001339508,7.724154835469312,9.066645539289508,11.917774708092315,9.965639260542163,10.477649665633612,11.821684825007592,9.294600687456262,8.557570852945927,9.048310156559818,10.62224336038645
9.006655461322271,8.527143093976065,8.491283527121624,10.378058346198294,12.175404039244954,10.764449451451872,10.124575485267847,12.30635424218667,8.919731351794795,9.14360396024977,9.66988462402276,10.349661613624827
9.169346407415214,7.718739398268907,7.802144502675318,9.072177512270285,11.845360623188247,10.050433934787463,10.274987309659094,11.23424855386642,9.397322972631676,8.639932790965526,9.10421406265229,10.497283309939105
8.974103102049495,7.818866983491901,7.891817481734262,9.700558124198382,11.697045659110433,10.348580302535717,10.040589472092522,11.231251594861364,9.33688252163267,8.756107621465391,9.318181326215424,10.346709002782312
9.089041770508494,6.890841446148164,7.867198576971332,9.466280335336606,11.35685549301788,9.991683440089474,8.32761363473093,10.636398187344543,8.41063657120481,9.30364314987122,9.1245648390567,10.101366809800945
8.195895867957612,6.739664456465409,7.8158923620029634,9.836858583668226,12.22660811675615,10.184160889658184,8.064019945081498,11.404576023641434,8.631019158890457,9.28143469180496,8.922398403974517,10.23602733690116
8.812043371143528,6.83417804943245,7.884031983644171,9.786107046939392,11.782735283337859,10.34245939351415,8.310229797467489,10.82701512080959,8.556165028264854,9.21237086186216,9.168138825974463,10.084938505700928
8.140835793746993,6.487952168118535,7.896878586803438,9.899374663695047,11.961563884737702,10.014982822576593,8.010246345722614,11.133850008393003,8.560956375042208,9.15819224425551,8.96847656292126,10.144900952714817
8.33427727355283,7.14336867952052,7.723343506867391,9.675937194791581,12.198836307621189,10.21036135856969,9.254273749690805,11.390811293210927,8.951677036367728,8.93710765008944,9.006381703375546,10.369724002259016
9.838954385102918,8.039459292372872,7.707125174676278,8.456079126104738,11.139856624063377,10.030105205041693,12.319348435240038,12.699409925030382,9.762679402059536,8.240305840132532,9.23942296697996,11.271015135034581
9.237671959081164,7.925057132261205,7.566831375022569,9.117009580193848,11.654037707759505,10.220009226765947,10.330119656687577,11.506785995463273,9.29938205175881,8.534969931178521,9.063073642338644,10.582609216965148
13.175059286244647,9.482146512404258,7.703296588259667,8.620274851085464,11.199260834537897,10.629446382508034,12.33230370309247,12.834074786592893,9.925526946648349,8.711466121633997,9.809981999512901,11.542614538114
8.650526740671335,7.39958205194619,7.853575546787462,9.471496101974658,11.851657435948225,10.50353810468195,10.401059371339437,11.543595930359366,9.484345832764722,8.743755336313676,8.975256155569628,11.032761785925429
8.993135271165134,7.375508434282723,7.8381333186753865,9.422765456194503,11.518840701127196,9.979879201914558,8.38896137290814,10.974319326473331,8.651342161015629,9.178547685781076,8.962061216074012,10.161013059842897
10.108449608770668,8.133904945340909,8.15664107893132,8.644397546816,10.768032186865163,10.026147013573054,10.664911663421215,11.628468805023282,9.689422088447875,8.701666287823945,9.664246528094752,11.76294295167631
10.27096113219931,8.103350356955678,8.056405019493047,8.764359630464138,10.734044935476525,10.392263461144267,12.249404467982718,13.203676442629025,9.889502526700433,8.424056466046942,9.398258250640698,12.493416915421518
9.678991842607342,6.874256482168077,7.848213578365669,9.302388511238796,10.65815687693713,9.802833993319394,8.781818183911238,9.941815130012554,8.537073016733007,8.579812393221221,9.266656475349537,9.742852495202909
10.392767285474209,8.187490212515502,8.331723485800937,9.939321797997541,12.346523882312939,10.452397425682602,9.624005647209746,12.044806061995416,8.720337234382827,8.45625571502868,9.63756901315705,10.849831034487273
8.174016783730833,6.396269601720449,7.775577631565684,9.577977066523003,11.972653886771703,9.811588906957002,7.979309107031043,10.80022843029011,8.582620783069338,8.853425461817283,9.185011375442015,10.04701930192616
9.623505127261202,7.518409344843194,7.815645627216988,8.45392035630612,10.846200546152648,9.795451038438392,11.59318037259324,12.154841863201137,9.434975977323813,8.178598462644144,9.082999632684759,11.683975458980084
11.579552781608747,11.371916485186494,10.440778085240904,11.444356022648646,12.198483334404264,14.625195207739244,14.567190315707373,15.637547269370083,10.41284933324011,10.399065489699105,11.377854214967675,12.958935591150997
12.005139834499872,11.207875772478856,11.514682234402647,10.689958877896029,13.197359101963587,13.242590731668963,12.937907261004169,14.709706883208845,11.132089546928492,10.576173697735355,12.707713179585907,12.514541540050265
11.424244154647983,10.695048427363092,9.717542961913184,10.26033188426372,11.220293687284624,12.011324564125422,13.037578197379052,13.248872388196942,10.185856276781394,12.037702832431835,12.741463077679025,13.78684533559
13.025733201888425,11.514280372788527,11.055628874387262,11.833815977269063,13.14148522829602,12.970832356813476,15.19911994776996,14.221860014193465,11.069091726836703,10.10923914491629,11.81859213231056,13.909856547701729
11.921721043970436,11.319882018748473,10.365264099647348,11.23471098205078,12.808517433243047,12.585758265630648,14.66919504266459,13.869746024975196,10.161135552241719,10.033779635123354,11.770645406254781,12.633969800690723
12.236277064097578,11.263236561649956,10.777091983731136,10.53018847015417,12.876507383535927,12.581790633794098,14.398394950301265,13.463504087076693,11.043908251521207,10.668548272962557,12.740443453452729,13.50128944999292
14.095306272574474,10.764211798353658,9.130753424439137,6.789264014060535,11.265247016662489,10.483722796943882,13.437928754094695,13.180690669511323,10.206650000402005,8.201746843572613,10.212277544354473,15.063427018665816
11.335633318599202,9.61624821645029,9.114768624568255,11.231249654715697,10.784986654498395,11.877077675694757,11.884062517190035,12.931480970876034,9.826751788214608,9.778916938234353,11.11567072605154,12.019400413536003
11.221128304312924,9.197096900660888,9.128316493316516,10.893358092221156,10.698953748146488,12.063243305781214,11.419757952598243,12.720133820108394,9.727831856112768,9.745722527260382,11.022770387404954,11.438042858479015
13.41394619982666,11.169474081451318,10.759944357599279,8.694741323656533,11.910272097764956,12.226981410927548,13.376187649859167,13.332977549807561,10.424363272368428,9.42475121742408,11.134321400150961,15.880528701532528
9.507439411689358,7.5655699535222585,7.7550861777275,9.197400086962269,11.316937238932109,10.150725091694875,8.805603747032649,10.986007502107178,8.696062448262648,9.012253563429386,9.044648262279631,10.220579722565871
10.268125405707305,8.189748196102078,8.913981282206937,10.668594793703425,10.339919015380994,11.747250329413824,10.683112469597042,12.02753604315238,9.181727542041877,11.325636082102145,11.01449122209569,11.39920034859064
9.838144544404201,8.093610152525752,7.570888490008771,9.310175427434528,11.969965509267931,10.239687355987236,11.005956858603033,12.237485575989885,9.457876018334275,8.22268712466459,9.141861586004412,11.299076069643005
10.293394111171605,7.778121159524699,8.627489869271711,9.339183054491945,10.588975415112216,10.394311119389416,10.554500356660887,10.786586320928105,8.637591635073482,9.90572467036466,9.967167743362294,10.818771313549204
10.763377421938081,8.7342088461678,8.68602784170533,9.405125532795312,10.692720333578496,10.316284026803528,11.423175825890619,10.945072243607951,9.527229621023986,11.09736091601127,10.551843375893705,11.13022039904237
11.353652338306258,8.427784925686554,8.326961006793157,9.123930343597776,10.25554266663978,10.373769440093769,9.87136391781369,10.968862639302943,8.662108822932133,9.830145278728729,10.203019828917958,10.423420444098781
9.994362949287233,7.232475233243407,8.960439081632037,9.266116453327315,11.025166349476082,10.295892563635041,10.087697553296245,10.74145391107944,8.840369375008887,8.628385673094673,9.524613672608963,10.989424733993712
8.914187176833378,6.4448978929069005,8.289351305248418,9.622797896428352,11.372713230014694,10.146418575618013,9.17663683920614,10.887293173445038,8.574695411167955,9.40461609232351,9.215429086304198,10.65329963177694
9.587630140256858,7.3928390657146705,8.019769571407702,7.657672300023094,10.17381912447555,9.854379937392128,10.755311790550728,11.637200126033736,9.322539723740755,8.492363975905352,9.387140731439315,12.17897260999712
10.512371487168377,8.05383849816628,7.949994009401853,7.900644208370121,10.69379586345677,10.214797098518266,12.395465281935449,12.114577569600602,9.724618890662063,7.995168531430783,9.411198052902458,12.269957237164737
10.005077171324965,7.593946828303006,7.97667468168149,7.721559557397466,10.117815938176998,10.041053858097543,11.820941517748334,11.612210788142258,9.086169747949885,8.079754843118621,9.169208629697557,11.123166216836761
8.283551320987362,6.788607946930646,7.853414173568993,7.90101049502997,11.616426884859843,10.229502652279201,11.526549454520234,12.119725601877066,9.438218670514171,8.637726717179492,8.817845332029613,12.217005522713615
10.092326982078495,7.574460693712869,8.043184945916586,7.758908969153269,10.21632391761642,9.589045039415513,11.539799440231118,12.055729842677657,9.556894316878195,8.30508296917518,9.324484767557646,12.19227766134168
9.833038755904164,6.870722950258212,7.901924146067945,8.00996939441874,9.801020743840686,9.589477073542941,9.85744675114182,10.447761148858945,8.529317639378048,8.199823475182937,10.21684078530778,9.69623316380783
8.409213286508077,7.105388087633308,7.919678875202379,8.546742456857158,11.290680106177549,10.258451829691278,11.4416436660446,12.431736532279176,9.359133015297056,8.704263578813883,8.935795863773766,11.565619291257809
9.230529383010447,6.04408871596264,7.836826628517059,8.304006541661016,10.501352086837482,9.125604771243003,10.669110805183555,10.945254834222375,8.84014126410144,7.8463484817505025,9.745875705728459,10.148538844751908
8.925857146564217,7.486276603259463,7.949255057527627,8.083197345855229,11.261125342197413,10.056925783953835,10.523268906352117,12.125873792473273,9.503586305285069,8.67519543696976,8.856185399776477,12.223541893709147
10.457690058998665,7.740552773925471,7.997823383373457,7.579344819518449,9.557292534149504,9.780988761726933,11.968330135238897,12.256492489247366,9.434513731944069,7.998106742515821,9.246252836327981,11.232231610652242
11.020964813795446,8.214715975155963,7.903984049168163,7.594953947900233,9.919494130981509,9.657695698142003,11.911870012216252,11.656975170821635,9.061890235364066,8.474256076440325,9.340457980054143,12.015557237489377
10.328369165738925,7.621011108338877,9.146119428662262,8.351232218121565,11.854204383888472,10.674857704404122,12.377657221120513,12.905010810592222,9.702675803138334,8.265290120472345,9.821012526246506,14.008224286202282
10.197219965447438,7.4974610162280975,8.054428101940537,7.7330351144193905,10.788600607707593,10.098265094587472,12.598834766247824,12.05425141044584,9.478987839584777,8.1708902864511,9.115302033587346,12.188689852386217
9.865325829996447,6.436154919571923,7.866278923291891,8.419351551723445,10.124049856494205,9.324504582449427,11.094803966986284,10.895586810939124,8.964088650203037,7.612328064605376,11.053364520829676,9.632793167906776
9.443280019146728,7.2751812566359515,8.093780830826379,7.762278612803037,10.416666178011285,9.485752636924156,11.977206895607553,12.269637990526418,9.508275540999666,7.968627296322792,8.9503638022042,11.478364929539566
10.131223611321564,7.662430220029428,8.110689707735643,7.46623172890878,10.192529105990463,9.84947986122433,12.228157401758063,11.722860949118981,9.379789603660804,8.377042174731375,9.32140277399344,11.942616683481642
9.627159977969804,7.310701744129066,8.010514709160919,7.529809731839782,11.051586936074548,9.84438561500162,10.784669465557606,11.506509064356027,9.18161696732426,8.352216411612167,9.261881506533909,11.522451055134672
9.144269833988176,7.241395436762743,7.988417016051167,7.741452823000932,10.64353255489298,10.11274330174729,11.438191820152175,11.734220089515867,9.321759364473413,8.513402856338564,9.067230682830173,11.033084070373064
8.193847512567213,6.3786189745782,8.003143087127427,8.057641853696886,11.354872421950766,10.136470857768916,10.31956839334142,12.02594998632299,9.267377934490957,8.32341830599796,8.839869015577149,10.52303326028192
11.566940401796355,9.057765290292394,8.04726553167756,8.786933027155664,10.249422201205633,11.149834742321959,12.582222756685224,12.944433858361016,9.843653699214691,8.562500456307784,9.334649558875483,10.40880727623255
10.276082751082976,7.777210445745186,8.02794504684292,7.242739458335412,9.823905437294425,9.94626741022227,12.234831495242737,11.905297610549175,9.300506568553747,7.933113843264977,9.162916543368935,10.872207872502441
10.683908979231834,7.395090955795672,7.985964962177186,7.491162861492759,10.379922969109167,9.578727403309646,11.405922130351836,11.962123917965625,9.225172312544741,8.013149838016039,9.035826064020021,10.932379162780892
8.531848313380683,6.702575331903076,8.029396305866618,7.622704966558391,11.119904984795546,9.890472180043144,10.915990414870368,11.841864513315427,9.342986998722605,8.22369485044427,8.798177772685268,11.436610209712782
8.511349191814197,7.0349056605449745,7.979685705808177,7.687576844774791,11.157463955365513,10.033878436283157,10.982069603121426,12.066221527439573,9.43195353571543,8.421879467131463,9.329985488973454,11.558596992042702
8.929098157231783,7.093758995977831,7.885190177102832,7.894338606765124,11.076524115989224,10.04089606108507,11.50305312982518,11.847736601935528,9.59684447706141,8.284800366360281,8.984073682381576,11.407041721725658
10.30773851612313,7.478544117557088,7.782093560183633,7.614121317866918,9.845458563245959,9.67193639752873,11.758149692246677,11.989142988245057,9.181200773992094,8.550429558835013,9.396852334913632,12.436412783434077
9.960504630164136,7.28092779776207,8.035308785353749,7.624116833566848,10.689223594214804,10.122951116735885,11.751903910660076,12.29821268202111,8.970830309265013,8.146020354106765,8.99169436989499,10.713316353310434
11.268804885587688,8.079695809964011,7.64537265413837,7.540483576192212,9.574486065407978,9.686963575511621,11.576079212559081,11.738537240334114,8.740449050966829,8.728840196730518,9.233596801808842,10.630823931430497
9.038330394067286,6.80676779357171,7.991982036480037,7.888776269769332,11.265568714748069,10.338746869978655,11.378851409870457,12.565929648021473,9.162628108042012,8.77983920978015,9.60937672769368,12.287038346154219
8.520929969738372,6.382324967772068,7.9585108548551355,7.994502398851414,11.063308567631173,10.241707574988817,11.208344559094261,12.582735774125245,9.278571950669706,8.401568347297102,8.958158981673362,10.740803057216862
11.534696591197827,8.00185339342331,7.970768452594593,7.5465369898917185,10.566628479362999,10.337397354278362,11.853473730697463,12.213577489355652,9.2207397264618,8.2790549124338,9.315988460922107,11.779026093350053
8.775149193556551,6.803051238762843,7.9453753906793345,7.890693167797454,10.697876192746378,10.33810672247893,11.969922004910464,12.770627875225909,9.521152685810513,8.265174675251473,9.255231801591409,13.440602194719627
8.626418436872015,6.4267565191641625,8.093443621805392,7.952114567596402,10.635321654669756,10.224511212710306,11.37577540856516,12.566870041682579,9.28381777227104,8.217419335115967,9.512115313834599,11.28657950045933
10.05695940715907,7.782014586731813,7.700481730802037,8.23416304961261,9.772997630744399,10.172962146038127,11.41712560937984,12.456512218805585,9.276681080611452,8.350899541068237,9.563673593264781,10.545124469859605
11.322041770168457,8.025730537490842,8.17817891590288,9.849086222521748,9.773581675134102,9.886900901463974,10.519182721082666,11.252377627002256,9.463767240618637,8.456650193434381,10.831893511207362,9.981848588172147
10.318358027182219,7.412207034118311,7.8268250101843435,8.026308067377913,10.341829277161139,9.982512958447685,11.47118828549899,12.540224979906741,9.10512221892555,8.355273493611838,9.684359857990207,10.458599130015664
7.952857587975483,6.179592861270109,8.112655386131307,9.42192326531559,11.828998215884475,10.072245217288147,7.856005532332994,10.963095203753841,8.83281453613097,9.101685947636962,8.898932390141885,9.882302335422809
8.723309317222617,7.404591283814907,7.877499935932487,8.403490504912764,11.486917509882078,10.210588438493248,10.414486432923773,12.247556563477358,9.065118175324036,8.750749193823431,8.79729682176565,11.739164544892473
9.97429486179605,7.595103060357105,8.009589837194065,8.17532135563571,10.219721438449497,9.550602122087088,11.351904587470345,11.837859726483043,9.422946296410853,8.35010175973286,9.253394357152633,11.670718524504403
9.832273375318804,7.896515963724714,7.866147016062394,7.992210226230741,10.977948256013745,10.24573164194335,12.196235127252566,12.00900658086092,9.338695745890863,8.165410240058415,8.948836627932636,11.591080906543256
10.01075233490968,7.605932670752616,8.033660617192997,8.48457328656952,10.87539698425202,9.967494211159499,11.997811629588979,12.419461676203326,9.636265609189241,7.935839599245096,9.076494559952158,12.238702974666726
9.933811697464783,7.314505614464456,8.010919843551859,7.878290281829371,10.402087116058537,9.6689470804903,11.60665052893875,12.17866147554303,9.285481487137321,8.266698686237705,9.14795713246412,11.455258669087385
12.288046365587132,9.743103295414498,8.673999957997587,8.134561431290537,11.144701205078912,10.718264020640481,12.95054363950874,12.623781965442129,9.938479966613842,8.23682958786072,9.583834528495867,11.710254074836065
11.712717999567825,9.625733237586434,8.59370798072983,8.637061949865727,11.478276738213967,10.584399047791967,12.606966523755274,13.343401671617814,9.97297406654925,8.463543155224007,9.338712621454322,13.350900267920986
8.19948811911263,6.962936818640913,7.789530045086162,8.47516686112422,11.73506878458397,9.751744782537804,11.3307425539467,12.018754280891267,9.362824792560316,8.722333809188338,8.877859088895798,11.474034631094613
10.004264931664904,7.932710107055896,7.978541489515581,7.784317311373117,10.5475673423528,9.918841562404168,12.326763300475836,12.350978532565291,9.5371916133394,7.689349070300568,9.059188930104279,11.971947615596381
8.362921417821859,6.825554360329481,7.946100955521251,9.091285532266502,11.564476895173076,9.715456663325341,9.611122415739043,10.661952519550269,8.98176210559593,8.540800831965544,8.948733448880189,9.953352166908608
11.85476710977253,8.764805763648573,7.940318661411169,8.928281307315553,10.076718893550263,11.187352839404324,12.087437466248963,13.381163501460353,9.161685064173353,8.429742245403489,9.092182702601313,11.062458013462978
11.06751207426779,7.852360917708873,7.962778237273017,7.176471228504007,9.874507632500915,10.000736671809452,12.342579405237235,11.646778925818468,9.308070510392476,7.919113089964638,9.031763648839991,11.467583126895093
